"URL","Page Type","Primary Keyword","Search Intent","Secondary Keywords","Target Locality","Target Property Type / Budget","Canonical URL","Index Decision","Final Title","Final Meta Description","Final H1","Supporting H2s","Primary Conversion Action","Parent Hub","Recommended Internal Links","Non-Competing Pages","Schema Types","Evidence Links","QA Status","Reviewer / Date"
"https://www.chennairents.in/","Homepage Hub","chennai rents","Commercial Investigation","flats for rent in chennai; house for rent in chennai without broker; chennai rental guide; chennai rent rates 2026","Chennai (City-wide)","All Residential","https://www.chennairents.in/","Index, Follow","Chennai Rents: Locality-First Rental Guide for Chennai","Explore real rent rates, water reality, flood history, crowdsourced rental map, and verified direct owner listings in Chennai. Honest locality guides with zero broker fees.","Renting in Chennai: Locality by Locality","Direct Connection Between Tenants & Property Owners | Explore Chennai Localities & Practical Guides | Chennai Locality Rental & Ground Reality Matrix | How Locality Rental Data is Verified | Direct Rentals Across Chennai","Search Locality Rental Guides","https://www.chennairents.in","https://www.chennairents.in; https://www.chennairents.in/chennai/rentals","Root domain authority hub","WebPage, BreadcrumbList","GCC, CMWSSB, CMRL, Ground-truth local audit","Pass / Verified","SEO QA Lead / 2026-10-05"
"https://www.chennairents.in/about","Policy / Trust / Legal","about","Informational","chennai rents about","Chennai (City-wide)","All Residential","https://www.chennairents.in/about","Index, Follow","About Chennai Rents: Why We Built an Honest Rental Guide","Learn why Chennai Rents was founded: to replace spammy listing portals with honest locality rental intelligence and verified listings in Chennai.","Why We Started Chennai Rents","What We Do Instead","Review Legal Policies & Editorial Standards","https://www.chennairents.in","https://www.chennairents.in; https://www.chennairents.in/chennai/rentals","Site governance, compliance, and author transparency","WebPage, BreadcrumbList","Platform Terms, Privacy Compliance, Editorial Policy","Pass / Verified","SEO QA Lead / 2026-10-05"
"https://www.chennairents.in/methodology","Policy / Trust / Legal","methodology","Informational","chennai rents methodology","Chennai (City-wide)","All Residential","https://www.chennairents.in/methodology","Index, Follow","Research Methodology & Data Verification | Chennai Rents","How Chennai Rents collects empirical rental rates, evaluates ground-level water resilience, and verifies direct owner listings in Chennai.","Our Research & Data Methodology","1. How We Collect and Calculate Rental Rates | 2. Water Supply Reality Scoring (1 to 10 Scale) | 3. Flood Risk & Monsoon Waterlogging Assessment | 4. Quarterly Fact-Checking & Review Schedule","Review Legal Policies & Editorial Standards","https://www.chennairents.in","https://www.chennairents.in; https://www.chennairents.in/chennai/rentals","Site governance, compliance, and author transparency","WebPage, BreadcrumbList","Platform Terms, Privacy Compliance, Editorial Policy","Pass / Verified","SEO QA Lead / 2026-10-05"
"https://www.chennairents.in/verification","General","verification","Informational","chennai rents verification","Chennai (City-wide)","All Residential","https://www.chennairents.in/verification","Index, Follow","Listing Verification Policy & Anti-Fraud Standards | Chennai Rents","Chennai Rents 4-step verification framework: owner property tax and EB bill matching, zero fake listings, and reporting mechanisms.","Listing Verification Standards","The 4-Step Chennai Rents Verification Protocol | Crucial Advisory: Never Transfer Token Advance Before Physical Inspection | How to Report a Suspicious Listing","Browse Verified Listings","https://www.chennairents.in","https://www.chennairents.in; https://www.chennairents.in/chennai/rentals","Distinct search query targeting","WebPage, BreadcrumbList","GCC, CMWSSB, CMRL, Ground-truth local audit","Pass / Verified","SEO QA Lead / 2026-10-05"
"https://www.chennairents.in/corrections","Policy / Trust / Legal","corrections","Informational","chennai rents corrections","Chennai (City-wide)","All Residential","https://www.chennairents.in/corrections","Index, Follow","Editorial Corrections & Fact-Checking Policy | Chennai Rents","Chennai Rents policy for editorial corrections, empirical data updates, and 48-hour revision turnarounds.","Corrections & Fact-Checking Policy","Our Fact-Checking Commitment | How to Submit a Correction | Public Corrections & Revision Log","Review Legal Policies & Editorial Standards","https://www.chennairents.in","https://www.chennairents.in; https://www.chennairents.in/chennai/rentals","Site governance, compliance, and author transparency","WebPage, BreadcrumbList","Platform Terms, Privacy Compliance, Editorial Policy","Pass / Verified","SEO QA Lead / 2026-10-05"
"https://www.chennairents.in/contact","Policy / Trust / Legal","contact","Informational","chennai rents contact","Chennai (City-wide)","All Residential","https://www.chennairents.in/contact","Index, Follow","Contact Editorial & Trust Desk | Chennai Rents","Reach the Chennai Rents editorial desk, submit locality research corrections, or report listing fraud directly.","Contact Chennai Rents","Editorial Desk | Trust & Verification | Location | Operating Hours","Review Legal Policies & Editorial Standards","https://www.chennairents.in","https://www.chennairents.in; https://www.chennairents.in/chennai/rentals","Site governance, compliance, and author transparency","WebPage, BreadcrumbList","Platform Terms, Privacy Compliance, Editorial Policy","Pass / Verified","SEO QA Lead / 2026-10-05"
"https://www.chennairents.in/privacy","Policy / Trust / Legal","privacy","Informational","chennai rents privacy","Chennai (City-wide)","All Residential","https://www.chennairents.in/privacy","Index, Follow","Privacy Policy | Chennai Rents","Privacy policy and data governance practices of Chennai Rents under the Digital Personal Data Protection Act 2023.","Privacy Policy","1. Information We Collect | 2. How We Use and Protect Your Data | 3. Cookies and Local Storage | 4. Your Right to Erasure & Data Deletion","Review Legal Policies & Editorial Standards","https://www.chennairents.in","https://www.chennairents.in; https://www.chennairents.in/chennai/rentals","Site governance, compliance, and author transparency","WebPage, BreadcrumbList","Platform Terms, Privacy Compliance, Editorial Policy","Pass / Verified","SEO QA Lead / 2026-10-05"
"https://www.chennairents.in/data-deletion","Policy / Trust / Legal","data deletion","Informational","chennai rents data deletion","Chennai (City-wide)","All Residential","https://www.chennairents.in/data-deletion","Index, Follow","Data Deletion & Listing Removal Request | Chennai Rents","Submit a request to delete your personal data or remove a verified property listing from Chennai Rents.","Data Deletion & Listing Removal","Rental Overview | Pricing & Connectivity | Verified Listings","Review Legal Policies & Editorial Standards","https://www.chennairents.in","https://www.chennairents.in; https://www.chennairents.in/chennai/rentals","Site governance, compliance, and author transparency","WebPage, BreadcrumbList","Platform Terms, Privacy Compliance, Editorial Policy","Pass / Verified","SEO QA Lead / 2026-10-05"
"https://www.chennairents.in/listings","General","listings","Informational","chennai rents listings","Chennai (City-wide)","All Residential","https://www.chennairents.in/listings","Index, Follow","chennairents.in: Chennai Crowdsourced Rental Transparency Map","An anonymous, crowdsourced rental transparency registry for Chennai. Real tenant reports pinned on the map, direct owner listings with no broker fees, and daily rent alert matching. 100% free.","chennairents.in - Chennai Crowdsourced Rent Map & Rental Transparency Registry","Explore Chennai Rental Markets by Locality | Renter & Owner Guides | Data Stories & Rent Trends | Legal & Support | Frequently Asked Questions about Renting in Chennai","Browse Verified Listings","https://www.chennairents.in","https://www.chennairents.in; https://www.chennairents.in/chennai/rentals","Distinct search query targeting","FAQPage, Organization","GCC, CMWSSB, CMRL, Ground-truth local audit","Pass / Verified","SEO QA Lead / 2026-10-05"
"https://www.chennairents.in/chennai/rentals","City BHK / Category Hub","rentals chennai","Commercial Investigation","rent all residential rentals chennai; all residential rentals rates chennai; verified all residential rentals without broker","Chennai (City-wide)","All Residential Rentals","https://www.chennairents.in/chennai/rentals","Index, Follow","Flats & Houses for Rent in Chennai | Chennai Rents","Find flats, houses, and PG for rent in Chennai. Explore locality-by-locality rent guides, real rent rates, water reports, and flood history. Verified direct listings.","Flats & Houses for Rent in Chennai","Browse by Property Type | South Chennai10 localities | Central Chennai3 localities | West Chennai2 localities | ECR / OMR Corridor1 localities","Browse Neighborhood Options","https://www.chennairents.in","https://www.chennairents.in; https://www.chennairents.in/chennai/rentals","Distinct search query targeting","BreadcrumbList","GCC, CMWSSB, CMRL, Ground-truth local audit","Pass / Verified","SEO QA Lead / 2026-10-05"
"https://www.chennairents.in/chennai/1-bhk-for-rent","City BHK / Category Hub","1 bhk for rent chennai","Commercial Investigation","rent 1 bhk flats chennai; 1 bhk flats rates chennai; verified 1 bhk flats without broker","Chennai (City-wide)","1 BHK Flats","https://www.chennairents.in/chennai/1-bhk-for-rent","Index, Follow","1 BHK Flats for Rent in Chennai | Chennai Rents","Browse 1 BHK flats and apartments for rent in Chennai. Honest rent rates across all localities, water supply ratings, and direct owner listings.","1 BHK Flats for Rent in Chennai","Browse by Property Type | South Chennai10 localities | Central Chennai3 localities | West Chennai2 localities | ECR / OMR Corridor1 localities","Browse Neighborhood Options","https://www.chennairents.in","https://www.chennairents.in; https://www.chennairents.in/chennai/rentals","Distinct search query targeting","BreadcrumbList, FAQPage","GCC, CMWSSB, CMRL, Ground-truth local audit","Pass / Verified","SEO QA Lead / 2026-10-05"
"https://www.chennairents.in/chennai/2-bhk-for-rent","City BHK / Category Hub","2 bhk for rent chennai","Commercial Investigation","rent 2 bhk flats chennai; 2 bhk flats rates chennai; verified 2 bhk flats without broker","Chennai (City-wide)","2 BHK Flats","https://www.chennairents.in/chennai/2-bhk-for-rent","Index, Follow","2 BHK Flats for Rent in Chennai | Chennai Rents","Browse 2 BHK flats and apartments for rent in Chennai. Honest rent rates across all localities, water supply ratings, and direct owner listings.","2 BHK Flats for Rent in Chennai","Browse by Property Type | South Chennai10 localities | Central Chennai3 localities | West Chennai2 localities | ECR / OMR Corridor1 localities","Browse Neighborhood Options","https://www.chennairents.in","https://www.chennairents.in; https://www.chennairents.in/chennai/rentals","Distinct search query targeting","BreadcrumbList, FAQPage","GCC, CMWSSB, CMRL, Ground-truth local audit","Pass / Verified","SEO QA Lead / 2026-10-05"
"https://www.chennairents.in/chennai/3-bhk-for-rent","City BHK / Category Hub","3 bhk for rent chennai","Commercial Investigation","rent 3 bhk flats chennai; 3 bhk flats rates chennai; verified 3 bhk flats without broker","Chennai (City-wide)","3 BHK Flats","https://www.chennairents.in/chennai/3-bhk-for-rent","Index, Follow","3 BHK Flats for Rent in Chennai | Chennai Rents","Browse 3 BHK flats and apartments for rent in Chennai. Honest rent rates across all localities, water supply ratings, and direct owner listings.","3 BHK Flats for Rent in Chennai","Browse by Property Type | South Chennai10 localities | Central Chennai3 localities | West Chennai2 localities | ECR / OMR Corridor1 localities","Browse Neighborhood Options","https://www.chennairents.in","https://www.chennairents.in; https://www.chennairents.in/chennai/rentals","Distinct search query targeting","BreadcrumbList, FAQPage","GCC, CMWSSB, CMRL, Ground-truth local audit","Pass / Verified","SEO QA Lead / 2026-10-05"
"https://www.chennairents.in/chennai/pg","City BHK / Category Hub","pg chennai","Commercial Investigation","rent paying guest (pg) chennai; paying guest (pg) rates chennai; verified paying guest (pg) without broker","Chennai (City-wide)","Paying Guest (PG)","https://www.chennairents.in/chennai/pg","Index, Follow","PG & Hostel for Rent in Chennai | Chennai Rents","Find PG accommodations and paying guest rooms in Chennai. Locality-by-locality rent ranges, food, amenities, and connectivity.","PG & Co-Living Accommodation in Chennai","Browse by Property Type | South Chennai10 localities | Central Chennai3 localities | West Chennai2 localities | ECR / OMR Corridor1 localities","Browse Neighborhood Options","https://www.chennairents.in","https://www.chennairents.in; https://www.chennairents.in/chennai/rentals","Distinct search query targeting","BreadcrumbList, FAQPage","GCC, CMWSSB, CMRL, Ground-truth local audit","Pass / Verified","SEO QA Lead / 2026-10-05"
"https://www.chennairents.in/house-for-rent-in-chennai","General","house for rent in chennai","Informational","chennai rents house for rent in chennai","Chennai (City-wide)","All Residential","https://www.chennairents.in/house-for-rent-in-chennai","Index, Follow","Houses for Rent in Chennai: Locality, Budget & BHK Guide | Chennai Rents","Find houses for rent in Chennai. Practical guide covering 1-3 BHK flats, independent houses, budgets from ₹5,000 to ₹30,000+, water checks, and no-broker owner listings.","Houses for Rent in Chennai: Find by BHK, Budget and Locality","House Rentals in Chennai by Budget | House Rentals in Chennai by BHK Type | Rentals for Families, Bachelors & Shared Living | Explore Chennai Rental Localities | How to Rent Without Brokers in Chennai","Browse Verified Listings","https://www.chennairents.in","https://www.chennairents.in; https://www.chennairents.in/chennai/rentals","Distinct search query targeting","Article, BreadcrumbList, FAQPage","GCC, CMWSSB, CMRL, Ground-truth local audit","Pass / Verified","SEO QA Lead / 2026-10-05"
"https://www.chennairents.in/author/vijayrajkumar","Author Profile (E-E-A-T)","vijayrajkumar","Informational","chennai rents vijayrajkumar","Chennai (City-wide)","All Residential","https://www.chennairents.in/author/vijayrajkumar","Index, Follow","R Vijayrajkumar: Founder & Lead Editor | Chennai Rents","Author profile of R Vijayrajkumar, Founder and Lead Editorial Reviewer of Chennai Rents.","R Vijayrajkumar","Editorial Standards & Data Methodology","Verify Local Rental Editorial Expertise","https://www.chennairents.in/about","https://www.chennairents.in/about; https://www.chennairents.in/chennai/rentals","Author entity and local domain credentials","Person","Chennai Real Estate Experience, Field Research","Pass / Verified","SEO QA Lead / 2026-10-05"
"https://www.chennairents.in/house-rent-in-chennai","General","house rent in chennai","Informational","chennai rents house rent in chennai","Chennai (City-wide)","All Residential","https://www.chennairents.in/house-rent-in-chennai","Index, Follow","House Rent in Chennai: Verified Rates, Localities & Budgets | Chennai Rents","Find verified house rent in Chennai across all budgets. Explore 1-3 BHK flats, independent houses, realistic locality rents, water ratings, and direct owner connections.","House Rent in Chennai: Verified Rates, Localities & Budgets","House Rentals in Chennai by Budget | House Rentals in Chennai by BHK Type | Rentals for Families, Bachelors & Shared Living | Explore Chennai Rental Localities | How to Rent Without Brokers in Chennai","Browse Verified Listings","https://www.chennairents.in","https://www.chennairents.in; https://www.chennairents.in/chennai/rentals","Distinct search query targeting","Article, BreadcrumbList, FAQPage","GCC, CMWSSB, CMRL, Ground-truth local audit","Pass / Verified","SEO QA Lead / 2026-10-05"
"https://www.chennairents.in/1-bhk-house-for-rent-in-chennai","General","1 bhk house for rent in chennai","Informational","chennai rents 1 bhk house for rent in chennai","Chennai (City-wide)","All Residential","https://www.chennairents.in/1-bhk-house-for-rent-in-chennai","Index, Follow","1 BHK Houses for Rent in Chennai: Prices & Localities | Chennai Rents","Explore verified 1 BHK houses and flats for rent in Chennai. Typical rent benchmarks, bachelor vs family suitability, water reality, and top localities.","1 BHK Houses for Rent in Chennai","House Rentals in Chennai by Budget | House Rentals in Chennai by BHK Type | Rentals for Families, Bachelors & Shared Living | Explore Chennai Rental Localities | How to Rent Without Brokers in Chennai","Browse Verified Listings","https://www.chennairents.in","https://www.chennairents.in; https://www.chennairents.in/chennai/rentals","Distinct search query targeting","Article, BreadcrumbList, FAQPage","GCC, CMWSSB, CMRL, Ground-truth local audit","Pass / Verified","SEO QA Lead / 2026-10-05"
"https://www.chennairents.in/2-bhk-house-for-rent-in-chennai","General","2 bhk house for rent in chennai","Informational","chennai rents 2 bhk house for rent in chennai","Chennai (City-wide)","All Residential","https://www.chennairents.in/2-bhk-house-for-rent-in-chennai","Index, Follow","2 BHK Houses for Rent in Chennai: Rates & Top Neighborhoods | Chennai Rents","Find 2 BHK apartments and independent houses for rent in Chennai. Neighborhood price comparisons, parking norms, and verified direct owner listings.","2 BHK Houses for Rent in Chennai","House Rentals in Chennai by Budget | House Rentals in Chennai by BHK Type | Rentals for Families, Bachelors & Shared Living | Explore Chennai Rental Localities | How to Rent Without Brokers in Chennai","Browse Verified Listings","https://www.chennairents.in","https://www.chennairents.in; https://www.chennairents.in/chennai/rentals","Distinct search query targeting","Article, BreadcrumbList, FAQPage","GCC, CMWSSB, CMRL, Ground-truth local audit","Pass / Verified","SEO QA Lead / 2026-10-05"
"https://www.chennairents.in/3-bhk-house-for-rent-in-chennai","General","3 bhk house for rent in chennai","Informational","chennai rents 3 bhk house for rent in chennai","Chennai (City-wide)","All Residential","https://www.chennairents.in/3-bhk-house-for-rent-in-chennai","Index, Follow","3 BHK Houses for Rent in Chennai: Luxury, Gated & Family Flats | Chennai Rents","Find 3 BHK flats and spacious houses for rent in Chennai. Gated community amenities, parking spaces, and verified direct owner listings across top localities.","3 BHK Houses for Rent in Chennai","House Rentals in Chennai by Budget | House Rentals in Chennai by BHK Type | Rentals for Families, Bachelors & Shared Living | Explore Chennai Rental Localities | How to Rent Without Brokers in Chennai","Browse Verified Listings","https://www.chennairents.in","https://www.chennairents.in; https://www.chennairents.in/chennai/rentals","Distinct search query targeting","Article, BreadcrumbList, FAQPage","GCC, CMWSSB, CMRL, Ground-truth local audit","Pass / Verified","SEO QA Lead / 2026-10-05"
"https://www.chennairents.in/independent-house-for-rent-in-chennai","General","independent house for rent in chennai","Informational","chennai rents independent house for rent in chennai","Chennai (City-wide)","All Residential","https://www.chennairents.in/independent-house-for-rent-in-chennai","Index, Follow","Independent Houses for Rent in Chennai: Standalone Homes & Portions | Chennai Rents","Discover independent houses and private floor portions for rent in Chennai. Enjoy private parking, terrace access, and zero monthly apartment maintenance fees.","Independent Houses for Rent in Chennai","House Rentals in Chennai by Budget | House Rentals in Chennai by BHK Type | Rentals for Families, Bachelors & Shared Living | Explore Chennai Rental Localities | How to Rent Without Brokers in Chennai","Browse Verified Listings","https://www.chennairents.in","https://www.chennairents.in; https://www.chennairents.in/chennai/rentals","Distinct search query targeting","Article, BreadcrumbList, FAQPage","GCC, CMWSSB, CMRL, Ground-truth local audit","Pass / Verified","SEO QA Lead / 2026-10-05"
"https://www.chennairents.in/house-for-rent-in-chennai-under-10000","General","house for rent in chennai under 10000","Informational","chennai rents house for rent in chennai under 10000","Chennai (City-wide)","All Residential","https://www.chennairents.in/house-for-rent-in-chennai-under-10000","Index, Follow","House for Rent in Chennai Below 10000: Real Options & Localities | Chennai Rents","Looking for a rental house in Chennai under ₹10,000? Check realistic 1 BHK portions and compact flats in Porur, Medavakkam, Chromepet, and suburban belts.","House for Rent in Chennai Below ₹10,000","House Rentals in Chennai by Budget | House Rentals in Chennai by BHK Type | Rentals for Families, Bachelors & Shared Living | Explore Chennai Rental Localities | How to Rent Without Brokers in Chennai","Browse Verified Listings","https://www.chennairents.in","https://www.chennairents.in; https://www.chennairents.in/chennai/rentals","Distinct search query targeting","Article, BreadcrumbList, FAQPage","GCC, CMWSSB, CMRL, Ground-truth local audit","Pass / Verified","SEO QA Lead / 2026-10-05"
"https://www.chennairents.in/house-for-rent-in-chennai-under-7000","General","house for rent in chennai under 7000","Informational","chennai rents house for rent in chennai under 7000","Chennai (City-wide)","All Residential","https://www.chennairents.in/house-for-rent-in-chennai-under-7000","Index, Follow","House for Rent in Chennai Below 7000: Budget Rental Guide | Chennai Rents","Realistic guide to finding homes in Chennai under ₹7,000. Compact 1 RKs, student rooms, and suburban independent portions with transparent utility checks.","House for Rent in Chennai Below ₹7,000","House Rentals in Chennai by Budget | House Rentals in Chennai by BHK Type | Rentals for Families, Bachelors & Shared Living | Explore Chennai Rental Localities | How to Rent Without Brokers in Chennai","Browse Verified Listings","https://www.chennairents.in","https://www.chennairents.in; https://www.chennairents.in/chennai/rentals","Distinct search query targeting","Article, BreadcrumbList, FAQPage","GCC, CMWSSB, CMRL, Ground-truth local audit","Pass / Verified","SEO QA Lead / 2026-10-05"
"https://www.chennairents.in/house-for-rent-in-chennai-under-5000","General","house for rent in chennai under 5000","Informational","chennai rents house for rent in chennai under 5000","Chennai (City-wide)","All Residential","https://www.chennairents.in/house-for-rent-in-chennai-under-5000","Index, Follow","Rent House in Chennai Below 5000: Honest Suburban & Room Guide | Chennai Rents","Honest facts about renting in Chennai below ₹5,000. Shared rooms, bachelor PGs, and suburban portions in Avadi, Guduvanchery, and outer transit rings.","House for Rent in Chennai Below ₹5,000","House Rentals in Chennai by Budget | House Rentals in Chennai by BHK Type | Rentals for Families, Bachelors & Shared Living | Explore Chennai Rental Localities | How to Rent Without Brokers in Chennai","Browse Verified Listings","https://www.chennairents.in","https://www.chennairents.in; https://www.chennairents.in/chennai/rentals","Distinct search query targeting","Article, BreadcrumbList, FAQPage","GCC, CMWSSB, CMRL, Ground-truth local audit","Pass / Verified","SEO QA Lead / 2026-10-05"
"https://www.chennairents.in/individual-house-for-rent-in-chennai-under-8000","General","individual house for rent in chennai under 8000","Informational","chennai rents individual house for rent in chennai under 8000","Chennai (City-wide)","All Residential","https://www.chennairents.in/individual-house-for-rent-in-chennai-under-8000","Index, Follow","Individual House for Rent in Chennai Below 8000 | Chennai Rents","Find affordable individual house portions for rent in Chennai under ₹8,000. Ground floor portions, terrace rooms, and quiet residential cross-streets.","Individual House for Rent in Chennai Below ₹8,000","House Rentals in Chennai by Budget | House Rentals in Chennai by BHK Type | Rentals for Families, Bachelors & Shared Living | Explore Chennai Rental Localities | How to Rent Without Brokers in Chennai","Browse Verified Listings","https://www.chennairents.in","https://www.chennairents.in; https://www.chennairents.in/chennai/rentals","Distinct search query targeting","Article, BreadcrumbList, FAQPage","GCC, CMWSSB, CMRL, Ground-truth local audit","Pass / Verified","SEO QA Lead / 2026-10-05"
"https://www.chennairents.in/house-for-rent-in-chennai-without-brokers","General","house for rent in chennai without brokers","Informational","chennai rents house for rent in chennai without brokers","Chennai (City-wide)","All Residential","https://www.chennairents.in/house-for-rent-in-chennai-without-brokers","Index, Follow","House for Rent in Chennai Without Brokers: 100% Direct Owner Homes | Chennai Rents","Skip real estate agent commissions. How to connect directly with genuine Chennai home owners, verify documents, and negotiate rental advances safely.","House for Rent in Chennai Without Brokers","House Rentals in Chennai by Budget | House Rentals in Chennai by BHK Type | Rentals for Families, Bachelors & Shared Living | Explore Chennai Rental Localities | How to Rent Without Brokers in Chennai","Browse Verified Listings","https://www.chennairents.in","https://www.chennairents.in; https://www.chennairents.in/chennai/rentals","Distinct search query targeting","Article, BreadcrumbList, FAQPage","GCC, CMWSSB, CMRL, Ground-truth local audit","Pass / Verified","SEO QA Lead / 2026-10-05"
"https://www.chennairents.in/bachelor-rentals-in-chennai","General","bachelor rentals in chennai","Informational","chennai rents bachelor rentals in chennai","Chennai (City-wide)","All Residential","https://www.chennairents.in/bachelor-rentals-in-chennai","Index, Follow","Bachelor House for Rent in Chennai: Welcoming Flats & Rooms | Chennai Rents","Find bachelor-friendly rental homes in Chennai. Avoid society restrictions with verified flats, shared apartments, and independent portions near IT parks.","Bachelor House for Rent in Chennai","House Rentals in Chennai by Budget | House Rentals in Chennai by BHK Type | Rentals for Families, Bachelors & Shared Living | Explore Chennai Rental Localities | How to Rent Without Brokers in Chennai","Browse Verified Listings","https://www.chennairents.in","https://www.chennairents.in; https://www.chennairents.in/chennai/rentals","Distinct search query targeting","Article, BreadcrumbList, FAQPage","GCC, CMWSSB, CMRL, Ground-truth local audit","Pass / Verified","SEO QA Lead / 2026-10-05"
"https://www.chennairents.in/family-houses-for-rent-in-chennai","General","family houses for rent in chennai","Informational","chennai rents family houses for rent in chennai","Chennai (City-wide)","All Residential","https://www.chennairents.in/family-houses-for-rent-in-chennai","Index, Follow","Family Houses for Rent in Chennai: Peaceful & Secure Residential Flats | Chennai Rents","Peaceful residential homes for families in Chennai. Focus on top schools, 24/7 security, metro water supply, car parking, and active community welfare.","Family Houses for Rent in Chennai","House Rentals in Chennai by Budget | House Rentals in Chennai by BHK Type | Rentals for Families, Bachelors & Shared Living | Explore Chennai Rental Localities | How to Rent Without Brokers in Chennai","Browse Verified Listings","https://www.chennairents.in","https://www.chennairents.in; https://www.chennairents.in/chennai/rentals","Distinct search query targeting","Article, BreadcrumbList, FAQPage","GCC, CMWSSB, CMRL, Ground-truth local audit","Pass / Verified","SEO QA Lead / 2026-10-05"
"https://www.chennairents.in/co-living-in-chennai","General","co living in chennai","Informational","chennai rents co living in chennai","Chennai (City-wide)","All Residential","https://www.chennairents.in/co-living-in-chennai","Index, Follow","Co-Living Spaces in Chennai: Fully Furnished Rooms & Low Deposit | Chennai Rents","Compare co-living spaces and premium PGs in Chennai. Fully furnished rooms with Wi-Fi, food, housekeeping, and minimal 1–2 month security advance.","Co-Living Spaces in Chennai","House Rentals in Chennai by Budget | House Rentals in Chennai by BHK Type | Rentals for Families, Bachelors & Shared Living | Explore Chennai Rental Localities | How to Rent Without Brokers in Chennai","Browse Verified Listings","https://www.chennairents.in","https://www.chennairents.in; https://www.chennairents.in/chennai/rentals","Distinct search query targeting","Article, BreadcrumbList, FAQPage","GCC, CMWSSB, CMRL, Ground-truth local audit","Pass / Verified","SEO QA Lead / 2026-10-05"
"https://www.chennairents.in/house-for-rent-in-anna-nagar-chennai","General","house for rent in anna nagar chennai","Informational","chennai rents house for rent in anna nagar chennai","Chennai (City-wide)","All Residential","https://www.chennairents.in/house-for-rent-in-anna-nagar-chennai","Index, Follow","House for Rent in Anna Nagar, Chennai: Premium West Hub Rentals | Chennai Rents","Explore rental houses in Anna Nagar, Chennai. Tree-lined avenues, excellent Metro connectivity, top schools, and premium 2 & 3 BHK apartments.","House for Rent in Anna Nagar, Chennai","House Rentals in Chennai by Budget | House Rentals in Chennai by BHK Type | Rentals for Families, Bachelors & Shared Living | Explore Chennai Rental Localities | How to Rent Without Brokers in Chennai","Browse Verified Listings","https://www.chennairents.in","https://www.chennairents.in; https://www.chennairents.in/chennai/rentals","Distinct search query targeting","Article, BreadcrumbList, FAQPage","GCC, CMWSSB, CMRL, Ground-truth local audit","Pass / Verified","SEO QA Lead / 2026-10-05"
"https://www.chennairents.in/house-for-rent-in-porur-chennai","General","house for rent in porur chennai","Informational","chennai rents house for rent in porur chennai","Chennai (City-wide)","All Residential","https://www.chennairents.in/house-for-rent-in-porur-chennai","Index, Follow","House for Rent in Porur, Chennai: DLF IT Park Hub & West Living | Chennai Rents","Find houses for rent in Porur, Chennai. 5-minute access to DLF Cybercity and L&T Infotech, affordable 1-3 BHK flats, and upcoming Metro line.","House for Rent in Porur, Chennai","House Rentals in Chennai by Budget | House Rentals in Chennai by BHK Type | Rentals for Families, Bachelors & Shared Living | Explore Chennai Rental Localities | How to Rent Without Brokers in Chennai","Browse Verified Listings","https://www.chennairents.in","https://www.chennairents.in; https://www.chennairents.in/chennai/rentals","Distinct search query targeting","Article, BreadcrumbList, FAQPage","GCC, CMWSSB, CMRL, Ground-truth local audit","Pass / Verified","SEO QA Lead / 2026-10-05"
"https://www.chennairents.in/house-for-rent-in-t-nagar-chennai","General","house for rent in t nagar chennai","Informational","chennai rents house for rent in t nagar chennai","Chennai (City-wide)","All Residential","https://www.chennairents.in/house-for-rent-in-t-nagar-chennai","Index, Follow","House for Rent in T. Nagar, Chennai: Central Shopping Hub Rentals | Chennai Rents","Find houses for rent in T. Nagar, Chennai. Central connectivity, suburban trains at Mambalam, and quiet residential cross-streets behind Usman Road.","House for Rent in T. Nagar, Chennai","House Rentals in Chennai by Budget | House Rentals in Chennai by BHK Type | Rentals for Families, Bachelors & Shared Living | Explore Chennai Rental Localities | How to Rent Without Brokers in Chennai","Browse Verified Listings","https://www.chennairents.in","https://www.chennairents.in; https://www.chennairents.in/chennai/rentals","Distinct search query targeting","Article, BreadcrumbList, FAQPage","GCC, CMWSSB, CMRL, Ground-truth local audit","Pass / Verified","SEO QA Lead / 2026-10-05"
"https://www.chennairents.in/chennai/velachery","Locality Core Hub","flats for rent in velachery","Commercial Investigation","apartments for rent in velachery; house for rent in velachery; rent in velachery without broker; velachery rent rates 2026","Velachery","All Residential","https://www.chennairents.in/chennai/velachery","Index, Follow","Flats for Rent in Velachery, Chennai | Chennai Rents","Find flats for rent in Velachery, Chennai. Real rent rates, water reports, flood check, owner contact. No brokerage.","Flats for Rent in Velachery, Chennai","Quick Facts: Velachery Rental Profile | About Renting in Velachery | Rental Rates in Velachery | Water Reality & Utilities | Flood & Monsoon Screening","View Locality Rent Rates & Listings","https://www.chennairents.in/chennai/rentals","https://www.chennairents.in/chennai/rentals; https://www.chennairents.in/chennai/rentals","Aggregates all sub-typologies for Velachery","Article, BreadcrumbList, FAQPage","GCC, CMWSSB, CMRL, Ground-truth local audit","Pass / Verified","SEO QA Lead / 2026-10-05"
"https://www.chennairents.in/chennai/taramani","Locality Core Hub","flats for rent in taramani","Commercial Investigation","apartments for rent in taramani; house for rent in taramani; rent in taramani without broker; taramani rent rates 2026","Taramani","All Residential","https://www.chennairents.in/chennai/taramani","Index, Follow","Flats for Rent in Taramani, Chennai | Chennai Rents","Find flats for rent in Taramani, Chennai. Real rent rates, water reports, flood check, owner contact. No brokerage.","Flats for Rent in Taramani, Chennai","Quick Facts: Taramani Rental Profile | About Renting in Taramani | Rental Rates in Taramani | Water Reality & Utilities | Flood & Monsoon Screening","View Locality Rent Rates & Listings","https://www.chennairents.in/chennai/rentals","https://www.chennairents.in/chennai/rentals; https://www.chennairents.in/chennai/rentals","Aggregates all sub-typologies for Taramani","Article, BreadcrumbList, FAQPage","GCC, CMWSSB, CMRL, Ground-truth local audit","Pass / Verified","SEO QA Lead / 2026-10-05"
"https://www.chennairents.in/chennai/sholinganallur","Locality Core Hub","flats for rent in sholinganallur","Commercial Investigation","apartments for rent in sholinganallur; house for rent in sholinganallur; rent in sholinganallur without broker; sholinganallur rent rates 2026","Sholinganallur","All Residential","https://www.chennairents.in/chennai/sholinganallur","Index, Follow","Flats for Rent in Sholinganallur, Chennai | Chennai Rents","Find flats for rent in Sholinganallur, Chennai. Real rent rates, water reports, flood check, owner contact. No brokerage.","Flats for Rent in Sholinganallur, Chennai","Quick Facts: Sholinganallur Rental Profile | About Renting in Sholinganallur | Rental Rates in Sholinganallur | Water Reality & Utilities | Flood & Monsoon Screening","View Locality Rent Rates & Listings","https://www.chennairents.in/chennai/rentals","https://www.chennairents.in/chennai/rentals; https://www.chennairents.in/chennai/rentals","Aggregates all sub-typologies for Sholinganallur","Article, BreadcrumbList, FAQPage","GCC, CMWSSB, CMRL, Ground-truth local audit","Pass / Verified","SEO QA Lead / 2026-10-05"
"https://www.chennairents.in/chennai/thoraipakkam","Locality Core Hub","flats for rent in thoraipakkam","Commercial Investigation","apartments for rent in thoraipakkam; house for rent in thoraipakkam; rent in thoraipakkam without broker; thoraipakkam rent rates 2026","Thoraipakkam","All Residential","https://www.chennairents.in/chennai/thoraipakkam","Index, Follow","Flats for Rent in Thoraipakkam, Chennai | Chennai Rents","Find flats for rent in Thoraipakkam, Chennai. Real rent rates, water reports, flood check, owner contact. No brokerage.","Flats for Rent in Thoraipakkam, Chennai","Quick Facts: Thoraipakkam Rental Profile | About Renting in Thoraipakkam | Rental Rates in Thoraipakkam | Water Reality & Utilities | Flood & Monsoon Screening","View Locality Rent Rates & Listings","https://www.chennairents.in/chennai/rentals","https://www.chennairents.in/chennai/rentals; https://www.chennairents.in/chennai/rentals","Aggregates all sub-typologies for Thoraipakkam","Article, BreadcrumbList, FAQPage","GCC, CMWSSB, CMRL, Ground-truth local audit","Pass / Verified","SEO QA Lead / 2026-10-05"
"https://www.chennairents.in/chennai/perungudi","Locality Core Hub","flats for rent in perungudi","Commercial Investigation","apartments for rent in perungudi; house for rent in perungudi; rent in perungudi without broker; perungudi rent rates 2026","Perungudi","All Residential","https://www.chennairents.in/chennai/perungudi","Index, Follow","Flats for Rent in Perungudi, Chennai | Chennai Rents","Find flats for rent in Perungudi, Chennai. Real rent rates, water reports, flood check, owner contact. No brokerage.","Flats for Rent in Perungudi, Chennai","Quick Facts: Perungudi Rental Profile | About Renting in Perungudi | Rental Rates in Perungudi | Water Reality & Utilities | Flood & Monsoon Screening","View Locality Rent Rates & Listings","https://www.chennairents.in/chennai/rentals","https://www.chennairents.in/chennai/rentals; https://www.chennairents.in/chennai/rentals","Aggregates all sub-typologies for Perungudi","Article, BreadcrumbList, FAQPage","GCC, CMWSSB, CMRL, Ground-truth local audit","Pass / Verified","SEO QA Lead / 2026-10-05"
"https://www.chennairents.in/chennai/adyar","Locality Core Hub","flats for rent in adyar","Commercial Investigation","apartments for rent in adyar; house for rent in adyar; rent in adyar without broker; adyar rent rates 2026","Adyar","All Residential","https://www.chennairents.in/chennai/adyar","Index, Follow","Flats for Rent in Adyar, Chennai | Chennai Rents","Find flats for rent in Adyar, Chennai. Real rent rates, water reports, flood check, owner contact. No brokerage.","Flats for Rent in Adyar, Chennai","Quick Facts: Adyar Rental Profile | About Renting in Adyar | Rental Rates in Adyar | Water Reality & Utilities | Flood & Monsoon Screening","View Locality Rent Rates & Listings","https://www.chennairents.in/chennai/rentals","https://www.chennairents.in/chennai/rentals; https://www.chennairents.in/chennai/rentals","Aggregates all sub-typologies for Adyar","Article, BreadcrumbList, FAQPage","GCC, CMWSSB, CMRL, Ground-truth local audit","Pass / Verified","SEO QA Lead / 2026-10-05"
"https://www.chennairents.in/chennai/t-nagar","Locality Core Hub","flats for rent in t. nagar","Commercial Investigation","apartments for rent in t. nagar; house for rent in t. nagar; rent in t. nagar without broker; t. nagar rent rates 2026","T. Nagar","All Residential","https://www.chennairents.in/chennai/t-nagar","Index, Follow","Flats for Rent in T. Nagar, Chennai | Chennai Rents","Find flats for rent in T. Nagar, Chennai. Real rent rates, water reports, flood check, owner contact. No brokerage.","Flats for Rent in T. Nagar, Chennai","Quick Facts: T. Nagar Rental Profile | About Renting in T. Nagar | Rental Rates in T. Nagar | Water Reality & Utilities | Flood & Monsoon Screening","View Locality Rent Rates & Listings","https://www.chennairents.in/chennai/rentals","https://www.chennairents.in/chennai/rentals; https://www.chennairents.in/chennai/rentals","Aggregates all sub-typologies for T. Nagar","Article, BreadcrumbList, FAQPage","GCC, CMWSSB, CMRL, Ground-truth local audit","Pass / Verified","SEO QA Lead / 2026-10-05"
"https://www.chennairents.in/chennai/nungambakkam","Locality Core Hub","flats for rent in nungambakkam","Commercial Investigation","apartments for rent in nungambakkam; house for rent in nungambakkam; rent in nungambakkam without broker; nungambakkam rent rates 2026","Nungambakkam","All Residential","https://www.chennairents.in/chennai/nungambakkam","Index, Follow","Flats for Rent in Nungambakkam, Chennai | Chennai Rents","Find flats for rent in Nungambakkam, Chennai. Real rent rates, water reports, flood check, owner contact. No brokerage.","Flats for Rent in Nungambakkam, Chennai","Quick Facts: Nungambakkam Rental Profile | About Renting in Nungambakkam | Rental Rates in Nungambakkam | Water Reality & Utilities | Flood & Monsoon Screening","View Locality Rent Rates & Listings","https://www.chennairents.in/chennai/rentals","https://www.chennairents.in/chennai/rentals; https://www.chennairents.in/chennai/rentals","Aggregates all sub-typologies for Nungambakkam","Article, BreadcrumbList, FAQPage","GCC, CMWSSB, CMRL, Ground-truth local audit","Pass / Verified","SEO QA Lead / 2026-10-05"
"https://www.chennairents.in/chennai/valasaravakkam","Locality Core Hub","flats for rent in valasaravakkam","Commercial Investigation","apartments for rent in valasaravakkam; house for rent in valasaravakkam; rent in valasaravakkam without broker; valasaravakkam rent rates 2026","Valasaravakkam","All Residential","https://www.chennairents.in/chennai/valasaravakkam","Index, Follow","Flats for Rent in Valasaravakkam, Chennai | Chennai Rents","Find flats for rent in Valasaravakkam, Chennai. Real rent rates, water reports, flood check, owner contact. No brokerage.","Flats for Rent in Valasaravakkam, Chennai","Quick Facts: Valasaravakkam Rental Profile | About Renting in Valasaravakkam | Rental Rates in Valasaravakkam | Water Reality & Utilities | Flood & Monsoon Screening","View Locality Rent Rates & Listings","https://www.chennairents.in/chennai/rentals","https://www.chennairents.in/chennai/rentals; https://www.chennairents.in/chennai/rentals","Aggregates all sub-typologies for Valasaravakkam","Article, BreadcrumbList, FAQPage","GCC, CMWSSB, CMRL, Ground-truth local audit","Pass / Verified","SEO QA Lead / 2026-10-05"
"https://www.chennairents.in/chennai/porur","Locality Core Hub","flats for rent in porur","Commercial Investigation","apartments for rent in porur; house for rent in porur; rent in porur without broker; porur rent rates 2026","Porur","All Residential","https://www.chennairents.in/chennai/porur","Index, Follow","Flats for Rent in Porur, Chennai | Chennai Rents","Find flats for rent in Porur, Chennai. Real rent rates, water reports, flood check, owner contact. No brokerage.","Flats for Rent in Porur, Chennai","Quick Facts: Porur Rental Profile | About Renting in Porur | Rental Rates in Porur | Water Reality & Utilities | Flood & Monsoon Screening","View Locality Rent Rates & Listings","https://www.chennairents.in/chennai/rentals","https://www.chennairents.in/chennai/rentals; https://www.chennairents.in/chennai/rentals","Aggregates all sub-typologies for Porur","Article, BreadcrumbList, FAQPage","GCC, CMWSSB, CMRL, Ground-truth local audit","Pass / Verified","SEO QA Lead / 2026-10-05"
"https://www.chennairents.in/chennai/medavakkam","Locality Core Hub","flats for rent in medavakkam","Commercial Investigation","apartments for rent in medavakkam; house for rent in medavakkam; rent in medavakkam without broker; medavakkam rent rates 2026","Medavakkam","All Residential","https://www.chennairents.in/chennai/medavakkam","Index, Follow","Flats for Rent in Medavakkam, Chennai | Chennai Rents","Find flats for rent in Medavakkam, Chennai. Real rent rates, water reports, flood check, owner contact. No brokerage.","Flats for Rent in Medavakkam, Chennai","Quick Facts: Medavakkam Rental Profile | About Renting in Medavakkam | Rental Rates in Medavakkam | Water Reality & Utilities | Flood & Monsoon Screening","View Locality Rent Rates & Listings","https://www.chennairents.in/chennai/rentals","https://www.chennairents.in/chennai/rentals; https://www.chennairents.in/chennai/rentals","Aggregates all sub-typologies for Medavakkam","Article, BreadcrumbList, FAQPage","GCC, CMWSSB, CMRL, Ground-truth local audit","Pass / Verified","SEO QA Lead / 2026-10-05"
"https://www.chennairents.in/chennai/anna-nagar","Locality Core Hub","flats for rent in anna nagar","Commercial Investigation","apartments for rent in anna nagar; house for rent in anna nagar; rent in anna nagar without broker; anna nagar rent rates 2026","Anna Nagar","All Residential","https://www.chennairents.in/chennai/anna-nagar","Index, Follow","Flats for Rent in Anna Nagar, Chennai | Chennai Rents","Find flats for rent in Anna Nagar, Chennai. Real rent rates, water reports, flood check, owner contact. No brokerage.","Flats for Rent in Anna Nagar, Chennai","Quick Facts: Anna Nagar Rental Profile | About Renting in Anna Nagar | Rental Rates in Anna Nagar | Water Reality & Utilities | Flood & Monsoon Screening","View Locality Rent Rates & Listings","https://www.chennairents.in/chennai/rentals","https://www.chennairents.in/chennai/rentals; https://www.chennairents.in/chennai/rentals","Aggregates all sub-typologies for Anna Nagar","Article, BreadcrumbList, FAQPage","GCC, CMWSSB, CMRL, Ground-truth local audit","Pass / Verified","SEO QA Lead / 2026-10-05"
"https://www.chennairents.in/chennai/omr","Locality Core Hub","flats for rent in omr (it corridor)","Commercial Investigation","apartments for rent in omr (it corridor); house for rent in omr (it corridor); rent in omr (it corridor) without broker; omr (it corridor) rent rates 2026","OMR (IT Corridor)","All Residential","https://www.chennairents.in/chennai/omr","Index, Follow","Flats for Rent in OMR (Old Mahabalipuram Road), Chennai | Chennai Rents","Find flats for rent in OMR (Old Mahabalipuram Road), Chennai. Real rent rates, water reports, flood check, owner contact. No brokerage.","Flats for Rent in OMR (Old Mahabalipuram Road), Chennai","Quick Facts: OMR (Old Mahabalipuram Road) Rental Profile | About Renting in OMR (Old Mahabalipuram Road) | Rental Rates in OMR (Old Mahabalipuram Road) | Water Reality & Utilities | Flood & Monsoon Screening","View Locality Rent Rates & Listings","https://www.chennairents.in/chennai/rentals","https://www.chennairents.in/chennai/rentals; https://www.chennairents.in/chennai/rentals","Aggregates all sub-typologies for OMR (IT Corridor)","Article, BreadcrumbList, FAQPage","GCC, CMWSSB, CMRL, Ground-truth local audit","Pass / Verified","SEO QA Lead / 2026-10-05"
"https://www.chennairents.in/chennai/tambaram","Locality Core Hub","flats for rent in tambaram","Commercial Investigation","apartments for rent in tambaram; house for rent in tambaram; rent in tambaram without broker; tambaram rent rates 2026","Tambaram","All Residential","https://www.chennairents.in/chennai/tambaram","Index, Follow","Flats for Rent in Tambaram, Chennai | Chennai Rents","Find flats for rent in Tambaram, Chennai. Real rent rates, water reports, flood check, owner contact. No brokerage.","Flats for Rent in Tambaram, Chennai","Quick Facts: Tambaram Rental Profile | About Renting in Tambaram | Rental Rates in Tambaram | Water Reality & Utilities | Flood & Monsoon Screening","View Locality Rent Rates & Listings","https://www.chennairents.in/chennai/rentals","https://www.chennairents.in/chennai/rentals; https://www.chennairents.in/chennai/rentals","Aggregates all sub-typologies for Tambaram","Article, BreadcrumbList, FAQPage","GCC, CMWSSB, CMRL, Ground-truth local audit","Pass / Verified","SEO QA Lead / 2026-10-05"
"https://www.chennairents.in/chennai/chromepet","Locality Core Hub","flats for rent in chromepet","Commercial Investigation","apartments for rent in chromepet; house for rent in chromepet; rent in chromepet without broker; chromepet rent rates 2026","Chromepet","All Residential","https://www.chennairents.in/chennai/chromepet","Index, Follow","Flats for Rent in Chromepet, Chennai | Chennai Rents","Find flats for rent in Chromepet, Chennai. Real rent rates, water reports, flood check, owner contact. No brokerage.","Flats for Rent in Chromepet, Chennai","Quick Facts: Chromepet Rental Profile | About Renting in Chromepet | Rental Rates in Chromepet | Water Reality & Utilities | Flood & Monsoon Screening","View Locality Rent Rates & Listings","https://www.chennairents.in/chennai/rentals","https://www.chennairents.in/chennai/rentals; https://www.chennairents.in/chennai/rentals","Aggregates all sub-typologies for Chromepet","Article, BreadcrumbList, FAQPage","GCC, CMWSSB, CMRL, Ground-truth local audit","Pass / Verified","SEO QA Lead / 2026-10-05"
"https://www.chennairents.in/chennai/thiruvanmiyur","Locality Core Hub","flats for rent in thiruvanmiyur","Commercial Investigation","apartments for rent in thiruvanmiyur; house for rent in thiruvanmiyur; rent in thiruvanmiyur without broker; thiruvanmiyur rent rates 2026","Thiruvanmiyur","All Residential","https://www.chennairents.in/chennai/thiruvanmiyur","Index, Follow","Flats for Rent in Thiruvanmiyur, Chennai | Chennai Rents","Find flats for rent in Thiruvanmiyur, Chennai. Real rent rates, water reports, flood check, owner contact. No brokerage.","Flats for Rent in Thiruvanmiyur, Chennai","Quick Facts: Thiruvanmiyur Rental Profile | About Renting in Thiruvanmiyur | Rental Rates in Thiruvanmiyur | Water Reality & Utilities | Flood & Monsoon Screening","View Locality Rent Rates & Listings","https://www.chennairents.in/chennai/rentals","https://www.chennairents.in/chennai/rentals; https://www.chennairents.in/chennai/rentals","Aggregates all sub-typologies for Thiruvanmiyur","Article, BreadcrumbList, FAQPage","GCC, CMWSSB, CMRL, Ground-truth local audit","Pass / Verified","SEO QA Lead / 2026-10-05"
"https://www.chennairents.in/chennai/velachery/flats-for-rent-in-velachery","Locality Facet / Typology","flats for rent in velachery","Transactional","flats / apartments velachery; verified flats for rent in velachery; owner direct flats for rent in velachery; flats for rent in velachery price deposit","Velachery","Flats / Apartments","https://www.chennairents.in/chennai/velachery/flats-for-rent-in-velachery","Index, Follow","Flats for Rent in Velachery Chennai | 1RK to 3BHK Rental Apartments","Browse 100% verified flats for rent in Velachery, Chennai. Compare standalone floors and luxury gated societies near OMR, MRTS station, and Phoenix Marketcity.","Flats for Rent in Velachery, Chennai","Prime Neighborhood Pockets & Micro-Markets | Velachery Rental Market Snapshot | Monsoon Readiness & Elevation Guidance | Frequently Asked Questions about Flats for Rent in Velachery, Chennai | Explore Velachery Rental Network","Contact Verified Property Owners","https://www.chennairents.in/chennai/velachery","https://www.chennairents.in/chennai/velachery; https://www.chennairents.in/chennai/rentals","Targets specific long-tail intent for Flats / Apartments in Velachery; canonical isolated from base hub","BreadcrumbList, RealEstateListing, FAQPage","GCC, CMWSSB, CMRL, Ground-truth local audit","Pass / Verified","SEO QA Lead / 2026-10-05"
"https://www.chennairents.in/chennai/velachery/1rk-for-rent-in-velachery","Locality Facet / Typology","1rk for rent in velachery","Transactional","1 rk velachery; verified 1rk for rent in velachery; owner direct 1rk for rent in velachery; 1rk for rent in velachery price deposit","Velachery","1 RK","https://www.chennairents.in/chennai/velachery/1rk-for-rent-in-velachery","Index, Follow","1RK for Rent in Velachery Chennai | Compact Studio Rooms","Find independent 1RK studio rooms for rent in Velachery. Affordable monthly rent, attached bathrooms, private entry, and low security deposits.","1RK Studio Rooms for Rent in Velachery","Recommended Residential Enclaves in Velachery | Key Living Advantages | Financials & Expected Costs | Monsoon Readiness & Elevation Guidance | Frequently Asked Questions about 1RK Studio Rooms for Rent in Velachery","Contact Verified Property Owners","https://www.chennairents.in/chennai/velachery","https://www.chennairents.in/chennai/velachery; https://www.chennairents.in/chennai/rentals","Targets specific long-tail intent for 1 RK in Velachery; canonical isolated from base hub","BreadcrumbList, RealEstateListing, FAQPage","GCC, CMWSSB, CMRL, Ground-truth local audit","Pass / Verified","SEO QA Lead / 2026-10-05"
"https://www.chennairents.in/chennai/velachery/1bhk-flats-for-rent-in-velachery","Locality Facet / Typology","1bhk flats for rent in velachery","Transactional","1 bhk velachery; verified 1bhk flats for rent in velachery; owner direct 1bhk flats for rent in velachery; 1bhk flats for rent in velachery price deposit","Velachery","1 BHK","https://www.chennairents.in/chennai/velachery/1bhk-flats-for-rent-in-velachery","Index, Follow","1BHK Flats for Rent in Velachery Chennai | Verified Apartments","Search 1BHK rental apartments in Velachery. Independent builder floors and society apartments near Velachery MRTS station and Grand Square Mall.","1BHK Flats for Rent in Velachery, Chennai","Recommended Residential Enclaves in Velachery | Key Living Advantages | Financials & Expected Costs | Monsoon Readiness & Elevation Guidance | Frequently Asked Questions about 1BHK Flats for Rent in Velachery, Chennai","Contact Verified Property Owners","https://www.chennairents.in/chennai/velachery","https://www.chennairents.in/chennai/velachery; https://www.chennairents.in/chennai/rentals","Targets specific long-tail intent for 1 BHK in Velachery; canonical isolated from base hub","BreadcrumbList, RealEstateListing, FAQPage","GCC, CMWSSB, CMRL, Ground-truth local audit","Pass / Verified","SEO QA Lead / 2026-10-05"
"https://www.chennairents.in/chennai/velachery/2bhk-flats-for-rent-in-velachery","Locality Facet / Typology","2bhk flats for rent in velachery","Transactional","2 bhk velachery; verified 2bhk flats for rent in velachery; owner direct 2bhk flats for rent in velachery; 2bhk flats for rent in velachery price deposit","Velachery","2 BHK","https://www.chennairents.in/chennai/velachery/2bhk-flats-for-rent-in-velachery","Index, Follow","2BHK Flats for Rent in Velachery Chennai | Standalone & Gated","Find verified 2BHK flats for rent in Velachery. Explore 2-bedroom rental homes in Tansi Nagar, Baby Nagar, and along the 100 Feet Bypass Road.","2BHK Flats for Rent in Velachery, Chennai","Recommended Residential Enclaves in Velachery | Key Living Advantages | Financials & Expected Costs | Monsoon Readiness & Elevation Guidance | Frequently Asked Questions about 2BHK Flats for Rent in Velachery, Chennai","Contact Verified Property Owners","https://www.chennairents.in/chennai/velachery","https://www.chennairents.in/chennai/velachery; https://www.chennairents.in/chennai/rentals","Targets specific long-tail intent for 2 BHK in Velachery; canonical isolated from base hub","BreadcrumbList, RealEstateListing, FAQPage","GCC, CMWSSB, CMRL, Ground-truth local audit","Pass / Verified","SEO QA Lead / 2026-10-05"
"https://www.chennairents.in/chennai/velachery/3bhk-flats-for-rent-in-velachery","Locality Facet / Typology","3bhk flats for rent in velachery","Transactional","3 bhk velachery; verified 3bhk flats for rent in velachery; owner direct 3bhk flats for rent in velachery; 3bhk flats for rent in velachery price deposit","Velachery","3 BHK","https://www.chennairents.in/chennai/velachery/3bhk-flats-for-rent-in-velachery","Index, Follow","3BHK Flats for Rent in Velachery Chennai | Gated Societies","Rent spacious 3BHK flats in Velachery. Premium apartments with 100% power backup, 2 covered car parking slots, gym, and 24/7 security.","3BHK Flats for Rent in Velachery, Chennai","Recommended Residential Enclaves in Velachery | Key Living Advantages | Financials & Expected Costs | Monsoon Readiness & Elevation Guidance | Frequently Asked Questions about 3BHK Flats for Rent in Velachery, Chennai","Contact Verified Property Owners","https://www.chennairents.in/chennai/velachery","https://www.chennairents.in/chennai/velachery; https://www.chennairents.in/chennai/rentals","Targets specific long-tail intent for 3 BHK in Velachery; canonical isolated from base hub","BreadcrumbList, RealEstateListing, FAQPage","GCC, CMWSSB, CMRL, Ground-truth local audit","Pass / Verified","SEO QA Lead / 2026-10-05"
"https://www.chennairents.in/chennai/velachery/1bhk-flats-for-bachelors-in-velachery","Locality Facet / Typology","1bhk flats for bachelors in velachery","Transactional","1 bhk velachery; verified 1bhk flats for bachelors in velachery; owner direct 1bhk flats for bachelors in velachery; 1bhk flats for bachelors in velachery price deposit","Velachery","1 BHK","https://www.chennairents.in/chennai/velachery/1bhk-flats-for-bachelors-in-velachery","Index, Follow","1BHK Flats for Bachelors in Velachery | No-Hassle Rentals","Discover bachelor-friendly 1BHK rental flats in Velachery. Verified landlords, late-shift friendly policies, and direct routes to Taramani IT parks.","1BHK Flats for Bachelors in Velachery","Recommended Residential Enclaves in Velachery | Key Living Advantages | Financials & Expected Costs | Monsoon Readiness & Elevation Guidance | Frequently Asked Questions about 1BHK Flats for Bachelors in Velachery","Contact Verified Property Owners","https://www.chennairents.in/chennai/velachery","https://www.chennairents.in/chennai/velachery; https://www.chennairents.in/chennai/rentals","Targets specific long-tail intent for 1 BHK in Velachery; canonical isolated from base hub","BreadcrumbList, RealEstateListing, FAQPage","GCC, CMWSSB, CMRL, Ground-truth local audit","Pass / Verified","SEO QA Lead / 2026-10-05"
"https://www.chennairents.in/chennai/velachery/2bhk-flats-for-bachelors-in-velachery","Locality Facet / Typology","2bhk flats for bachelors in velachery","Transactional","2 bhk velachery; verified 2bhk flats for bachelors in velachery; owner direct 2bhk flats for bachelors in velachery; 2bhk flats for bachelors in velachery price deposit","Velachery","2 BHK","https://www.chennairents.in/chennai/velachery/2bhk-flats-for-bachelors-in-velachery","Index, Follow","2BHK Flats for Bachelors in Velachery | Split Rent & Save","Find spacious 2BHK rental flats for bachelors in Velachery. Low per-person cost, separate washrooms, near Ramanujan IT City and Ascendas.","2BHK Flats for Bachelors in Velachery","Monsoon Readiness & Elevation Guidance | Frequently Asked Questions about 2BHK Flats for Bachelors in Velachery | Explore Velachery Rental Network","Contact Verified Property Owners","https://www.chennairents.in/chennai/velachery","https://www.chennairents.in/chennai/velachery; https://www.chennairents.in/chennai/rentals","Targets specific long-tail intent for 2 BHK in Velachery; canonical isolated from base hub","BreadcrumbList, RealEstateListing, FAQPage","GCC, CMWSSB, CMRL, Ground-truth local audit","Pass / Verified","SEO QA Lead / 2026-10-05"
"https://www.chennairents.in/chennai/velachery/2bhk-flats-for-family-in-velachery","Locality Facet / Typology","2bhk flats for family in velachery","Transactional","2 bhk velachery; verified 2bhk flats for family in velachery; owner direct 2bhk flats for family in velachery; 2bhk flats for family in velachery price deposit","Velachery","2 BHK","https://www.chennairents.in/chennai/velachery/2bhk-flats-for-family-in-velachery","Index, Follow","2BHK Flats for Family in Velachery | Safe Residential Pockets","Safe and serene 2BHK family flats for rent in Velachery. Close to top CBSE schools, parks, hospitals, and reliable water supply lines.","2BHK Flats for Family in Velachery","Financials & Expected Costs | Monsoon Readiness & Elevation Guidance | Frequently Asked Questions about 2BHK Flats for Family in Velachery | Explore Velachery Rental Network","Contact Verified Property Owners","https://www.chennairents.in/chennai/velachery","https://www.chennairents.in/chennai/velachery; https://www.chennairents.in/chennai/rentals","Targets specific long-tail intent for 2 BHK in Velachery; canonical isolated from base hub","BreadcrumbList, RealEstateListing, FAQPage","GCC, CMWSSB, CMRL, Ground-truth local audit","Pass / Verified","SEO QA Lead / 2026-10-05"
"https://www.chennairents.in/chennai/velachery/3bhk-flats-for-family-in-velachery","Locality Facet / Typology","3bhk flats for family in velachery","Transactional","3 bhk velachery; verified 3bhk flats for family in velachery; owner direct 3bhk flats for family in velachery; 3bhk flats for family in velachery price deposit","Velachery","3 BHK","https://www.chennairents.in/chennai/velachery/3bhk-flats-for-family-in-velachery","Index, Follow","3BHK Flats for Family in Velachery | Premium Gated Living","Rent verified 3BHK family flats in Velachery. Dual balconies, covered car parking, lift, power backup, and quiet residential surroundings.","3BHK Flats for Family in Velachery","Recommended Residential Enclaves in Velachery | Key Living Advantages | Financials & Expected Costs | Monsoon Readiness & Elevation Guidance | Frequently Asked Questions about 3BHK Flats for Family in Velachery","Contact Verified Property Owners","https://www.chennairents.in/chennai/velachery","https://www.chennairents.in/chennai/velachery; https://www.chennairents.in/chennai/rentals","Targets specific long-tail intent for 3 BHK in Velachery; canonical isolated from base hub","BreadcrumbList, RealEstateListing, FAQPage","GCC, CMWSSB, CMRL, Ground-truth local audit","Pass / Verified","SEO QA Lead / 2026-10-05"
"https://www.chennairents.in/chennai/velachery/flats-for-bachelors-in-velachery","Locality Facet / Typology","flats for bachelors in velachery","Transactional","bachelor friendly rentals velachery; verified flats for bachelors in velachery; owner direct flats for bachelors in velachery; flats for bachelors in velachery price deposit","Velachery","Bachelor Friendly Rentals","https://www.chennairents.in/chennai/velachery/flats-for-bachelors-in-velachery","Index, Follow","Flats for Bachelors in Velachery | 100% Bachelor-Friendly Rentals","Find bachelor-friendly flats for rent across Velachery. From 1RK studios to 3BHK shared spaces. No arbitrary landlord restrictions or brokerage headaches.","Flats for Bachelors in Velachery","Key Living Advantages | Monsoon Readiness & Elevation Guidance | Frequently Asked Questions about Flats for Bachelors in Velachery | Explore Velachery Rental Network","Contact Verified Property Owners","https://www.chennairents.in/chennai/velachery","https://www.chennairents.in/chennai/velachery; https://www.chennairents.in/chennai/rentals","Targets specific long-tail intent for Bachelor Friendly Rentals in Velachery; canonical isolated from base hub","BreadcrumbList, RealEstateListing, FAQPage","GCC, CMWSSB, CMRL, Ground-truth local audit","Pass / Verified","SEO QA Lead / 2026-10-05"
"https://www.chennairents.in/chennai/velachery/flats-for-family-in-velachery","Locality Facet / Typology","flats for family in velachery","Transactional","family rentals velachery; verified flats for family in velachery; owner direct flats for family in velachery; flats for family in velachery price deposit","Velachery","Family Rentals","https://www.chennairents.in/chennai/velachery/flats-for-family-in-velachery","Index, Follow","Family Flats for Rent in Velachery | Secure, Quiet Living","Explore family apartments for rent in Velachery, Chennai. Verified water sources, quiet residential roads, excellent schools, and parking.","Family Flats for Rent in Velachery","Recommended Residential Enclaves in Velachery | Key Living Advantages | Monsoon Readiness & Elevation Guidance | Frequently Asked Questions about Family Flats for Rent in Velachery | Explore Velachery Rental Network","Contact Verified Property Owners","https://www.chennairents.in/chennai/velachery","https://www.chennairents.in/chennai/velachery; https://www.chennairents.in/chennai/rentals","Targets specific long-tail intent for Family Rentals in Velachery; canonical isolated from base hub","BreadcrumbList, RealEstateListing, FAQPage","GCC, CMWSSB, CMRL, Ground-truth local audit","Pass / Verified","SEO QA Lead / 2026-10-05"
"https://www.chennairents.in/chennai/velachery/co-living-in-velachery","Locality Facet / Typology","co living in velachery","Transactional","co-living velachery; verified co living in velachery; owner direct co living in velachery; co living in velachery price deposit","Velachery","Co-Living","https://www.chennairents.in/chennai/velachery/co-living-in-velachery","Index, Follow","Co-Living Spaces in Velachery Chennai | Fully Managed Stays","Modern co-living in Velachery. Enjoy high-speed Wi-Fi, daily housekeeping, chef-prepared meals, and flexible month-to-month leases. Move in with your suitcase!","Co-Living Spaces in Velachery, Chennai","Key Living Advantages | Monsoon Readiness & Elevation Guidance | Frequently Asked Questions about Co-Living Spaces in Velachery, Chennai | Explore Velachery Rental Network","Contact Verified Property Owners","https://www.chennairents.in/chennai/velachery","https://www.chennairents.in/chennai/velachery; https://www.chennairents.in/chennai/rentals","Targets specific long-tail intent for Co-Living in Velachery; canonical isolated from base hub","BreadcrumbList, RealEstateListing, FAQPage","GCC, CMWSSB, CMRL, Ground-truth local audit","Pass / Verified","SEO QA Lead / 2026-10-05"
"https://www.chennairents.in/chennai/velachery/pg-for-men-in-velachery","Locality Facet / Typology","pg for men in velachery","Transactional","pg for men velachery; verified pg for men in velachery; owner direct pg for men in velachery; pg for men in velachery price deposit","Velachery","PG for Men","https://www.chennairents.in/chennai/velachery/pg-for-men-in-velachery","Index, Follow","PG for Men in Velachery Chennai | Food, AC & High-Speed WiFi","Find the best gents PGs and hostels in Velachery. AC and non-AC rooms, daily South & North Indian meals, fast WiFi, and laundry near Taramani IT park.","PG for Men in Velachery, Chennai","Recommended Residential Enclaves in Velachery | Monsoon Readiness & Elevation Guidance | Frequently Asked Questions about PG for Men in Velachery, Chennai | Explore Velachery Rental Network","Contact Verified Property Owners","https://www.chennairents.in/chennai/velachery","https://www.chennairents.in/chennai/velachery; https://www.chennairents.in/chennai/rentals","Targets specific long-tail intent for PG for Men in Velachery; canonical isolated from base hub","BreadcrumbList, RealEstateListing, FAQPage","GCC, CMWSSB, CMRL, Ground-truth local audit","Pass / Verified","SEO QA Lead / 2026-10-05"
"https://www.chennairents.in/chennai/velachery/pg-for-women-in-velachery","Locality Facet / Typology","pg for women in velachery","Transactional","pg for women velachery; verified pg for women in velachery; owner direct pg for women in velachery; pg for women in velachery price deposit","Velachery","PG for Women","https://www.chennairents.in/chennai/velachery/pg-for-women-in-velachery","Index, Follow","Safe PG for Women in Velachery | Secure Ladies Hostels","Secure, verified ladies PGs and women’s hostels in Velachery. Biometric entry, 24/7 resident warden, nutritious food, AC rooms, and high-speed Wi-Fi.","PG for Women in Velachery, Chennai","Recommended Residential Enclaves in Velachery | Monsoon Readiness & Elevation Guidance | Frequently Asked Questions about PG for Women in Velachery, Chennai | Explore Velachery Rental Network","Contact Verified Property Owners","https://www.chennairents.in/chennai/velachery","https://www.chennairents.in/chennai/velachery; https://www.chennairents.in/chennai/rentals","Targets specific long-tail intent for PG for Women in Velachery; canonical isolated from base hub","BreadcrumbList, RealEstateListing, FAQPage","GCC, CMWSSB, CMRL, Ground-truth local audit","Pass / Verified","SEO QA Lead / 2026-10-05"
"https://www.chennairents.in/chennai/velachery/independent-houses-for-rent-in-velachery","Locality Facet / Typology","independent houses for rent in velachery","Transactional","independent house / villa velachery; verified independent houses for rent in velachery; owner direct independent houses for rent in velachery; independent houses for rent in velachery price deposit","Velachery","Independent House / Villa","https://www.chennairents.in/chennai/velachery/independent-houses-for-rent-in-velachery","Index, Follow","Independent Houses for Rent in Velachery | Villas & Private Floors","Find individual houses, independent builder floors, and villas for rent in Velachery, Chennai. Enjoy private terraces, car porches, and spacious gardens.","Independent Houses for Rent in Velachery","Recommended Residential Enclaves in Velachery | Key Living Advantages | Financials & Expected Costs | Monsoon Readiness & Elevation Guidance | Frequently Asked Questions about Independent Houses for Rent in Velachery","Contact Verified Property Owners","https://www.chennairents.in/chennai/velachery","https://www.chennairents.in/chennai/velachery; https://www.chennairents.in/chennai/rentals","Targets specific long-tail intent for Independent House / Villa in Velachery; canonical isolated from base hub","BreadcrumbList, RealEstateListing, FAQPage","GCC, CMWSSB, CMRL, Ground-truth local audit","Pass / Verified","SEO QA Lead / 2026-10-05"
"https://www.chennairents.in/chennai/velachery/furnished-flats-for-rent-in-velachery","Locality Facet / Typology","furnished flats for rent in velachery","Transactional","furnished flats velachery; verified furnished flats for rent in velachery; owner direct furnished flats for rent in velachery; furnished flats for rent in velachery price deposit","Velachery","Furnished Flats","https://www.chennairents.in/chennai/velachery/furnished-flats-for-rent-in-velachery","Index, Follow","Furnished Flats for Rent in Velachery | Turnkey Living","Rent fully furnished flats in Velachery, Chennai. Complete with air conditioners, sofas, modular kitchens, beds, refrigerators, and washing machines.","Furnished Flats for Rent in Velachery","Financials & Expected Costs | Furnishing Inventory Checklist | Monsoon Readiness & Elevation Guidance | Frequently Asked Questions about Furnished Flats for Rent in Velachery | Explore Velachery Rental Network","Contact Verified Property Owners","https://www.chennairents.in/chennai/velachery","https://www.chennairents.in/chennai/velachery; https://www.chennairents.in/chennai/rentals","Targets specific long-tail intent for Furnished Flats in Velachery; canonical isolated from base hub","BreadcrumbList, RealEstateListing, FAQPage","GCC, CMWSSB, CMRL, Ground-truth local audit","Pass / Verified","SEO QA Lead / 2026-10-05"
"https://www.chennairents.in/chennai/velachery/flats-for-rent-under-10000-in-velachery","Locality Facet / Typology","flats for rent under 10000 in velachery","Transactional","flats under ₹10,000 velachery; verified flats for rent under 10000 in velachery; owner direct flats for rent under 10000 in velachery; flats for rent under 10000 in velachery price deposit","Velachery","Flats Under ₹10,000","https://www.chennairents.in/chennai/velachery/flats-for-rent-under-10000-in-velachery","Index, Follow","Flats for Rent Under ₹10,000 in Velachery | Budget Rental Homes","Search budget flats and studio apartments for rent under ₹10,000 per month in Velachery. Affordable deposits, convenient transit, and verified listings.","Flats for Rent Under ₹10,000 in Velachery","Recommended Residential Enclaves in Velachery | Financials & Expected Costs | Monsoon Readiness & Elevation Guidance | Frequently Asked Questions about Flats for Rent Under ₹10,000 in Velachery | Explore Velachery Rental Network","Contact Verified Property Owners","https://www.chennairents.in/chennai/velachery","https://www.chennairents.in/chennai/velachery; https://www.chennairents.in/chennai/rentals","Targets specific long-tail intent for Flats Under ₹10,000 in Velachery; canonical isolated from base hub","BreadcrumbList, RealEstateListing, FAQPage","GCC, CMWSSB, CMRL, Ground-truth local audit","Pass / Verified","SEO QA Lead / 2026-10-05"
"https://www.chennairents.in/chennai/velachery/flats-for-rent-under-15000-in-velachery","Locality Facet / Typology","flats for rent under 15000 in velachery","Transactional","flats under ₹15,000 velachery; verified flats for rent under 15000 in velachery; owner direct flats for rent under 15000 in velachery; flats for rent under 15000 in velachery price deposit","Velachery","Flats Under ₹15,000","https://www.chennairents.in/chennai/velachery/flats-for-rent-under-15000-in-velachery","Index, Follow","Flats for Rent Under ₹15,000 in Velachery | 1BHK & 2BHK Units","Explore rental flats under ₹15,000 in Velachery, Chennai. Semi-furnished 1BHK and budget 2BHK apartments near buses, trains, and IT corridors.","Flats for Rent Under ₹15,000 in Velachery","Recommended Residential Enclaves in Velachery | Financials & Expected Costs | Monsoon Readiness & Elevation Guidance | Frequently Asked Questions about Flats for Rent Under ₹15,000 in Velachery | Explore Velachery Rental Network","Contact Verified Property Owners","https://www.chennairents.in/chennai/velachery","https://www.chennairents.in/chennai/velachery; https://www.chennairents.in/chennai/rentals","Targets specific long-tail intent for Flats Under ₹15,000 in Velachery; canonical isolated from base hub","BreadcrumbList, RealEstateListing, FAQPage","GCC, CMWSSB, CMRL, Ground-truth local audit","Pass / Verified","SEO QA Lead / 2026-10-05"
"https://www.chennairents.in/chennai/velachery/flats-for-rent-under-20000-in-velachery","Locality Facet / Typology","flats for rent under 20000 in velachery","Transactional","flats under ₹20,000 velachery; verified flats for rent under 20000 in velachery; owner direct flats for rent under 20000 in velachery; flats for rent under 20000 in velachery price deposit","Velachery","Flats Under ₹20,000","https://www.chennairents.in/chennai/velachery/flats-for-rent-under-20000-in-velachery","Index, Follow","Flats for Rent Under ₹20,000 in Velachery | Prime 2BHK Flats","Browse rental apartments under ₹20,000 in Velachery. Premium 2BHK flats with lift, covered car parking, and modular kitchens in prime neighborhoods.","Flats for Rent Under ₹20,000 in Velachery","Recommended Residential Enclaves in Velachery | Standard Specifications & Features | Financials & Expected Costs | Monsoon Readiness & Elevation Guidance | Frequently Asked Questions about Flats for Rent Under ₹20,000 in Velachery","Contact Verified Property Owners","https://www.chennairents.in/chennai/velachery","https://www.chennairents.in/chennai/velachery; https://www.chennairents.in/chennai/rentals","Targets specific long-tail intent for Flats Under ₹20,000 in Velachery; canonical isolated from base hub","BreadcrumbList, RealEstateListing, FAQPage","GCC, CMWSSB, CMRL, Ground-truth local audit","Pass / Verified","SEO QA Lead / 2026-10-05"
"https://www.chennairents.in/chennai/valasaravakkam/flats-for-rent-in-valasaravakkam","Locality Facet / Typology","flats for rent in valasaravakkam","Transactional","flats / apartments valasaravakkam; verified flats for rent in valasaravakkam; owner direct flats for rent in valasaravakkam; flats for rent in valasaravakkam price deposit","Valasaravakkam","Flats / Apartments","https://www.chennairents.in/chennai/valasaravakkam/flats-for-rent-in-valasaravakkam","Index, Follow","Flats for Rent in Valasaravakkam Chennai | 1RK to 3BHK Rentals","Explore verified flats for rent in Valasaravakkam, Chennai. Filter by builder floors, gated communities, amenities, and transit on Arcot Road near DLF Porur.","Flats for Rent in Valasaravakkam, Chennai","Prime Neighborhood Pockets & Micro-Markets | Valasaravakkam Rental Market Snapshot | Monsoon Readiness & Elevation Guidance | Frequently Asked Questions about Flats for Rent in Valasaravakkam, Chennai | Explore Valasaravakkam Rental Network","Contact Verified Property Owners","https://www.chennairents.in/chennai/valasaravakkam","https://www.chennairents.in/chennai/valasaravakkam; https://www.chennairents.in/chennai/rentals","Targets specific long-tail intent for Flats / Apartments in Valasaravakkam; canonical isolated from base hub","BreadcrumbList, RealEstateListing, FAQPage","GCC, CMWSSB, CMRL, Ground-truth local audit","Pass / Verified","SEO QA Lead / 2026-10-05"
"https://www.chennairents.in/chennai/valasaravakkam/1rk-for-rent-in-valasaravakkam","Locality Facet / Typology","1rk for rent in valasaravakkam","Transactional","1 rk valasaravakkam; verified 1rk for rent in valasaravakkam; owner direct 1rk for rent in valasaravakkam; 1rk for rent in valasaravakkam price deposit","Valasaravakkam","1 RK","https://www.chennairents.in/chennai/valasaravakkam/1rk-for-rent-in-valasaravakkam","Index, Follow","1RK for Rent in Valasaravakkam Chennai | Compact Studio Units","Find affordable 1RK units and studio rooms for rent in Valasaravakkam. Private entry, attached washrooms, and fast connectivity to DLF Porur.","1RK Studio Rooms for Rent in Valasaravakkam","Recommended Residential Enclaves in Valasaravakkam | Key Living Advantages | Financials & Expected Costs | Monsoon Readiness & Elevation Guidance | Frequently Asked Questions about 1RK Studio Rooms for Rent in Valasaravakkam","Contact Verified Property Owners","https://www.chennairents.in/chennai/valasaravakkam","https://www.chennairents.in/chennai/valasaravakkam; https://www.chennairents.in/chennai/rentals","Targets specific long-tail intent for 1 RK in Valasaravakkam; canonical isolated from base hub","BreadcrumbList, RealEstateListing, FAQPage","GCC, CMWSSB, CMRL, Ground-truth local audit","Pass / Verified","SEO QA Lead / 2026-10-05"
"https://www.chennairents.in/chennai/valasaravakkam/1bhk-flats-for-rent-in-valasaravakkam","Locality Facet / Typology","1bhk flats for rent in valasaravakkam","Transactional","1 bhk valasaravakkam; verified 1bhk flats for rent in valasaravakkam; owner direct 1bhk flats for rent in valasaravakkam; 1bhk flats for rent in valasaravakkam price deposit","Valasaravakkam","1 BHK","https://www.chennairents.in/chennai/valasaravakkam/1bhk-flats-for-rent-in-valasaravakkam","Index, Follow","1BHK Flats for Rent in Valasaravakkam | Verified Apartments","Browse verified 1BHK rental flats in Valasaravakkam. Independent units and builder floors near Arcot Road, La Chatelaine School, and local markets.","1BHK Flats for Rent in Valasaravakkam","Prime Neighborhood Pockets & Micro-Markets | Standard Specifications & Features | Financials & Expected Costs | Monsoon Readiness & Elevation Guidance | Frequently Asked Questions about 1BHK Flats for Rent in Valasaravakkam","Contact Verified Property Owners","https://www.chennairents.in/chennai/valasaravakkam","https://www.chennairents.in/chennai/valasaravakkam; https://www.chennairents.in/chennai/rentals","Targets specific long-tail intent for 1 BHK in Valasaravakkam; canonical isolated from base hub","BreadcrumbList, RealEstateListing, FAQPage","GCC, CMWSSB, CMRL, Ground-truth local audit","Pass / Verified","SEO QA Lead / 2026-10-05"
"https://www.chennairents.in/chennai/valasaravakkam/2bhk-flats-for-rent-in-valasaravakkam","Locality Facet / Typology","2bhk flats for rent in valasaravakkam","Transactional","2 bhk valasaravakkam; verified 2bhk flats for rent in valasaravakkam; owner direct 2bhk flats for rent in valasaravakkam; 2bhk flats for rent in valasaravakkam price deposit","Valasaravakkam","2 BHK","https://www.chennairents.in/chennai/valasaravakkam/2bhk-flats-for-rent-in-valasaravakkam","Index, Follow","2BHK Flats for Rent in Valasaravakkam | Standalone & Gated","Rent verified 2BHK apartments in Valasaravakkam, Chennai. Explore homes in Chowdhry Nagar, Alwarthirunagar, and near Arcot Road with car parking.","2BHK Flats for Rent in Valasaravakkam","Prime Neighborhood Pockets & Micro-Markets | Valasaravakkam Rental Market Snapshot | Monsoon Readiness & Elevation Guidance | Frequently Asked Questions about 2BHK Flats for Rent in Valasaravakkam | Explore Valasaravakkam Rental Network","Contact Verified Property Owners","https://www.chennairents.in/chennai/valasaravakkam","https://www.chennairents.in/chennai/valasaravakkam; https://www.chennairents.in/chennai/rentals","Targets specific long-tail intent for 2 BHK in Valasaravakkam; canonical isolated from base hub","BreadcrumbList, RealEstateListing, FAQPage","GCC, CMWSSB, CMRL, Ground-truth local audit","Pass / Verified","SEO QA Lead / 2026-10-05"
"https://www.chennairents.in/chennai/valasaravakkam/3bhk-flats-for-rent-in-valasaravakkam","Locality Facet / Typology","3bhk flats for rent in valasaravakkam","Transactional","3 bhk valasaravakkam; verified 3bhk flats for rent in valasaravakkam; owner direct 3bhk flats for rent in valasaravakkam; 3bhk flats for rent in valasaravakkam price deposit","Valasaravakkam","3 BHK","https://www.chennairents.in/chennai/valasaravakkam/3bhk-flats-for-rent-in-valasaravakkam","Index, Follow","3BHK Flats for Rent in Valasaravakkam Chennai | Family Living","Discover spacious 3BHK apartments for rent in Valasaravakkam. Lift access, covered car parking, 24/7 security, and close proximity to top schools.","3BHK Flats for Rent in Valasaravakkam, Chennai","Prime Neighborhood Pockets & Micro-Markets | Standard Specifications & Features | Monsoon Readiness & Elevation Guidance | Frequently Asked Questions about 3BHK Flats for Rent in Valasaravakkam, Chennai | Explore Valasaravakkam Rental Network","Contact Verified Property Owners","https://www.chennairents.in/chennai/valasaravakkam","https://www.chennairents.in/chennai/valasaravakkam; https://www.chennairents.in/chennai/rentals","Targets specific long-tail intent for 3 BHK in Valasaravakkam; canonical isolated from base hub","BreadcrumbList, RealEstateListing, FAQPage","GCC, CMWSSB, CMRL, Ground-truth local audit","Pass / Verified","SEO QA Lead / 2026-10-05"
"https://www.chennairents.in/chennai/valasaravakkam/1bhk-flats-for-bachelors-in-valasaravakkam","Locality Facet / Typology","1bhk flats for bachelors in valasaravakkam","Transactional","1 bhk valasaravakkam; verified 1bhk flats for bachelors in valasaravakkam; owner direct 1bhk flats for bachelors in valasaravakkam; 1bhk flats for bachelors in valasaravakkam price deposit","Valasaravakkam","1 BHK","https://www.chennairents.in/chennai/valasaravakkam/1bhk-flats-for-bachelors-in-valasaravakkam","Index, Follow","1BHK Flats for Bachelors in Valasaravakkam | Easy Commute","Find bachelor-friendly 1BHK rental apartments in Valasaravakkam. Transparent agreements, minimal paperwork, and fast travel to Porur DLF and Vadapalani.","1BHK Flats for Bachelors in Valasaravakkam","Recommended Residential Enclaves in Valasaravakkam | Key Living Advantages | Financials & Expected Costs | Monsoon Readiness & Elevation Guidance | Frequently Asked Questions about 1BHK Flats for Bachelors in Valasaravakkam","Contact Verified Property Owners","https://www.chennairents.in/chennai/valasaravakkam","https://www.chennairents.in/chennai/valasaravakkam; https://www.chennairents.in/chennai/rentals","Targets specific long-tail intent for 1 BHK in Valasaravakkam; canonical isolated from base hub","BreadcrumbList, RealEstateListing, FAQPage","GCC, CMWSSB, CMRL, Ground-truth local audit","Pass / Verified","SEO QA Lead / 2026-10-05"
"https://www.chennairents.in/chennai/valasaravakkam/2bhk-flats-for-bachelors-in-valasaravakkam","Locality Facet / Typology","2bhk flats for bachelors in valasaravakkam","Transactional","2 bhk valasaravakkam; verified 2bhk flats for bachelors in valasaravakkam; owner direct 2bhk flats for bachelors in valasaravakkam; 2bhk flats for bachelors in valasaravakkam price deposit","Valasaravakkam","2 BHK","https://www.chennairents.in/chennai/valasaravakkam/2bhk-flats-for-bachelors-in-valasaravakkam","Index, Follow","2BHK Flats for Bachelors in Valasaravakkam | Share & Save","Rent verified 2BHK flats for bachelors in Valasaravakkam. Split expenses with colleagues near DLF IT Park, Arcot Road, and local food streets.","2BHK Flats for Bachelors in Valasaravakkam","Recommended Residential Enclaves in Valasaravakkam | Standard Specifications & Features | Roommate Economics & Split Calculations | Monsoon Readiness & Elevation Guidance | Frequently Asked Questions about 2BHK Flats for Bachelors in Valasaravakkam","Contact Verified Property Owners","https://www.chennairents.in/chennai/valasaravakkam","https://www.chennairents.in/chennai/valasaravakkam; https://www.chennairents.in/chennai/rentals","Targets specific long-tail intent for 2 BHK in Valasaravakkam; canonical isolated from base hub","BreadcrumbList, RealEstateListing, FAQPage","GCC, CMWSSB, CMRL, Ground-truth local audit","Pass / Verified","SEO QA Lead / 2026-10-05"
"https://www.chennairents.in/chennai/valasaravakkam/2bhk-flats-for-family-in-valasaravakkam","Locality Facet / Typology","2bhk flats for family in valasaravakkam","Transactional","2 bhk valasaravakkam; verified 2bhk flats for family in valasaravakkam; owner direct 2bhk flats for family in valasaravakkam; 2bhk flats for family in valasaravakkam price deposit","Valasaravakkam","2 BHK","https://www.chennairents.in/chennai/valasaravakkam/2bhk-flats-for-family-in-valasaravakkam","Index, Follow","2BHK Flats for Family in Valasaravakkam | Quiet Neighborhoods","Safe, quiet 2BHK family flats for rent in Valasaravakkam. Close to La Chatelaine, Vailankanni School, parks, markets, and pediatric hospitals.","2BHK Flats for Family in Valasaravakkam","Prime Neighborhood Pockets & Micro-Markets | Standard Specifications & Features | Monsoon Readiness & Elevation Guidance | Frequently Asked Questions about 2BHK Flats for Family in Valasaravakkam | Explore Valasaravakkam Rental Network","Contact Verified Property Owners","https://www.chennairents.in/chennai/valasaravakkam","https://www.chennairents.in/chennai/valasaravakkam; https://www.chennairents.in/chennai/rentals","Targets specific long-tail intent for 2 BHK in Valasaravakkam; canonical isolated from base hub","BreadcrumbList, RealEstateListing, FAQPage","GCC, CMWSSB, CMRL, Ground-truth local audit","Pass / Verified","SEO QA Lead / 2026-10-05"
"https://www.chennairents.in/chennai/valasaravakkam/3bhk-flats-for-family-in-valasaravakkam","Locality Facet / Typology","3bhk flats for family in valasaravakkam","Transactional","3 bhk valasaravakkam; verified 3bhk flats for family in valasaravakkam; owner direct 3bhk flats for family in valasaravakkam; 3bhk flats for family in valasaravakkam price deposit","Valasaravakkam","3 BHK","https://www.chennairents.in/chennai/valasaravakkam/3bhk-flats-for-family-in-valasaravakkam","Index, Follow","3BHK Flats for Family in Valasaravakkam | Spacious & Secure","Explore premium 3BHK family flats in Valasaravakkam. Ample living space, elevators, reserved car parking, and quiet residential surroundings.","3BHK Flats for Family in Valasaravakkam","Recommended Residential Enclaves in Valasaravakkam | Key Living Advantages | Monsoon Readiness & Elevation Guidance | Frequently Asked Questions about 3BHK Flats for Family in Valasaravakkam | Explore Valasaravakkam Rental Network","Contact Verified Property Owners","https://www.chennairents.in/chennai/valasaravakkam","https://www.chennairents.in/chennai/valasaravakkam; https://www.chennairents.in/chennai/rentals","Targets specific long-tail intent for 3 BHK in Valasaravakkam; canonical isolated from base hub","BreadcrumbList, RealEstateListing, FAQPage","GCC, CMWSSB, CMRL, Ground-truth local audit","Pass / Verified","SEO QA Lead / 2026-10-05"
"https://www.chennairents.in/chennai/valasaravakkam/flats-for-bachelors-in-valasaravakkam","Locality Facet / Typology","flats for bachelors in valasaravakkam","Transactional","bachelor friendly rentals valasaravakkam; verified flats for bachelors in valasaravakkam; owner direct flats for bachelors in valasaravakkam; flats for bachelors in valasaravakkam price deposit","Valasaravakkam","Bachelor Friendly Rentals","https://www.chennairents.in/chennai/valasaravakkam/flats-for-bachelors-in-valasaravakkam","Index, Follow","Flats for Bachelors in Valasaravakkam | 100% Bachelor Verified","Explore bachelor-friendly flats for rent across Valasaravakkam. 1RK to 3BHK options with transparent deposit terms and direct transit links to Porur.","Flats for Bachelors in Valasaravakkam","Recommended Residential Enclaves in Valasaravakkam | Available Inventory Configurations & Pricing | Monsoon Readiness & Elevation Guidance | Frequently Asked Questions about Flats for Bachelors in Valasaravakkam | Explore Valasaravakkam Rental Network","Contact Verified Property Owners","https://www.chennairents.in/chennai/valasaravakkam","https://www.chennairents.in/chennai/valasaravakkam; https://www.chennairents.in/chennai/rentals","Targets specific long-tail intent for Bachelor Friendly Rentals in Valasaravakkam; canonical isolated from base hub","BreadcrumbList, RealEstateListing, FAQPage","GCC, CMWSSB, CMRL, Ground-truth local audit","Pass / Verified","SEO QA Lead / 2026-10-05"
"https://www.chennairents.in/chennai/valasaravakkam/flats-for-family-in-valasaravakkam","Locality Facet / Typology","flats for family in valasaravakkam","Transactional","family rentals valasaravakkam; verified flats for family in valasaravakkam; owner direct flats for family in valasaravakkam; flats for family in valasaravakkam price deposit","Valasaravakkam","Family Rentals","https://www.chennairents.in/chennai/valasaravakkam/flats-for-family-in-valasaravakkam","Index, Follow","Family Flats for Rent in Valasaravakkam | Safe & Connected","Rent verified family apartments in Valasaravakkam. Sweet groundwater, broad layout roads, reputable schools, and community living.","Flats for Family in Valasaravakkam","Prime Neighborhood Pockets & Micro-Markets | Standard Specifications & Features | Monsoon Readiness & Elevation Guidance | Frequently Asked Questions about Flats for Family in Valasaravakkam | Explore Valasaravakkam Rental Network","Contact Verified Property Owners","https://www.chennairents.in/chennai/valasaravakkam","https://www.chennairents.in/chennai/valasaravakkam; https://www.chennairents.in/chennai/rentals","Targets specific long-tail intent for Family Rentals in Valasaravakkam; canonical isolated from base hub","BreadcrumbList, RealEstateListing, FAQPage","GCC, CMWSSB, CMRL, Ground-truth local audit","Pass / Verified","SEO QA Lead / 2026-10-05"
"https://www.chennairents.in/chennai/valasaravakkam/co-living-in-valasaravakkam","Locality Facet / Typology","co living in valasaravakkam","Transactional","co-living valasaravakkam; verified co living in valasaravakkam; owner direct co living in valasaravakkam; co living in valasaravakkam price deposit","Valasaravakkam","Co-Living","https://www.chennairents.in/chennai/valasaravakkam/co-living-in-valasaravakkam","Index, Follow","Co-Living Spaces in Valasaravakkam | Managed Modern Stays","Modern co-living accommodations in Valasaravakkam. High-speed Wi-Fi, daily housekeeping, food options, and zero brokerage hassles.","Co-Living Spaces in Valasaravakkam","Valasaravakkam Rental Market Snapshot | Standard Specifications & Features | Monsoon Readiness & Elevation Guidance | Frequently Asked Questions about Co-Living Spaces in Valasaravakkam | Explore Valasaravakkam Rental Network","Contact Verified Property Owners","https://www.chennairents.in/chennai/valasaravakkam","https://www.chennairents.in/chennai/valasaravakkam; https://www.chennairents.in/chennai/rentals","Targets specific long-tail intent for Co-Living in Valasaravakkam; canonical isolated from base hub","BreadcrumbList, RealEstateListing, FAQPage","GCC, CMWSSB, CMRL, Ground-truth local audit","Pass / Verified","SEO QA Lead / 2026-10-05"
"https://www.chennairents.in/chennai/valasaravakkam/pg-for-men-in-valasaravakkam","Locality Facet / Typology","pg for men in valasaravakkam","Transactional","pg for men valasaravakkam; verified pg for men in valasaravakkam; owner direct pg for men in valasaravakkam; pg for men in valasaravakkam price deposit","Valasaravakkam","PG for Men","https://www.chennairents.in/chennai/valasaravakkam/pg-for-men-in-valasaravakkam","Index, Follow","PG for Men in Valasaravakkam Chennai | Food, AC & WiFi","Top gents PG and hostels in Valasaravakkam near Arcot Road and Porur junction. Wholesome South Indian food, AC rooms, and bike parking.","PG for Men in Valasaravakkam, Chennai","Recommended Residential Enclaves in Valasaravakkam | Standard Specifications & Features | Financials & Expected Costs | Monsoon Readiness & Elevation Guidance | Frequently Asked Questions about PG for Men in Valasaravakkam, Chennai","Contact Verified Property Owners","https://www.chennairents.in/chennai/valasaravakkam","https://www.chennairents.in/chennai/valasaravakkam; https://www.chennairents.in/chennai/rentals","Targets specific long-tail intent for PG for Men in Valasaravakkam; canonical isolated from base hub","BreadcrumbList, RealEstateListing, FAQPage","GCC, CMWSSB, CMRL, Ground-truth local audit","Pass / Verified","SEO QA Lead / 2026-10-05"
"https://www.chennairents.in/chennai/valasaravakkam/pg-for-women-in-valasaravakkam","Locality Facet / Typology","pg for women in valasaravakkam","Transactional","pg for women valasaravakkam; verified pg for women in valasaravakkam; owner direct pg for women in valasaravakkam; pg for women in valasaravakkam price deposit","Valasaravakkam","PG for Women","https://www.chennairents.in/chennai/valasaravakkam/pg-for-women-in-valasaravakkam","Index, Follow","Safe PG for Women in Valasaravakkam | Secure Ladies Hostels","Safe, verified ladies PGs and women's hostels in Valasaravakkam. Biometric security, resident warden, home-style food, AC, and Wi-Fi.","Safe PG for Women in Valasaravakkam","Recommended Residential Enclaves in Valasaravakkam | Standard Specifications & Features | Financials & Expected Costs | Monsoon Readiness & Elevation Guidance | Frequently Asked Questions about Safe PG for Women in Valasaravakkam","Contact Verified Property Owners","https://www.chennairents.in/chennai/valasaravakkam","https://www.chennairents.in/chennai/valasaravakkam; https://www.chennairents.in/chennai/rentals","Targets specific long-tail intent for PG for Women in Valasaravakkam; canonical isolated from base hub","BreadcrumbList, RealEstateListing, FAQPage","GCC, CMWSSB, CMRL, Ground-truth local audit","Pass / Verified","SEO QA Lead / 2026-10-05"
"https://www.chennairents.in/chennai/valasaravakkam/independent-houses-for-rent-in-valasaravakkam","Locality Facet / Typology","independent houses for rent in valasaravakkam","Transactional","independent house / villa valasaravakkam; verified independent houses for rent in valasaravakkam; owner direct independent houses for rent in valasaravakkam; independent houses for rent in valasaravakkam price deposit","Valasaravakkam","Independent House / Villa","https://www.chennairents.in/chennai/valasaravakkam/independent-houses-for-rent-in-valasaravakkam","Index, Follow","Independent Houses for Rent in Valasaravakkam | Private Villas","Discover independent houses and private bungalows for rent in Valasaravakkam. Enjoy private car porches, exclusive terraces, and quiet gardens.","Independent Houses for Rent in Valasaravakkam","Prime Neighborhood Pockets & Micro-Markets | Standard Specifications & Features | Monsoon Readiness & Elevation Guidance | Frequently Asked Questions about Independent Houses for Rent in Valasaravakkam | Explore Valasaravakkam Rental Network","Contact Verified Property Owners","https://www.chennairents.in/chennai/valasaravakkam","https://www.chennairents.in/chennai/valasaravakkam; https://www.chennairents.in/chennai/rentals","Targets specific long-tail intent for Independent House / Villa in Valasaravakkam; canonical isolated from base hub","BreadcrumbList, RealEstateListing, FAQPage","GCC, CMWSSB, CMRL, Ground-truth local audit","Pass / Verified","SEO QA Lead / 2026-10-05"
"https://www.chennairents.in/chennai/valasaravakkam/furnished-flats-for-rent-in-valasaravakkam","Locality Facet / Typology","furnished flats for rent in valasaravakkam","Transactional","furnished flats valasaravakkam; verified furnished flats for rent in valasaravakkam; owner direct furnished flats for rent in valasaravakkam; furnished flats for rent in valasaravakkam price deposit","Valasaravakkam","Furnished Flats","https://www.chennairents.in/chennai/valasaravakkam/furnished-flats-for-rent-in-valasaravakkam","Index, Follow","Fully Furnished Flats for Rent in Valasaravakkam | Turnkey Stays","Move-in ready furnished flats for rent in Valasaravakkam. Fitted with ACs, modular kitchens, beds, sofas, TV, and premium home appliances.","Furnished Flats for Rent in Valasaravakkam","Furnishing Inventory Checklist | Ideal Tenant Match & Occupancy Profiles | Monsoon Readiness & Elevation Guidance | Frequently Asked Questions about Furnished Flats for Rent in Valasaravakkam | Explore Valasaravakkam Rental Network","Contact Verified Property Owners","https://www.chennairents.in/chennai/valasaravakkam","https://www.chennairents.in/chennai/valasaravakkam; https://www.chennairents.in/chennai/rentals","Targets specific long-tail intent for Furnished Flats in Valasaravakkam; canonical isolated from base hub","BreadcrumbList, RealEstateListing, FAQPage","GCC, CMWSSB, CMRL, Ground-truth local audit","Pass / Verified","SEO QA Lead / 2026-10-05"
"https://www.chennairents.in/chennai/valasaravakkam/flats-for-rent-under-10000-in-valasaravakkam","Locality Facet / Typology","flats for rent under 10000 in valasaravakkam","Transactional","flats under ₹10,000 valasaravakkam; verified flats for rent under 10000 in valasaravakkam; owner direct flats for rent under 10000 in valasaravakkam; flats for rent under 10000 in valasaravakkam price deposit","Valasaravakkam","Flats Under ₹10,000","https://www.chennairents.in/chennai/valasaravakkam/flats-for-rent-under-10000-in-valasaravakkam","Index, Follow","Flats for Rent Under ₹10,000 in Valasaravakkam | Budget Homes","Find affordable flats and compact 1RK/1BHK homes for rent under ₹10,000 in Valasaravakkam. Low deposits and easy bus connectivity.","Flats for Rent Under ₹10,000 in Valasaravakkam","Prime Neighborhood Pockets & Micro-Markets | Standard Specifications & Features | Monsoon Readiness & Elevation Guidance | Frequently Asked Questions about Flats for Rent Under ₹10,000 in Valasaravakkam | Explore Valasaravakkam Rental Network","Contact Verified Property Owners","https://www.chennairents.in/chennai/valasaravakkam","https://www.chennairents.in/chennai/valasaravakkam; https://www.chennairents.in/chennai/rentals","Targets specific long-tail intent for Flats Under ₹10,000 in Valasaravakkam; canonical isolated from base hub","BreadcrumbList, RealEstateListing, FAQPage","GCC, CMWSSB, CMRL, Ground-truth local audit","Pass / Verified","SEO QA Lead / 2026-10-05"
"https://www.chennairents.in/chennai/valasaravakkam/flats-for-rent-under-15000-in-valasaravakkam","Locality Facet / Typology","flats for rent under 15000 in valasaravakkam","Transactional","flats under ₹15,000 valasaravakkam; verified flats for rent under 15000 in valasaravakkam; owner direct flats for rent under 15000 in valasaravakkam; flats for rent under 15000 in valasaravakkam price deposit","Valasaravakkam","Flats Under ₹15,000","https://www.chennairents.in/chennai/valasaravakkam/flats-for-rent-under-15000-in-valasaravakkam","Index, Follow","Flats for Rent Under ₹15,000 in Valasaravakkam | 1BHK & 2BHK","Discover rental apartments under ₹15,000 in Valasaravakkam. Quality 1BHK flats and budget-friendly 2BHK builder floors near Arcot Road.","Flats for Rent Under ₹15,000 in Valasaravakkam","Prime Neighborhood Pockets & Micro-Markets | Standard Specifications & Features | Monsoon Readiness & Elevation Guidance | Frequently Asked Questions about Flats for Rent Under ₹15,000 in Valasaravakkam | Explore Valasaravakkam Rental Network","Contact Verified Property Owners","https://www.chennairents.in/chennai/valasaravakkam","https://www.chennairents.in/chennai/valasaravakkam; https://www.chennairents.in/chennai/rentals","Targets specific long-tail intent for Flats Under ₹15,000 in Valasaravakkam; canonical isolated from base hub","BreadcrumbList, RealEstateListing, FAQPage","GCC, CMWSSB, CMRL, Ground-truth local audit","Pass / Verified","SEO QA Lead / 2026-10-05"
"https://www.chennairents.in/chennai/valasaravakkam/flats-for-rent-under-20000-in-valasaravakkam","Locality Facet / Typology","flats for rent under 20000 in valasaravakkam","Transactional","flats under ₹20,000 valasaravakkam; verified flats for rent under 20000 in valasaravakkam; owner direct flats for rent under 20000 in valasaravakkam; flats for rent under 20000 in valasaravakkam price deposit","Valasaravakkam","Flats Under ₹20,000","https://www.chennairents.in/chennai/valasaravakkam/flats-for-rent-under-20000-in-valasaravakkam","Index, Follow","Flats for Rent Under ₹20,000 in Valasaravakkam | Prime 2BHKs","Browse rental apartments under ₹20,000 in Valasaravakkam. Modern 2BHK flats with reserved car parking, lift, and modular kitchens.","Flats for Rent Under ₹20,000 in Valasaravakkam","Prime Neighborhood Pockets & Micro-Markets | Standard Specifications & Features | Monsoon Readiness & Elevation Guidance | Frequently Asked Questions about Flats for Rent Under ₹20,000 in Valasaravakkam | Explore Valasaravakkam Rental Network","Contact Verified Property Owners","https://www.chennairents.in/chennai/valasaravakkam","https://www.chennairents.in/chennai/valasaravakkam; https://www.chennairents.in/chennai/rentals","Targets specific long-tail intent for Flats Under ₹20,000 in Valasaravakkam; canonical isolated from base hub","BreadcrumbList, RealEstateListing, FAQPage","GCC, CMWSSB, CMRL, Ground-truth local audit","Pass / Verified","SEO QA Lead / 2026-10-05"
"https://www.chennairents.in/chennai/adyar/flats-for-rent-in-adyar","Locality Facet / Typology","flats for rent in adyar","Transactional","flats / apartments adyar; verified flats for rent in adyar; owner direct flats for rent in adyar; flats for rent in adyar price deposit","Adyar","Flats / Apartments","https://www.chennairents.in/chennai/adyar/flats-for-rent-in-adyar","Index, Follow","Flats for Rent in Adyar Chennai | 1RK to 3BHK Rentals","Explore verified flats for rent in Adyar, Chennai. Compare luxury apartments and standalone builder floors near IIT Madras, OMR, and Besant Nagar.","Flats for Rent in Adyar, Chennai","Prime Neighborhood Pockets & Micro-Markets | Adyar Rental Market Snapshot | Monsoon Resilience & Water Security in Adyar | Frequently Asked Questions about Flats for Rent in Adyar, Chennai | Explore Adyar Rental Network","Contact Verified Property Owners","https://www.chennairents.in/chennai/adyar","https://www.chennairents.in/chennai/adyar; https://www.chennairents.in/chennai/rentals","Targets specific long-tail intent for Flats / Apartments in Adyar; canonical isolated from base hub","BreadcrumbList, RealEstateListing, FAQPage","GCC, CMWSSB, CMRL, Ground-truth local audit","Pass / Verified","SEO QA Lead / 2026-10-05"
"https://www.chennairents.in/chennai/adyar/1rk-for-rent-in-adyar","Locality Facet / Typology","1rk for rent in adyar","Transactional","1 rk adyar; verified 1rk for rent in adyar; owner direct 1rk for rent in adyar; 1rk for rent in adyar price deposit","Adyar","1 RK","https://www.chennairents.in/chennai/adyar/1rk-for-rent-in-adyar","Index, Follow","1RK for Rent in Adyar Chennai | Compact Studio Rooms","Find independent 1RK studio rooms for rent in Adyar. Low maintenance, private entries, attached baths, and quick access to IIT Madras and OMR.","1RK Studio Rooms for Rent in Adyar","Recommended Residential Enclaves in Adyar | Key Living Advantages | Financials & Expected Costs | Monsoon Resilience & Water Security in Adyar | Frequently Asked Questions about 1RK Studio Rooms for Rent in Adyar","Contact Verified Property Owners","https://www.chennairents.in/chennai/adyar","https://www.chennairents.in/chennai/adyar; https://www.chennairents.in/chennai/rentals","Targets specific long-tail intent for 1 RK in Adyar; canonical isolated from base hub","BreadcrumbList, RealEstateListing, FAQPage","GCC, CMWSSB, CMRL, Ground-truth local audit","Pass / Verified","SEO QA Lead / 2026-10-05"
"https://www.chennairents.in/chennai/adyar/1bhk-flats-for-rent-in-adyar","Locality Facet / Typology","1bhk flats for rent in adyar","Transactional","1 bhk adyar; verified 1bhk flats for rent in adyar; owner direct 1bhk flats for rent in adyar; 1bhk flats for rent in adyar price deposit","Adyar","1 BHK","https://www.chennairents.in/chennai/adyar/1bhk-flats-for-rent-in-adyar","Index, Follow","1BHK Flats for Rent in Adyar Chennai | Verified Flats","Browse verified 1BHK rental apartments in Adyar. Independent floors and society flats near Kasturba Nagar MRTS, Fortis Malar, and Sardar Patel Road.","1BHK Flats for Rent in Adyar, Chennai","Prime Neighborhood Pockets & Micro-Markets | Standard Specifications & Features | Financials & Expected Costs | Monsoon Resilience & Water Security in Adyar | Frequently Asked Questions about 1BHK Flats for Rent in Adyar, Chennai","Contact Verified Property Owners","https://www.chennairents.in/chennai/adyar","https://www.chennairents.in/chennai/adyar; https://www.chennairents.in/chennai/rentals","Targets specific long-tail intent for 1 BHK in Adyar; canonical isolated from base hub","BreadcrumbList, RealEstateListing, FAQPage","GCC, CMWSSB, CMRL, Ground-truth local audit","Pass / Verified","SEO QA Lead / 2026-10-05"
"https://www.chennairents.in/chennai/adyar/2bhk-flats-for-rent-in-adyar","Locality Facet / Typology","2bhk flats for rent in adyar","Transactional","2 bhk adyar; verified 2bhk flats for rent in adyar; owner direct 2bhk flats for rent in adyar; 2bhk flats for rent in adyar price deposit","Adyar","2 BHK","https://www.chennairents.in/chennai/adyar/2bhk-flats-for-rent-in-adyar","Index, Follow","2BHK Flats for Rent in Adyar Chennai | Standalone & Gated","Rent verified 2BHK flats in Adyar. Explore 2-bedroom rental apartments in Gandhi Nagar, Indira Nagar, and Shastri Nagar with reserved car parking.","2BHK Flats for Rent in Adyar, Chennai","Prime Neighborhood Pockets & Micro-Markets | Adyar Rental Market Snapshot | Monsoon Resilience & Water Security in Adyar | Frequently Asked Questions about 2BHK Flats for Rent in Adyar, Chennai | Explore Adyar Rental Network","Contact Verified Property Owners","https://www.chennairents.in/chennai/adyar","https://www.chennairents.in/chennai/adyar; https://www.chennairents.in/chennai/rentals","Targets specific long-tail intent for 2 BHK in Adyar; canonical isolated from base hub","BreadcrumbList, RealEstateListing, FAQPage","GCC, CMWSSB, CMRL, Ground-truth local audit","Pass / Verified","SEO QA Lead / 2026-10-05"
"https://www.chennairents.in/chennai/adyar/3bhk-flats-for-rent-in-adyar","Locality Facet / Typology","3bhk flats for rent in adyar","Transactional","3 bhk adyar; verified 3bhk flats for rent in adyar; owner direct 3bhk flats for rent in adyar; 3bhk flats for rent in adyar price deposit","Adyar","3 BHK","https://www.chennairents.in/chennai/adyar/3bhk-flats-for-rent-in-adyar","Index, Follow","3BHK Flats for Rent in Adyar Chennai | Premium Living","Discover luxury 3BHK apartments for rent in Adyar. Expansive floor plans, 100% power backup, 2 covered car parking bays, gym, and 24/7 security.","3BHK Flats for Rent in Adyar, Chennai","Prime Neighborhood Pockets & Micro-Markets | Standard Specifications & Features | Monsoon Resilience & Water Security in Adyar | Frequently Asked Questions about 3BHK Flats for Rent in Adyar, Chennai | Explore Adyar Rental Network","Contact Verified Property Owners","https://www.chennairents.in/chennai/adyar","https://www.chennairents.in/chennai/adyar; https://www.chennairents.in/chennai/rentals","Targets specific long-tail intent for 3 BHK in Adyar; canonical isolated from base hub","BreadcrumbList, RealEstateListing, FAQPage","GCC, CMWSSB, CMRL, Ground-truth local audit","Pass / Verified","SEO QA Lead / 2026-10-05"
"https://www.chennairents.in/chennai/adyar/1bhk-flats-for-bachelors-in-adyar","Locality Facet / Typology","1bhk flats for bachelors in adyar","Transactional","1 bhk adyar; verified 1bhk flats for bachelors in adyar; owner direct 1bhk flats for bachelors in adyar; 1bhk flats for bachelors in adyar price deposit","Adyar","1 BHK","https://www.chennairents.in/chennai/adyar/1bhk-flats-for-bachelors-in-adyar","Index, Follow","1BHK Flats for Bachelors in Adyar | Work Near Tidel Park","Find bachelor-friendly 1BHK rental apartments in Adyar. Verified owners, zero intrusive oversight, and quick 5-minute transit to Tidel Park & Ascendas.","1BHK Flats for Bachelors in Adyar","Recommended Residential Enclaves in Adyar | Key Living Advantages | Financials & Expected Costs | Monsoon Resilience & Water Security in Adyar | Frequently Asked Questions about 1BHK Flats for Bachelors in Adyar","Contact Verified Property Owners","https://www.chennairents.in/chennai/adyar","https://www.chennairents.in/chennai/adyar; https://www.chennairents.in/chennai/rentals","Targets specific long-tail intent for 1 BHK in Adyar; canonical isolated from base hub","BreadcrumbList, RealEstateListing, FAQPage","GCC, CMWSSB, CMRL, Ground-truth local audit","Pass / Verified","SEO QA Lead / 2026-10-05"
"https://www.chennairents.in/chennai/adyar/2bhk-flats-for-bachelors-in-adyar","Locality Facet / Typology","2bhk flats for bachelors in adyar","Transactional","2 bhk adyar; verified 2bhk flats for bachelors in adyar; owner direct 2bhk flats for bachelors in adyar; 2bhk flats for bachelors in adyar price deposit","Adyar","2 BHK","https://www.chennairents.in/chennai/adyar/2bhk-flats-for-bachelors-in-adyar","Index, Follow","2BHK Flats for Bachelors in Adyar | Share & Split Rent","Rent verified 2BHK flats for bachelors in Adyar. Split rental expenses near Madhya Kailash, LB Road, cafes, and Kasturba Nagar MRTS station.","2BHK Flats for Bachelors in Adyar","Recommended Residential Enclaves in Adyar | Standard Specifications & Features | Roommate Economics & Split Calculations | Monsoon Resilience & Water Security in Adyar | Frequently Asked Questions about 2BHK Flats for Bachelors in Adyar","Contact Verified Property Owners","https://www.chennairents.in/chennai/adyar","https://www.chennairents.in/chennai/adyar; https://www.chennairents.in/chennai/rentals","Targets specific long-tail intent for 2 BHK in Adyar; canonical isolated from base hub","BreadcrumbList, RealEstateListing, FAQPage","GCC, CMWSSB, CMRL, Ground-truth local audit","Pass / Verified","SEO QA Lead / 2026-10-05"
"https://www.chennairents.in/chennai/adyar/2bhk-flats-for-family-in-adyar","Locality Facet / Typology","2bhk flats for family in adyar","Transactional","2 bhk adyar; verified 2bhk flats for family in adyar; owner direct 2bhk flats for family in adyar; 2bhk flats for family in adyar price deposit","Adyar","2 BHK","https://www.chennairents.in/chennai/adyar/2bhk-flats-for-family-in-adyar","Index, Follow","2BHK Flats for Family in Adyar | Safe, Leafy Neighborhoods","Safe and peaceful 2BHK family flats for rent in Adyar. Walking distance to St. Patrick's, The Hindu Senior Secondary School, parks, and temples.","2BHK Flats for Family in Adyar","Prime Neighborhood Pockets & Micro-Markets | Standard Specifications & Features | Monsoon Resilience & Water Security in Adyar | Frequently Asked Questions about 2BHK Flats for Family in Adyar | Explore Adyar Rental Network","Contact Verified Property Owners","https://www.chennairents.in/chennai/adyar","https://www.chennairents.in/chennai/adyar; https://www.chennairents.in/chennai/rentals","Targets specific long-tail intent for 2 BHK in Adyar; canonical isolated from base hub","BreadcrumbList, RealEstateListing, FAQPage","GCC, CMWSSB, CMRL, Ground-truth local audit","Pass / Verified","SEO QA Lead / 2026-10-05"
"https://www.chennairents.in/chennai/adyar/3bhk-flats-for-family-in-adyar","Locality Facet / Typology","3bhk flats for family in adyar","Transactional","3 bhk adyar; verified 3bhk flats for family in adyar; owner direct 3bhk flats for family in adyar; 3bhk flats for family in adyar price deposit","Adyar","3 BHK","https://www.chennairents.in/chennai/adyar/3bhk-flats-for-family-in-adyar","Index, Follow","3BHK Flats for Family in Adyar | Spacious Luxury Living","Explore expansive 3BHK family apartments in Adyar. Dual car parking, modern lifts, power backup, and quiet tree-lined avenues near the beach.","3BHK Flats for Family in Adyar","Recommended Residential Enclaves in Adyar | Key Living Advantages | Monsoon Resilience & Water Security in Adyar | Frequently Asked Questions about 3BHK Flats for Family in Adyar | Explore Adyar Rental Network","Contact Verified Property Owners","https://www.chennairents.in/chennai/adyar","https://www.chennairents.in/chennai/adyar; https://www.chennairents.in/chennai/rentals","Targets specific long-tail intent for 3 BHK in Adyar; canonical isolated from base hub","BreadcrumbList, RealEstateListing, FAQPage","GCC, CMWSSB, CMRL, Ground-truth local audit","Pass / Verified","SEO QA Lead / 2026-10-05"
"https://www.chennairents.in/chennai/adyar/flats-for-bachelors-in-adyar","Locality Facet / Typology","flats for bachelors in adyar","Transactional","bachelor friendly rentals adyar; verified flats for bachelors in adyar; owner direct flats for bachelors in adyar; flats for bachelors in adyar price deposit","Adyar","Bachelor Friendly Rentals","https://www.chennairents.in/chennai/adyar/flats-for-bachelors-in-adyar","Index, Follow","Flats for Bachelors in Adyar | 100% Bachelor-Friendly Rentals","Explore bachelor flats for rent in Adyar across 1RK, 1BHK, 2BHK, and 3BHK options. Transparent agreements, minimal paperwork, and prime transit access.","Flats for Bachelors in Adyar","Recommended Residential Enclaves in Adyar | Available Inventory Configurations & Pricing | Monsoon Resilience & Water Security in Adyar | Frequently Asked Questions about Flats for Bachelors in Adyar | Explore Adyar Rental Network","Contact Verified Property Owners","https://www.chennairents.in/chennai/adyar","https://www.chennairents.in/chennai/adyar; https://www.chennairents.in/chennai/rentals","Targets specific long-tail intent for Bachelor Friendly Rentals in Adyar; canonical isolated from base hub","BreadcrumbList, RealEstateListing, FAQPage","GCC, CMWSSB, CMRL, Ground-truth local audit","Pass / Verified","SEO QA Lead / 2026-10-05"
"https://www.chennairents.in/chennai/adyar/flats-for-family-in-adyar","Locality Facet / Typology","flats for family in adyar","Transactional","family rentals adyar; verified flats for family in adyar; owner direct flats for family in adyar; flats for family in adyar price deposit","Adyar","Family Rentals","https://www.chennairents.in/chennai/adyar/flats-for-family-in-adyar","Index, Follow","Family Flats for Rent in Adyar | Prime Coastal Neighborhood","Rent verified family apartments in Adyar, Chennai. Piped Metro Water, broad avenue streets, premier schools, and active resident associations.","Flats for Family in Adyar, Chennai","Prime Neighborhood Pockets & Micro-Markets | Standard Specifications & Features | Monsoon Resilience & Water Security in Adyar | Frequently Asked Questions about Flats for Family in Adyar, Chennai | Explore Adyar Rental Network","Contact Verified Property Owners","https://www.chennairents.in/chennai/adyar","https://www.chennairents.in/chennai/adyar; https://www.chennairents.in/chennai/rentals","Targets specific long-tail intent for Family Rentals in Adyar; canonical isolated from base hub","BreadcrumbList, RealEstateListing, FAQPage","GCC, CMWSSB, CMRL, Ground-truth local audit","Pass / Verified","SEO QA Lead / 2026-10-05"
"https://www.chennairents.in/chennai/adyar/co-living-in-adyar","Locality Facet / Typology","co living in adyar","Transactional","co-living adyar; verified co living in adyar; owner direct co living in adyar; co living in adyar price deposit","Adyar","Co-Living","https://www.chennairents.in/chennai/adyar/co-living-in-adyar","Index, Follow","Co-Living Spaces in Adyar Chennai | Managed Modern Stays","Upscale co-living spaces in Adyar. High-speed Wi-Fi, professional housekeeping, chef-cooked meals, and flexible month-to-month terms.","Co-Living Spaces in Adyar, Chennai","Adyar Rental Market Snapshot | Standard Specifications & Features | Monsoon Resilience & Water Security in Adyar | Frequently Asked Questions about Co-Living Spaces in Adyar, Chennai | Explore Adyar Rental Network","Contact Verified Property Owners","https://www.chennairents.in/chennai/adyar","https://www.chennairents.in/chennai/adyar; https://www.chennairents.in/chennai/rentals","Targets specific long-tail intent for Co-Living in Adyar; canonical isolated from base hub","BreadcrumbList, RealEstateListing, FAQPage","GCC, CMWSSB, CMRL, Ground-truth local audit","Pass / Verified","SEO QA Lead / 2026-10-05"
"https://www.chennairents.in/chennai/adyar/pg-for-men-in-adyar","Locality Facet / Typology","pg for men in adyar","Transactional","pg for men adyar; verified pg for men in adyar; owner direct pg for men in adyar; pg for men in adyar price deposit","Adyar","PG for Men","https://www.chennairents.in/chennai/adyar/pg-for-men-in-adyar","Index, Follow","PG for Men in Adyar Chennai | Food, AC & High-Speed WiFi","Best gents PGs and hostels in Adyar near Sardar Patel Road and Tidel Park. Authentic South Indian food, AC rooms, and bike parking.","PG for Men in Adyar, Chennai","Recommended Residential Enclaves in Adyar | Standard Specifications & Features | Financials & Expected Costs | Monsoon Resilience & Water Security in Adyar | Frequently Asked Questions about PG for Men in Adyar, Chennai","Contact Verified Property Owners","https://www.chennairents.in/chennai/adyar","https://www.chennairents.in/chennai/adyar; https://www.chennairents.in/chennai/rentals","Targets specific long-tail intent for PG for Men in Adyar; canonical isolated from base hub","BreadcrumbList, RealEstateListing, FAQPage","GCC, CMWSSB, CMRL, Ground-truth local audit","Pass / Verified","SEO QA Lead / 2026-10-05"
"https://www.chennairents.in/chennai/adyar/pg-for-women-in-adyar","Locality Facet / Typology","pg for women in adyar","Transactional","pg for women adyar; verified pg for women in adyar; owner direct pg for women in adyar; pg for women in adyar price deposit","Adyar","PG for Women","https://www.chennairents.in/chennai/adyar/pg-for-women-in-adyar","Index, Follow","Safe PG for Women in Adyar | Secure Ladies Hostels","Safe, verified ladies PGs and women's hostels in Adyar. Biometric access, round-the-clock warden, hygienic food, AC rooms, and high-speed Wi-Fi.","Safe PG for Women in Adyar, Chennai","Recommended Residential Enclaves in Adyar | Standard Specifications & Features | Financials & Expected Costs | Monsoon Resilience & Water Security in Adyar | Frequently Asked Questions about Safe PG for Women in Adyar, Chennai","Contact Verified Property Owners","https://www.chennairents.in/chennai/adyar","https://www.chennairents.in/chennai/adyar; https://www.chennairents.in/chennai/rentals","Targets specific long-tail intent for PG for Women in Adyar; canonical isolated from base hub","BreadcrumbList, RealEstateListing, FAQPage","GCC, CMWSSB, CMRL, Ground-truth local audit","Pass / Verified","SEO QA Lead / 2026-10-05"
"https://www.chennairents.in/chennai/adyar/independent-houses-for-rent-in-adyar","Locality Facet / Typology","independent houses for rent in adyar","Transactional","independent house / villa adyar; verified independent houses for rent in adyar; owner direct independent houses for rent in adyar; independent houses for rent in adyar price deposit","Adyar","Independent House / Villa","https://www.chennairents.in/chennai/adyar/independent-houses-for-rent-in-adyar","Index, Follow","Independent Houses for Rent in Adyar | Private Villas & Bungalows","Discover independent houses, private villas, and classic bungalows for rent in Adyar. Enjoy private gardens, covered car porches, and rooftop terraces.","Independent Houses for Rent in Adyar","Prime Neighborhood Pockets & Micro-Markets | Standard Specifications & Features | Monsoon Resilience & Water Security in Adyar | Frequently Asked Questions about Independent Houses for Rent in Adyar | Explore Adyar Rental Network","Contact Verified Property Owners","https://www.chennairents.in/chennai/adyar","https://www.chennairents.in/chennai/adyar; https://www.chennairents.in/chennai/rentals","Targets specific long-tail intent for Independent House / Villa in Adyar; canonical isolated from base hub","BreadcrumbList, RealEstateListing, FAQPage","GCC, CMWSSB, CMRL, Ground-truth local audit","Pass / Verified","SEO QA Lead / 2026-10-05"
"https://www.chennairents.in/chennai/adyar/furnished-flats-for-rent-in-adyar","Locality Facet / Typology","furnished flats for rent in adyar","Transactional","furnished flats adyar; verified furnished flats for rent in adyar; owner direct furnished flats for rent in adyar; furnished flats for rent in adyar price deposit","Adyar","Furnished Flats","https://www.chennairents.in/chennai/adyar/furnished-flats-for-rent-in-adyar","Index, Follow","Fully Furnished Flats for Rent in Adyar | Move-in Ready","Move-in ready fully furnished flats for rent in Adyar. Complete with inverter ACs, modular kitchens, luxury beds, sofas, TV, and premium appliances.","Furnished Flats for Rent in Adyar","Furnishing Inventory Checklist | Ideal Tenant Match & Occupancy Profiles | Monsoon Resilience & Water Security in Adyar | Frequently Asked Questions about Furnished Flats for Rent in Adyar | Explore Adyar Rental Network","Contact Verified Property Owners","https://www.chennairents.in/chennai/adyar","https://www.chennairents.in/chennai/adyar; https://www.chennairents.in/chennai/rentals","Targets specific long-tail intent for Furnished Flats in Adyar; canonical isolated from base hub","BreadcrumbList, RealEstateListing, FAQPage","GCC, CMWSSB, CMRL, Ground-truth local audit","Pass / Verified","SEO QA Lead / 2026-10-05"
"https://www.chennairents.in/chennai/adyar/flats-for-rent-under-10000-in-adyar","Locality Facet / Typology","flats for rent under 10000 in adyar","Transactional","flats under ₹10,000 adyar; verified flats for rent under 10000 in adyar; owner direct flats for rent under 10000 in adyar; flats for rent under 10000 in adyar price deposit","Adyar","Flats Under ₹10,000","https://www.chennairents.in/chennai/adyar/flats-for-rent-under-10000-in-adyar","Index, Follow","Flats for Rent Under ₹10,000 in Adyar | Budget Studio Rooms","Find budget rooms, 1RK studios, and compact flats for rent under ₹10,000 per month in Adyar. Verified listings with easy transit connectivity.","Flats for Rent Under ₹10,000 in Adyar","Prime Neighborhood Pockets & Micro-Markets | Standard Specifications & Features | Monsoon Resilience & Water Security in Adyar | Frequently Asked Questions about Flats for Rent Under ₹10,000 in Adyar | Explore Adyar Rental Network","Contact Verified Property Owners","https://www.chennairents.in/chennai/adyar","https://www.chennairents.in/chennai/adyar; https://www.chennairents.in/chennai/rentals","Targets specific long-tail intent for Flats Under ₹10,000 in Adyar; canonical isolated from base hub","BreadcrumbList, RealEstateListing, FAQPage","GCC, CMWSSB, CMRL, Ground-truth local audit","Pass / Verified","SEO QA Lead / 2026-10-05"
"https://www.chennairents.in/chennai/adyar/flats-for-rent-under-15000-in-adyar","Locality Facet / Typology","flats for rent under 15000 in adyar","Transactional","flats under ₹15,000 adyar; verified flats for rent under 15000 in adyar; owner direct flats for rent under 15000 in adyar; flats for rent under 15000 in adyar price deposit","Adyar","Flats Under ₹15,000","https://www.chennairents.in/chennai/adyar/flats-for-rent-under-15000-in-adyar","Index, Follow","Flats for Rent Under ₹15,000 in Adyar | Compact 1BHKs & Studios","Discover rental apartments under ₹15,000 in Adyar. Quality 1RK studios and compact 1BHK builder floors near rail stations and LB Road.","Flats for Rent Under ₹15,000 in Adyar","Prime Neighborhood Pockets & Micro-Markets | Standard Specifications & Features | Monsoon Resilience & Water Security in Adyar | Frequently Asked Questions about Flats for Rent Under ₹15,000 in Adyar | Explore Adyar Rental Network","Contact Verified Property Owners","https://www.chennairents.in/chennai/adyar","https://www.chennairents.in/chennai/adyar; https://www.chennairents.in/chennai/rentals","Targets specific long-tail intent for Flats Under ₹15,000 in Adyar; canonical isolated from base hub","BreadcrumbList, RealEstateListing, FAQPage","GCC, CMWSSB, CMRL, Ground-truth local audit","Pass / Verified","SEO QA Lead / 2026-10-05"
"https://www.chennairents.in/chennai/adyar/flats-for-rent-under-20000-in-adyar","Locality Facet / Typology","flats for rent under 20000 in adyar","Transactional","flats under ₹20,000 adyar; verified flats for rent under 20000 in adyar; owner direct flats for rent under 20000 in adyar; flats for rent under 20000 in adyar price deposit","Adyar","Flats Under ₹20,000","https://www.chennairents.in/chennai/adyar/flats-for-rent-under-20000-in-adyar","Index, Follow","Flats for Rent Under ₹20,000 in Adyar | 1BHK & Compact 2BHKs","Browse rental apartments under ₹20,000 in Adyar. Modern 1BHK flats and budget 2BHK builder floors with good water supply and transit access.","Flats for Rent Under ₹20,000 in Adyar","Prime Neighborhood Pockets & Micro-Markets | Standard Specifications & Features | Monsoon Resilience & Water Security in Adyar | Frequently Asked Questions about Flats for Rent Under ₹20,000 in Adyar | Explore Adyar Rental Network","Contact Verified Property Owners","https://www.chennairents.in/chennai/adyar","https://www.chennairents.in/chennai/adyar; https://www.chennairents.in/chennai/rentals","Targets specific long-tail intent for Flats Under ₹20,000 in Adyar; canonical isolated from base hub","BreadcrumbList, RealEstateListing, FAQPage","GCC, CMWSSB, CMRL, Ground-truth local audit","Pass / Verified","SEO QA Lead / 2026-10-05"
"https://www.chennairents.in/chennai/sholinganallur/flats-for-rent-in-sholinganallur","Locality Facet / Typology","flats for rent in sholinganallur","Transactional","flats / apartments sholinganallur; verified flats for rent in sholinganallur; owner direct flats for rent in sholinganallur; flats for rent in sholinganallur price deposit","Sholinganallur","Flats / Apartments","https://www.chennairents.in/chennai/sholinganallur/flats-for-rent-in-sholinganallur","Index, Follow","Flats for Rent in Sholinganallur Chennai | 1RK to 3BHK Rentals","Explore verified flats for rent in Sholinganallur, Chennai. Filter by gated communities, high-rise societies, and builder floors near ELCOT SEZ and OMR.","Flats for Rent in Sholinganallur, Chennai","Sholinganallur Micro-Market Hubs & Streets | Current Rental Market Benchmarks in Sholinganallur | Monsoon Resilience & Water Reality | Frequently Asked Questions | Explore Sholinganallur Rental Network","Contact Verified Property Owners","https://www.chennairents.in/chennai/sholinganallur","https://www.chennairents.in/chennai/sholinganallur; https://www.chennairents.in/chennai/rentals","Targets specific long-tail intent for Flats / Apartments in Sholinganallur; canonical isolated from base hub","BreadcrumbList, RealEstateListing, FAQPage","GCC, CMWSSB, CMRL, Ground-truth local audit","Pass / Verified","SEO QA Lead / 2026-10-05"
"https://www.chennairents.in/chennai/sholinganallur/1rk-for-rent-in-sholinganallur","Locality Facet / Typology","1rk for rent in sholinganallur","Transactional","1 rk sholinganallur; verified 1rk for rent in sholinganallur; owner direct 1rk for rent in sholinganallur; 1rk for rent in sholinganallur price deposit","Sholinganallur","1 RK","https://www.chennairents.in/chennai/sholinganallur/1rk-for-rent-in-sholinganallur","Index, Follow","1RK for Rent in Sholinganallur Chennai | Studio Rooms","Find independent 1RK studio rooms for rent in Sholinganallur. Low security deposits, private washrooms, and quick walking access to ELCOT SEZ tech parks.","1RK Studio Rooms for Rent in Sholinganallur","Property Features & Resident Insights | Frequently Asked Questions | Explore Sholinganallur Rental Network","Contact Verified Property Owners","https://www.chennairents.in/chennai/sholinganallur","https://www.chennairents.in/chennai/sholinganallur; https://www.chennairents.in/chennai/rentals","Targets specific long-tail intent for 1 RK in Sholinganallur; canonical isolated from base hub","BreadcrumbList, RealEstateListing, FAQPage","GCC, CMWSSB, CMRL, Ground-truth local audit","Pass / Verified","SEO QA Lead / 2026-10-05"
"https://www.chennairents.in/chennai/sholinganallur/1bhk-flats-for-rent-in-sholinganallur","Locality Facet / Typology","1bhk flats for rent in sholinganallur","Transactional","1 bhk sholinganallur; verified 1bhk flats for rent in sholinganallur; owner direct 1bhk flats for rent in sholinganallur; 1bhk flats for rent in sholinganallur price deposit","Sholinganallur","1 BHK","https://www.chennairents.in/chennai/sholinganallur/1bhk-flats-for-rent-in-sholinganallur","Index, Follow","1BHK Flats for Rent in Sholinganallur Chennai | Verified Units","Browse verified 1BHK rental apartments in Sholinganallur. Independent builder floors and high-rise apartments near major OMR IT corporate offices.","1BHK Flats for Rent in Sholinganallur, Chennai","Property Features & Resident Insights | Frequently Asked Questions | Explore Sholinganallur Rental Network","Contact Verified Property Owners","https://www.chennairents.in/chennai/sholinganallur","https://www.chennairents.in/chennai/sholinganallur; https://www.chennairents.in/chennai/rentals","Targets specific long-tail intent for 1 BHK in Sholinganallur; canonical isolated from base hub","BreadcrumbList, RealEstateListing, FAQPage","GCC, CMWSSB, CMRL, Ground-truth local audit","Pass / Verified","SEO QA Lead / 2026-10-05"
"https://www.chennairents.in/chennai/sholinganallur/2bhk-flats-for-rent-in-sholinganallur","Locality Facet / Typology","2bhk flats for rent in sholinganallur","Transactional","2 bhk sholinganallur; verified 2bhk flats for rent in sholinganallur; owner direct 2bhk flats for rent in sholinganallur; 2bhk flats for rent in sholinganallur price deposit","Sholinganallur","2 BHK","https://www.chennairents.in/chennai/sholinganallur/2bhk-flats-for-rent-in-sholinganallur","Index, Follow","2BHK Flats for Rent in Sholinganallur | Gated & Standalone","Rent verified 2BHK flats in Sholinganallur, Chennai. Gated societies and standalone apartments near ELCOT SEZ with dedicated car parking and amenities.","2BHK Flats for Rent in Sholinganallur, Chennai","Sholinganallur Micro-Market Hubs & Streets | Property Features & Resident Insights | Frequently Asked Questions | Explore Sholinganallur Rental Network","Contact Verified Property Owners","https://www.chennairents.in/chennai/sholinganallur","https://www.chennairents.in/chennai/sholinganallur; https://www.chennairents.in/chennai/rentals","Targets specific long-tail intent for 2 BHK in Sholinganallur; canonical isolated from base hub","BreadcrumbList, RealEstateListing, FAQPage","GCC, CMWSSB, CMRL, Ground-truth local audit","Pass / Verified","SEO QA Lead / 2026-10-05"
"https://www.chennairents.in/chennai/sholinganallur/3bhk-flats-for-rent-in-sholinganallur","Locality Facet / Typology","3bhk flats for rent in sholinganallur","Transactional","3 bhk sholinganallur; verified 3bhk flats for rent in sholinganallur; owner direct 3bhk flats for rent in sholinganallur; 3bhk flats for rent in sholinganallur price deposit","Sholinganallur","3 BHK","https://www.chennairents.in/chennai/sholinganallur/3bhk-flats-for-rent-in-sholinganallur","Index, Follow","3BHK Flats for Rent in Sholinganallur | Gated Townships","Discover luxury 3BHK rental apartments in Sholinganallur. Expansive gated communities with clubhouse, 100% DG backup, gym, and swimming pool.","3BHK Flats for Rent in Sholinganallur, Chennai","Property Features & Resident Insights | Frequently Asked Questions | Explore Sholinganallur Rental Network","Contact Verified Property Owners","https://www.chennairents.in/chennai/sholinganallur","https://www.chennairents.in/chennai/sholinganallur; https://www.chennairents.in/chennai/rentals","Targets specific long-tail intent for 3 BHK in Sholinganallur; canonical isolated from base hub","BreadcrumbList, RealEstateListing, FAQPage","GCC, CMWSSB, CMRL, Ground-truth local audit","Pass / Verified","SEO QA Lead / 2026-10-05"
"https://www.chennairents.in/chennai/sholinganallur/1bhk-flats-for-bachelors-in-sholinganallur","Locality Facet / Typology","1bhk flats for bachelors in sholinganallur","Transactional","1 bhk sholinganallur; verified 1bhk flats for bachelors in sholinganallur; owner direct 1bhk flats for bachelors in sholinganallur; 1bhk flats for bachelors in sholinganallur price deposit","Sholinganallur","1 BHK","https://www.chennairents.in/chennai/sholinganallur/1bhk-flats-for-bachelors-in-sholinganallur","Index, Follow","1BHK Flats for Bachelors in Sholinganallur | Near ELCOT SEZ","Find bachelor-friendly 1BHK flats for rent in Sholinganallur. Verified owners, late-shift friendly policies, and 5-minute commutes to OMR IT parks.","1BHK Flats for Bachelors in Sholinganallur","Property Features & Resident Insights | Frequently Asked Questions | Explore Sholinganallur Rental Network","Contact Verified Property Owners","https://www.chennairents.in/chennai/sholinganallur","https://www.chennairents.in/chennai/sholinganallur; https://www.chennairents.in/chennai/rentals","Targets specific long-tail intent for 1 BHK in Sholinganallur; canonical isolated from base hub","BreadcrumbList, RealEstateListing, FAQPage","GCC, CMWSSB, CMRL, Ground-truth local audit","Pass / Verified","SEO QA Lead / 2026-10-05"
"https://www.chennairents.in/chennai/sholinganallur/2bhk-flats-for-bachelors-in-sholinganallur","Locality Facet / Typology","2bhk flats for bachelors in sholinganallur","Transactional","2 bhk sholinganallur; verified 2bhk flats for bachelors in sholinganallur; owner direct 2bhk flats for bachelors in sholinganallur; 2bhk flats for bachelors in sholinganallur price deposit","Sholinganallur","2 BHK","https://www.chennairents.in/chennai/sholinganallur/2bhk-flats-for-bachelors-in-sholinganallur","Index, Follow","2BHK Flats for Bachelors in Sholinganallur | Share & Save Rent","Rent verified 2BHK flats for bachelors in Sholinganallur. Split costs with colleagues near Infosys, TCS, and Wipro with zero commute stress.","2BHK Flats for Bachelors in Sholinganallur","Frequently Asked Questions | Explore Sholinganallur Rental Network","Contact Verified Property Owners","https://www.chennairents.in/chennai/sholinganallur","https://www.chennairents.in/chennai/sholinganallur; https://www.chennairents.in/chennai/rentals","Targets specific long-tail intent for 2 BHK in Sholinganallur; canonical isolated from base hub","BreadcrumbList, RealEstateListing, FAQPage","GCC, CMWSSB, CMRL, Ground-truth local audit","Pass / Verified","SEO QA Lead / 2026-10-05"
"https://www.chennairents.in/chennai/sholinganallur/2bhk-flats-for-family-in-sholinganallur","Locality Facet / Typology","2bhk flats for family in sholinganallur","Transactional","2 bhk sholinganallur; verified 2bhk flats for family in sholinganallur; owner direct 2bhk flats for family in sholinganallur; 2bhk flats for family in sholinganallur price deposit","Sholinganallur","2 BHK","https://www.chennairents.in/chennai/sholinganallur/2bhk-flats-for-family-in-sholinganallur","Index, Follow","2BHK Flats for Family in Sholinganallur | Safe Gated Societies","Safe and peaceful 2BHK family flats for rent in Sholinganallur. Close to Babaji Vidhyashram, PSBB Millennium, hospitals, and grocery hubs.","2BHK Flats for Family in Sholinganallur, Chennai","Property Features & Resident Insights | Frequently Asked Questions | Explore Sholinganallur Rental Network","Contact Verified Property Owners","https://www.chennairents.in/chennai/sholinganallur","https://www.chennairents.in/chennai/sholinganallur; https://www.chennairents.in/chennai/rentals","Targets specific long-tail intent for 2 BHK in Sholinganallur; canonical isolated from base hub","BreadcrumbList, RealEstateListing, FAQPage","GCC, CMWSSB, CMRL, Ground-truth local audit","Pass / Verified","SEO QA Lead / 2026-10-05"
"https://www.chennairents.in/chennai/sholinganallur/3bhk-flats-for-family-in-sholinganallur","Locality Facet / Typology","3bhk flats for family in sholinganallur","Transactional","3 bhk sholinganallur; verified 3bhk flats for family in sholinganallur; owner direct 3bhk flats for family in sholinganallur; 3bhk flats for family in sholinganallur price deposit","Sholinganallur","3 BHK","https://www.chennairents.in/chennai/sholinganallur/3bhk-flats-for-family-in-sholinganallur","Index, Follow","3BHK Flats for Family in Sholinganallur | Premium Townships","Find large 3BHK family apartments in Sholinganallur. Gated communities with round-the-clock security, backup power, parks, and parking.","3BHK Flats for Family in Sholinganallur","Property Features & Resident Insights | Frequently Asked Questions | Explore Sholinganallur Rental Network","Contact Verified Property Owners","https://www.chennairents.in/chennai/sholinganallur","https://www.chennairents.in/chennai/sholinganallur; https://www.chennairents.in/chennai/rentals","Targets specific long-tail intent for 3 BHK in Sholinganallur; canonical isolated from base hub","BreadcrumbList, RealEstateListing, FAQPage","GCC, CMWSSB, CMRL, Ground-truth local audit","Pass / Verified","SEO QA Lead / 2026-10-05"
"https://www.chennairents.in/chennai/sholinganallur/flats-for-bachelors-in-sholinganallur","Locality Facet / Typology","flats for bachelors in sholinganallur","Transactional","bachelor friendly rentals sholinganallur; verified flats for bachelors in sholinganallur; owner direct flats for bachelors in sholinganallur; flats for bachelors in sholinganallur price deposit","Sholinganallur","Bachelor Friendly Rentals","https://www.chennairents.in/chennai/sholinganallur/flats-for-bachelors-in-sholinganallur","Index, Follow","Flats for Bachelors in Sholinganallur | 100% Bachelor-Friendly","Explore bachelor flats for rent in Sholinganallur across 1RK, 1BHK, 2BHK, and 3BHK layouts. No intrusive rules, fair deposits, and instant move-ins.","Bachelor Flats for Rent in Sholinganallur","Current Rental Market Benchmarks in Sholinganallur | Frequently Asked Questions | Explore Sholinganallur Rental Network","Contact Verified Property Owners","https://www.chennairents.in/chennai/sholinganallur","https://www.chennairents.in/chennai/sholinganallur; https://www.chennairents.in/chennai/rentals","Targets specific long-tail intent for Bachelor Friendly Rentals in Sholinganallur; canonical isolated from base hub","BreadcrumbList, RealEstateListing, FAQPage","GCC, CMWSSB, CMRL, Ground-truth local audit","Pass / Verified","SEO QA Lead / 2026-10-05"
"https://www.chennairents.in/chennai/sholinganallur/flats-for-family-in-sholinganallur","Locality Facet / Typology","flats for family in sholinganallur","Transactional","family rentals sholinganallur; verified flats for family in sholinganallur; owner direct flats for family in sholinganallur; flats for family in sholinganallur price deposit","Sholinganallur","Family Rentals","https://www.chennairents.in/chennai/sholinganallur/flats-for-family-in-sholinganallur","Index, Follow","Family Flats for Rent in Sholinganallur | Gated Communities","Rent verified family apartments in Sholinganallur. Secure gated campuses, treated water supply, dedicated parking, and nearby CBSE schools.","Family Flats for Rent in Sholinganallur, Chennai","Property Features & Resident Insights | Frequently Asked Questions | Explore Sholinganallur Rental Network","Contact Verified Property Owners","https://www.chennairents.in/chennai/sholinganallur","https://www.chennairents.in/chennai/sholinganallur; https://www.chennairents.in/chennai/rentals","Targets specific long-tail intent for Family Rentals in Sholinganallur; canonical isolated from base hub","BreadcrumbList, RealEstateListing, FAQPage","GCC, CMWSSB, CMRL, Ground-truth local audit","Pass / Verified","SEO QA Lead / 2026-10-05"
"https://www.chennairents.in/chennai/sholinganallur/co-living-in-sholinganallur","Locality Facet / Typology","co living in sholinganallur","Transactional","co-living sholinganallur; verified co living in sholinganallur; owner direct co living in sholinganallur; co living in sholinganallur price deposit","Sholinganallur","Co-Living","https://www.chennairents.in/chennai/sholinganallur/co-living-in-sholinganallur","Index, Follow","Co-Living Spaces in Sholinganallur | Fully Managed Tech Stays","Modern co-living in Sholinganallur with high-speed WiFi, housekeeping, daily meals, and flexible month-to-month leases near ELCOT SEZ.","Co-Living Spaces in Sholinganallur, Chennai","Co-Living Room Sharing Tariffs | Frequently Asked Questions | Explore Sholinganallur Rental Network","Contact Verified Property Owners","https://www.chennairents.in/chennai/sholinganallur","https://www.chennairents.in/chennai/sholinganallur; https://www.chennairents.in/chennai/rentals","Targets specific long-tail intent for Co-Living in Sholinganallur; canonical isolated from base hub","BreadcrumbList, RealEstateListing, FAQPage","GCC, CMWSSB, CMRL, Ground-truth local audit","Pass / Verified","SEO QA Lead / 2026-10-05"
"https://www.chennairents.in/chennai/sholinganallur/pg-for-men-in-sholinganallur","Locality Facet / Typology","pg for men in sholinganallur","Transactional","pg for men sholinganallur; verified pg for men in sholinganallur; owner direct pg for men in sholinganallur; pg for men in sholinganallur price deposit","Sholinganallur","PG for Men","https://www.chennairents.in/chennai/sholinganallur/pg-for-men-in-sholinganallur","Index, Follow","PG for Men in Sholinganallur Chennai | Food, AC & WiFi","Top gents PG and hostels in Sholinganallur near ELCOT SEZ and Wipro. South & North Indian food, AC rooms, high-speed Wi-Fi, and bike parking.","PG for Men in Sholinganallur, Chennai","Property Features & Resident Insights | Frequently Asked Questions | Explore Sholinganallur Rental Network","Contact Verified Property Owners","https://www.chennairents.in/chennai/sholinganallur","https://www.chennairents.in/chennai/sholinganallur; https://www.chennairents.in/chennai/rentals","Targets specific long-tail intent for PG for Men in Sholinganallur; canonical isolated from base hub","BreadcrumbList, RealEstateListing, FAQPage","GCC, CMWSSB, CMRL, Ground-truth local audit","Pass / Verified","SEO QA Lead / 2026-10-05"
"https://www.chennairents.in/chennai/sholinganallur/pg-for-women-in-sholinganallur","Locality Facet / Typology","pg for women in sholinganallur","Transactional","pg for women sholinganallur; verified pg for women in sholinganallur; owner direct pg for women in sholinganallur; pg for women in sholinganallur price deposit","Sholinganallur","PG for Women","https://www.chennairents.in/chennai/sholinganallur/pg-for-women-in-sholinganallur","Index, Follow","Safe PG for Women in Sholinganallur | Secure Ladies Hostels","Secure ladies PGs and women's hostels in Sholinganallur. Biometric entry, 24/7 warden, hygienic food, AC rooms, and high-speed Wi-Fi near IT parks.","Safe PG for Women in Sholinganallur, Chennai","Property Features & Resident Insights | Frequently Asked Questions | Explore Sholinganallur Rental Network","Contact Verified Property Owners","https://www.chennairents.in/chennai/sholinganallur","https://www.chennairents.in/chennai/sholinganallur; https://www.chennairents.in/chennai/rentals","Targets specific long-tail intent for PG for Women in Sholinganallur; canonical isolated from base hub","BreadcrumbList, RealEstateListing, FAQPage","GCC, CMWSSB, CMRL, Ground-truth local audit","Pass / Verified","SEO QA Lead / 2026-10-05"
"https://www.chennairents.in/chennai/sholinganallur/independent-houses-for-rent-in-sholinganallur","Locality Facet / Typology","independent houses for rent in sholinganallur","Transactional","independent house / villa sholinganallur; verified independent houses for rent in sholinganallur; owner direct independent houses for rent in sholinganallur; independent houses for rent in sholinganallur price deposit","Sholinganallur","Independent House / Villa","https://www.chennairents.in/chennai/sholinganallur/independent-houses-for-rent-in-sholinganallur","Index, Follow","Independent Houses for Rent in Sholinganallur | Private Villas","Discover independent houses, private villas, and duplex homes for rent in Sholinganallur. Enjoy private terraces, car porches, and quiet yards.","Independent Houses for Rent in Sholinganallur","Property Features & Resident Insights | Frequently Asked Questions | Explore Sholinganallur Rental Network","Contact Verified Property Owners","https://www.chennairents.in/chennai/sholinganallur","https://www.chennairents.in/chennai/sholinganallur; https://www.chennairents.in/chennai/rentals","Targets specific long-tail intent for Independent House / Villa in Sholinganallur; canonical isolated from base hub","BreadcrumbList, RealEstateListing, FAQPage","GCC, CMWSSB, CMRL, Ground-truth local audit","Pass / Verified","SEO QA Lead / 2026-10-05"
"https://www.chennairents.in/chennai/sholinganallur/furnished-flats-for-rent-in-sholinganallur","Locality Facet / Typology","furnished flats for rent in sholinganallur","Transactional","furnished flats sholinganallur; verified furnished flats for rent in sholinganallur; owner direct furnished flats for rent in sholinganallur; furnished flats for rent in sholinganallur price deposit","Sholinganallur","Furnished Flats","https://www.chennairents.in/chennai/sholinganallur/furnished-flats-for-rent-in-sholinganallur","Index, Follow","Fully Furnished Flats for Rent in Sholinganallur | Move-in Ready","Move-in ready furnished flats for rent in Sholinganallur. Complete with ACs, modular kitchens, beds, sofas, TV, and premium appliances near OMR.","Furnished Flats for Rent in Sholinganallur","Furnished Apartment Checklist | Frequently Asked Questions | Explore Sholinganallur Rental Network","Contact Verified Property Owners","https://www.chennairents.in/chennai/sholinganallur","https://www.chennairents.in/chennai/sholinganallur; https://www.chennairents.in/chennai/rentals","Targets specific long-tail intent for Furnished Flats in Sholinganallur; canonical isolated from base hub","BreadcrumbList, RealEstateListing, FAQPage","GCC, CMWSSB, CMRL, Ground-truth local audit","Pass / Verified","SEO QA Lead / 2026-10-05"
"https://www.chennairents.in/chennai/sholinganallur/flats-for-rent-under-10000-in-sholinganallur","Locality Facet / Typology","flats for rent under 10000 in sholinganallur","Transactional","flats under ₹10,000 sholinganallur; verified flats for rent under 10000 in sholinganallur; owner direct flats for rent under 10000 in sholinganallur; flats for rent under 10000 in sholinganallur price deposit","Sholinganallur","Flats Under ₹10,000","https://www.chennairents.in/chennai/sholinganallur/flats-for-rent-under-10000-in-sholinganallur","Index, Follow","Flats for Rent Under ₹10,000 in Sholinganallur | Budget Units","Find affordable flats and 1RK studio rooms for rent under ₹10,000 in Sholinganallur. Budget-friendly living near OMR IT parks.","Flats for Rent Under ₹10,000 in Sholinganallur","Property Features & Resident Insights | Frequently Asked Questions | Explore Sholinganallur Rental Network","Contact Verified Property Owners","https://www.chennairents.in/chennai/sholinganallur","https://www.chennairents.in/chennai/sholinganallur; https://www.chennairents.in/chennai/rentals","Targets specific long-tail intent for Flats Under ₹10,000 in Sholinganallur; canonical isolated from base hub","BreadcrumbList, RealEstateListing, FAQPage","GCC, CMWSSB, CMRL, Ground-truth local audit","Pass / Verified","SEO QA Lead / 2026-10-05"
"https://www.chennairents.in/chennai/sholinganallur/flats-for-rent-under-15000-in-sholinganallur","Locality Facet / Typology","flats for rent under 15000 in sholinganallur","Transactional","flats under ₹15,000 sholinganallur; verified flats for rent under 15000 in sholinganallur; owner direct flats for rent under 15000 in sholinganallur; flats for rent under 15000 in sholinganallur price deposit","Sholinganallur","Flats Under ₹15,000","https://www.chennairents.in/chennai/sholinganallur/flats-for-rent-under-15000-in-sholinganallur","Index, Follow","Flats for Rent Under ₹15,000 in Sholinganallur | 1BHK & 2BHK","Explore rental apartments under ₹15,000 in Sholinganallur. Quality 1BHK flats and budget 2BHK builder floors near ELCOT SEZ.","Flats for Rent Under ₹15,000 in Sholinganallur","Property Features & Resident Insights | Frequently Asked Questions | Explore Sholinganallur Rental Network","Contact Verified Property Owners","https://www.chennairents.in/chennai/sholinganallur","https://www.chennairents.in/chennai/sholinganallur; https://www.chennairents.in/chennai/rentals","Targets specific long-tail intent for Flats Under ₹15,000 in Sholinganallur; canonical isolated from base hub","BreadcrumbList, RealEstateListing, FAQPage","GCC, CMWSSB, CMRL, Ground-truth local audit","Pass / Verified","SEO QA Lead / 2026-10-05"
"https://www.chennairents.in/chennai/sholinganallur/flats-for-rent-under-20000-in-sholinganallur","Locality Facet / Typology","flats for rent under 20000 in sholinganallur","Transactional","flats under ₹20,000 sholinganallur; verified flats for rent under 20000 in sholinganallur; owner direct flats for rent under 20000 in sholinganallur; flats for rent under 20000 in sholinganallur price deposit","Sholinganallur","Flats Under ₹20,000","https://www.chennairents.in/chennai/sholinganallur/flats-for-rent-under-20000-in-sholinganallur","Index, Follow","Flats for Rent Under ₹20,000 in Sholinganallur | Prime 2BHKs","Browse rental apartments under ₹20,000 in Sholinganallur. Semi-furnished 2BHK flats with car parking, lift, and modular kitchens near OMR.","Flats for Rent Under ₹20,000 in Sholinganallur","Property Features & Resident Insights | Frequently Asked Questions | Explore Sholinganallur Rental Network","Contact Verified Property Owners","https://www.chennairents.in/chennai/sholinganallur","https://www.chennairents.in/chennai/sholinganallur; https://www.chennairents.in/chennai/rentals","Targets specific long-tail intent for Flats Under ₹20,000 in Sholinganallur; canonical isolated from base hub","BreadcrumbList, RealEstateListing, FAQPage","GCC, CMWSSB, CMRL, Ground-truth local audit","Pass / Verified","SEO QA Lead / 2026-10-05"
"https://www.chennairents.in/chennai/porur/flats-for-rent-in-porur","Locality Facet / Typology","flats for rent in porur","Transactional","flats / apartments porur; verified flats for rent in porur; owner direct flats for rent in porur; flats for rent in porur price deposit","Porur","Flats / Apartments","https://www.chennairents.in/chennai/porur/flats-for-rent-in-porur","Index, Follow","Flats for Rent in Porur Chennai | 1RK to 3BHK Rentals","Explore verified flats for rent in Porur, Chennai. Filter by gated communities and builder floors near DLF Cybercity, L&T Infotech, and Ramachandra Hospital.","Flats for Rent in Porur, Chennai","Porur Micro-Market Hubs & Streets | Current Rental Market Benchmarks in Porur | Monsoon Resilience & Water Reality | Frequently Asked Questions | Explore Porur Rental Network","Contact Verified Property Owners","https://www.chennairents.in/chennai/porur","https://www.chennairents.in/chennai/porur; https://www.chennairents.in/chennai/rentals","Targets specific long-tail intent for Flats / Apartments in Porur; canonical isolated from base hub","BreadcrumbList, RealEstateListing, FAQPage","GCC, CMWSSB, CMRL, Ground-truth local audit","Pass / Verified","SEO QA Lead / 2026-10-05"
"https://www.chennairents.in/chennai/porur/1rk-for-rent-in-porur","Locality Facet / Typology","1rk for rent in porur","Transactional","1 rk porur; verified 1rk for rent in porur; owner direct 1rk for rent in porur; 1rk for rent in porur price deposit","Porur","1 RK","https://www.chennairents.in/chennai/porur/1rk-for-rent-in-porur","Index, Follow","1RK for Rent in Porur Chennai | Studio Rooms","Find independent 1RK studio rooms for rent in Porur. Budget-friendly rent, attached bathrooms, private entries, and quick access to DLF Cybercity.","1RK Studio Rooms for Rent in Porur","Property Features & Resident Insights | Frequently Asked Questions | Explore Porur Rental Network","Contact Verified Property Owners","https://www.chennairents.in/chennai/porur","https://www.chennairents.in/chennai/porur; https://www.chennairents.in/chennai/rentals","Targets specific long-tail intent for 1 RK in Porur; canonical isolated from base hub","BreadcrumbList, RealEstateListing, FAQPage","GCC, CMWSSB, CMRL, Ground-truth local audit","Pass / Verified","SEO QA Lead / 2026-10-05"
"https://www.chennairents.in/chennai/porur/1bhk-flats-for-rent-in-porur","Locality Facet / Typology","1bhk flats for rent in porur","Transactional","1 bhk porur; verified 1bhk flats for rent in porur; owner direct 1bhk flats for rent in porur; 1bhk flats for rent in porur price deposit","Porur","1 BHK","https://www.chennairents.in/chennai/porur/1bhk-flats-for-rent-in-porur","Index, Follow","1BHK Flats for Rent in Porur Chennai | Verified Units","Browse verified 1BHK rental apartments in Porur. Independent builder floors and society flats near DLF IT Park, Mount-Poonamallee Road, and SRMC.","1BHK Flats for Rent in Porur, Chennai","Property Features & Resident Insights | Frequently Asked Questions | Explore Porur Rental Network","Contact Verified Property Owners","https://www.chennairents.in/chennai/porur","https://www.chennairents.in/chennai/porur; https://www.chennairents.in/chennai/rentals","Targets specific long-tail intent for 1 BHK in Porur; canonical isolated from base hub","BreadcrumbList, RealEstateListing, FAQPage","GCC, CMWSSB, CMRL, Ground-truth local audit","Pass / Verified","SEO QA Lead / 2026-10-05"
"https://www.chennairents.in/chennai/porur/2bhk-flats-for-rent-in-porur","Locality Facet / Typology","2bhk flats for rent in porur","Transactional","2 bhk porur; verified 2bhk flats for rent in porur; owner direct 2bhk flats for rent in porur; 2bhk flats for rent in porur price deposit","Porur","2 BHK","https://www.chennairents.in/chennai/porur/2bhk-flats-for-rent-in-porur","Index, Follow","2BHK Flats for Rent in Porur Chennai | Gated & Standalone","Rent verified 2BHK flats in Porur, Chennai. Quality builder floors and gated societies in Mugalivakkam, Madanandapuram, and near Porur Junction.","2BHK Flats for Rent in Porur, Chennai","Porur Micro-Market Hubs & Streets | Property Features & Resident Insights | Frequently Asked Questions | Explore Porur Rental Network","Contact Verified Property Owners","https://www.chennairents.in/chennai/porur","https://www.chennairents.in/chennai/porur; https://www.chennairents.in/chennai/rentals","Targets specific long-tail intent for 2 BHK in Porur; canonical isolated from base hub","BreadcrumbList, RealEstateListing, FAQPage","GCC, CMWSSB, CMRL, Ground-truth local audit","Pass / Verified","SEO QA Lead / 2026-10-05"
"https://www.chennairents.in/chennai/porur/3bhk-flats-for-rent-in-porur","Locality Facet / Typology","3bhk flats for rent in porur","Transactional","3 bhk porur; verified 3bhk flats for rent in porur; owner direct 3bhk flats for rent in porur; 3bhk flats for rent in porur price deposit","Porur","3 BHK","https://www.chennairents.in/chennai/porur/3bhk-flats-for-rent-in-porur","Index, Follow","3BHK Flats for Rent in Porur Chennai | Gated Communities","Discover luxury 3BHK rental apartments in Porur. Gated communities with power backup, 2 covered car parking bays, clubhouse, and security.","3BHK Flats for Rent in Porur, Chennai","Property Features & Resident Insights | Frequently Asked Questions | Explore Porur Rental Network","Contact Verified Property Owners","https://www.chennairents.in/chennai/porur","https://www.chennairents.in/chennai/porur; https://www.chennairents.in/chennai/rentals","Targets specific long-tail intent for 3 BHK in Porur; canonical isolated from base hub","BreadcrumbList, RealEstateListing, FAQPage","GCC, CMWSSB, CMRL, Ground-truth local audit","Pass / Verified","SEO QA Lead / 2026-10-05"
"https://www.chennairents.in/chennai/porur/1bhk-flats-for-bachelors-in-porur","Locality Facet / Typology","1bhk flats for bachelors in porur","Transactional","1 bhk porur; verified 1bhk flats for bachelors in porur; owner direct 1bhk flats for bachelors in porur; 1bhk flats for bachelors in porur price deposit","Porur","1 BHK","https://www.chennairents.in/chennai/porur/1bhk-flats-for-bachelors-in-porur","Index, Follow","1BHK Flats for Bachelors in Porur | Near DLF Cybercity","Find bachelor-friendly 1BHK flats for rent in Porur. Flexible landlords, late-shift friendly policies, and 5-minute transit to DLF Cybercity.","1BHK Flats for Bachelors in Porur","Property Features & Resident Insights | Frequently Asked Questions | Explore Porur Rental Network","Contact Verified Property Owners","https://www.chennairents.in/chennai/porur","https://www.chennairents.in/chennai/porur; https://www.chennairents.in/chennai/rentals","Targets specific long-tail intent for 1 BHK in Porur; canonical isolated from base hub","BreadcrumbList, RealEstateListing, FAQPage","GCC, CMWSSB, CMRL, Ground-truth local audit","Pass / Verified","SEO QA Lead / 2026-10-05"
"https://www.chennairents.in/chennai/porur/2bhk-flats-for-bachelors-in-porur","Locality Facet / Typology","2bhk flats for bachelors in porur","Transactional","2 bhk porur; verified 2bhk flats for bachelors in porur; owner direct 2bhk flats for bachelors in porur; 2bhk flats for bachelors in porur price deposit","Porur","2 BHK","https://www.chennairents.in/chennai/porur/2bhk-flats-for-bachelors-in-porur","Index, Follow","2BHK Flats for Bachelors in Porur | Share & Save Rent","Rent verified 2BHK flats for bachelors in Porur. Split rent with colleagues near DLF, L&T, and Mount-Poonamallee Road with zero travel stress.","2BHK Flats for Bachelors in Porur","Frequently Asked Questions | Explore Porur Rental Network","Contact Verified Property Owners","https://www.chennairents.in/chennai/porur","https://www.chennairents.in/chennai/porur; https://www.chennairents.in/chennai/rentals","Targets specific long-tail intent for 2 BHK in Porur; canonical isolated from base hub","BreadcrumbList, RealEstateListing, FAQPage","GCC, CMWSSB, CMRL, Ground-truth local audit","Pass / Verified","SEO QA Lead / 2026-10-05"
"https://www.chennairents.in/chennai/porur/2bhk-flats-for-family-in-porur","Locality Facet / Typology","2bhk flats for family in porur","Transactional","2 bhk porur; verified 2bhk flats for family in porur; owner direct 2bhk flats for family in porur; 2bhk flats for family in porur price deposit","Porur","2 BHK","https://www.chennairents.in/chennai/porur/2bhk-flats-for-family-in-porur","Index, Follow","2BHK Flats for Family in Porur | Safe Residential Pockets","Safe and peaceful 2BHK family flats for rent in Porur. Close to PSBB Millennium, Pon Vidyashram, hospitals, and quiet layout streets.","2BHK Flats for Family in Porur, Chennai","Property Features & Resident Insights | Frequently Asked Questions | Explore Porur Rental Network","Contact Verified Property Owners","https://www.chennairents.in/chennai/porur","https://www.chennairents.in/chennai/porur; https://www.chennairents.in/chennai/rentals","Targets specific long-tail intent for 2 BHK in Porur; canonical isolated from base hub","BreadcrumbList, RealEstateListing, FAQPage","GCC, CMWSSB, CMRL, Ground-truth local audit","Pass / Verified","SEO QA Lead / 2026-10-05"
"https://www.chennairents.in/chennai/porur/3bhk-flats-for-family-in-porur","Locality Facet / Typology","3bhk flats for family in porur","Transactional","3 bhk porur; verified 3bhk flats for family in porur; owner direct 3bhk flats for family in porur; 3bhk flats for family in porur price deposit","Porur","3 BHK","https://www.chennairents.in/chennai/porur/3bhk-flats-for-family-in-porur","Index, Follow","3BHK Flats for Family in Porur | Gated Societies & Parking","Explore large 3BHK family flats in Porur. Gated communities with round-the-clock security, backup power, parks, and parking.","3BHK Flats for Family in Porur, Chennai","Property Features & Resident Insights | Frequently Asked Questions | Explore Porur Rental Network","Contact Verified Property Owners","https://www.chennairents.in/chennai/porur","https://www.chennairents.in/chennai/porur; https://www.chennairents.in/chennai/rentals","Targets specific long-tail intent for 3 BHK in Porur; canonical isolated from base hub","BreadcrumbList, RealEstateListing, FAQPage","GCC, CMWSSB, CMRL, Ground-truth local audit","Pass / Verified","SEO QA Lead / 2026-10-05"
"https://www.chennairents.in/chennai/porur/flats-for-bachelors-in-porur","Locality Facet / Typology","flats for bachelors in porur","Transactional","bachelor friendly rentals porur; verified flats for bachelors in porur; owner direct flats for bachelors in porur; flats for bachelors in porur price deposit","Porur","Bachelor Friendly Rentals","https://www.chennairents.in/chennai/porur/flats-for-bachelors-in-porur","Index, Follow","Flats for Bachelors in Porur | 100% Bachelor Verified","Explore bachelor flats for rent in Porur across 1RK, 1BHK, 2BHK, and 3BHK layouts. No intrusive rules, fair deposits, and instant move-ins.","Bachelor Flats for Rent in Porur","Current Rental Market Benchmarks in Porur | Frequently Asked Questions | Explore Porur Rental Network","Contact Verified Property Owners","https://www.chennairents.in/chennai/porur","https://www.chennairents.in/chennai/porur; https://www.chennairents.in/chennai/rentals","Targets specific long-tail intent for Bachelor Friendly Rentals in Porur; canonical isolated from base hub","BreadcrumbList, RealEstateListing, FAQPage","GCC, CMWSSB, CMRL, Ground-truth local audit","Pass / Verified","SEO QA Lead / 2026-10-05"
"https://www.chennairents.in/chennai/porur/flats-for-family-in-porur","Locality Facet / Typology","flats for family in porur","Transactional","family rentals porur; verified flats for family in porur; owner direct flats for family in porur; flats for family in porur price deposit","Porur","Family Rentals","https://www.chennairents.in/chennai/porur/flats-for-family-in-porur","Index, Follow","Family Flats for Rent in Porur | Peaceful Living","Rent verified family apartments in Porur. Sweet groundwater, broad layout roads, reputable CBSE schools, and community living.","Family Flats for Rent in Porur, Chennai","Property Features & Resident Insights | Frequently Asked Questions | Explore Porur Rental Network","Contact Verified Property Owners","https://www.chennairents.in/chennai/porur","https://www.chennairents.in/chennai/porur; https://www.chennairents.in/chennai/rentals","Targets specific long-tail intent for Family Rentals in Porur; canonical isolated from base hub","BreadcrumbList, RealEstateListing, FAQPage","GCC, CMWSSB, CMRL, Ground-truth local audit","Pass / Verified","SEO QA Lead / 2026-10-05"
"https://www.chennairents.in/chennai/porur/co-living-in-porur","Locality Facet / Typology","co living in porur","Transactional","co-living porur; verified co living in porur; owner direct co living in porur; co living in porur price deposit","Porur","Co-Living","https://www.chennairents.in/chennai/porur/co-living-in-porur","Index, Follow","Co-Living Spaces in Porur | Managed Modern Stays","Modern co-living accommodations in Porur. High-speed Wi-Fi, daily housekeeping, food options, and zero brokerage hassles near DLF Cybercity.","Co-Living Spaces in Porur, Chennai","Co-Living Room Sharing Tariffs | Frequently Asked Questions | Explore Porur Rental Network","Contact Verified Property Owners","https://www.chennairents.in/chennai/porur","https://www.chennairents.in/chennai/porur; https://www.chennairents.in/chennai/rentals","Targets specific long-tail intent for Co-Living in Porur; canonical isolated from base hub","BreadcrumbList, RealEstateListing, FAQPage","GCC, CMWSSB, CMRL, Ground-truth local audit","Pass / Verified","SEO QA Lead / 2026-10-05"
"https://www.chennairents.in/chennai/porur/pg-for-men-in-porur","Locality Facet / Typology","pg for men in porur","Transactional","pg for men porur; verified pg for men in porur; owner direct pg for men in porur; pg for men in porur price deposit","Porur","PG for Men","https://www.chennairents.in/chennai/porur/pg-for-men-in-porur","Index, Follow","PG for Men in Porur Chennai | Food, AC & WiFi Included","Top gents PG and hostels in Porur near DLF Cybercity and Ramachandra Hospital. South Indian food, AC rooms, and bike parking.","PG for Men in Porur, Chennai","Property Features & Resident Insights | Frequently Asked Questions | Explore Porur Rental Network","Contact Verified Property Owners","https://www.chennairents.in/chennai/porur","https://www.chennairents.in/chennai/porur; https://www.chennairents.in/chennai/rentals","Targets specific long-tail intent for PG for Men in Porur; canonical isolated from base hub","BreadcrumbList, RealEstateListing, FAQPage","GCC, CMWSSB, CMRL, Ground-truth local audit","Pass / Verified","SEO QA Lead / 2026-10-05"
"https://www.chennairents.in/chennai/porur/pg-for-women-in-porur","Locality Facet / Typology","pg for women in porur","Transactional","pg for women porur; verified pg for women in porur; owner direct pg for women in porur; pg for women in porur price deposit","Porur","PG for Women","https://www.chennairents.in/chennai/porur/pg-for-women-in-porur","Index, Follow","Safe PG for Women in Porur | Secure Ladies Hostels","Safe, verified ladies PGs and women's hostels in Porur. Biometric security, resident warden, home-style food, AC, and Wi-Fi near SRMC and DLF.","Safe PG for Women in Porur, Chennai","Property Features & Resident Insights | Frequently Asked Questions | Explore Porur Rental Network","Contact Verified Property Owners","https://www.chennairents.in/chennai/porur","https://www.chennairents.in/chennai/porur; https://www.chennairents.in/chennai/rentals","Targets specific long-tail intent for PG for Women in Porur; canonical isolated from base hub","BreadcrumbList, RealEstateListing, FAQPage","GCC, CMWSSB, CMRL, Ground-truth local audit","Pass / Verified","SEO QA Lead / 2026-10-05"
"https://www.chennairents.in/chennai/porur/independent-houses-for-rent-in-porur","Locality Facet / Typology","independent houses for rent in porur","Transactional","independent house / villa porur; verified independent houses for rent in porur; owner direct independent houses for rent in porur; independent houses for rent in porur price deposit","Porur","Independent House / Villa","https://www.chennairents.in/chennai/porur/independent-houses-for-rent-in-porur","Index, Follow","Independent Houses for Rent in Porur | Private Villas","Discover independent houses and private bungalows for rent in Porur. Enjoy private car porches, exclusive terraces, and quiet gardens.","Independent Houses for Rent in Porur","Property Features & Resident Insights | Frequently Asked Questions | Explore Porur Rental Network","Contact Verified Property Owners","https://www.chennairents.in/chennai/porur","https://www.chennairents.in/chennai/porur; https://www.chennairents.in/chennai/rentals","Targets specific long-tail intent for Independent House / Villa in Porur; canonical isolated from base hub","BreadcrumbList, RealEstateListing, FAQPage","GCC, CMWSSB, CMRL, Ground-truth local audit","Pass / Verified","SEO QA Lead / 2026-10-05"
"https://www.chennairents.in/chennai/porur/furnished-flats-for-rent-in-porur","Locality Facet / Typology","furnished flats for rent in porur","Transactional","furnished flats porur; verified furnished flats for rent in porur; owner direct furnished flats for rent in porur; furnished flats for rent in porur price deposit","Porur","Furnished Flats","https://www.chennairents.in/chennai/porur/furnished-flats-for-rent-in-porur","Index, Follow","Fully Furnished Flats for Rent in Porur | Turnkey Stays","Move-in ready furnished flats for rent in Porur. Fitted with ACs, modular kitchens, beds, sofas, TV, and premium home appliances near DLF.","Furnished Flats for Rent in Porur","Furnished Apartment Checklist | Frequently Asked Questions | Explore Porur Rental Network","Contact Verified Property Owners","https://www.chennairents.in/chennai/porur","https://www.chennairents.in/chennai/porur; https://www.chennairents.in/chennai/rentals","Targets specific long-tail intent for Furnished Flats in Porur; canonical isolated from base hub","BreadcrumbList, RealEstateListing, FAQPage","GCC, CMWSSB, CMRL, Ground-truth local audit","Pass / Verified","SEO QA Lead / 2026-10-05"
"https://www.chennairents.in/chennai/porur/flats-for-rent-under-10000-in-porur","Locality Facet / Typology","flats for rent under 10000 in porur","Transactional","flats under ₹10,000 porur; verified flats for rent under 10000 in porur; owner direct flats for rent under 10000 in porur; flats for rent under 10000 in porur price deposit","Porur","Flats Under ₹10,000","https://www.chennairents.in/chennai/porur/flats-for-rent-under-10000-in-porur","Index, Follow","Flats for Rent Under ₹10,000 in Porur | Budget Homes","Find affordable flats and compact 1RK/1BHK homes for rent under ₹10,000 in Porur. Low deposits and easy bus connectivity to DLF.","Flats for Rent Under ₹10,000 in Porur","Property Features & Resident Insights | Frequently Asked Questions | Explore Porur Rental Network","Contact Verified Property Owners","https://www.chennairents.in/chennai/porur","https://www.chennairents.in/chennai/porur; https://www.chennairents.in/chennai/rentals","Targets specific long-tail intent for Flats Under ₹10,000 in Porur; canonical isolated from base hub","BreadcrumbList, RealEstateListing, FAQPage","GCC, CMWSSB, CMRL, Ground-truth local audit","Pass / Verified","SEO QA Lead / 2026-10-05"
"https://www.chennairents.in/chennai/porur/flats-for-rent-under-15000-in-porur","Locality Facet / Typology","flats for rent under 15000 in porur","Transactional","flats under ₹15,000 porur; verified flats for rent under 15000 in porur; owner direct flats for rent under 15000 in porur; flats for rent under 15000 in porur price deposit","Porur","Flats Under ₹15,000","https://www.chennairents.in/chennai/porur/flats-for-rent-under-15000-in-porur","Index, Follow","Flats for Rent Under ₹15,000 in Porur | 1BHK & 2BHK","Discover rental apartments under ₹15,000 in Porur. Quality 1BHK flats and budget-friendly 2BHK builder floors near Mount-Poonamallee Road.","Flats for Rent Under ₹15,000 in Porur","Property Features & Resident Insights | Frequently Asked Questions | Explore Porur Rental Network","Contact Verified Property Owners","https://www.chennairents.in/chennai/porur","https://www.chennairents.in/chennai/porur; https://www.chennairents.in/chennai/rentals","Targets specific long-tail intent for Flats Under ₹15,000 in Porur; canonical isolated from base hub","BreadcrumbList, RealEstateListing, FAQPage","GCC, CMWSSB, CMRL, Ground-truth local audit","Pass / Verified","SEO QA Lead / 2026-10-05"
"https://www.chennairents.in/chennai/porur/flats-for-rent-under-20000-in-porur","Locality Facet / Typology","flats for rent under 20000 in porur","Transactional","flats under ₹20,000 porur; verified flats for rent under 20000 in porur; owner direct flats for rent under 20000 in porur; flats for rent under 20000 in porur price deposit","Porur","Flats Under ₹20,000","https://www.chennairents.in/chennai/porur/flats-for-rent-under-20000-in-porur","Index, Follow","Flats for Rent Under ₹20,000 in Porur | Prime 2BHKs","Browse rental apartments under ₹20,000 in Porur. Modern 2BHK flats with reserved car parking, lift, and modular kitchens near DLF IT Park.","Flats for Rent Under ₹20,000 in Porur","Property Features & Resident Insights | Frequently Asked Questions | Explore Porur Rental Network","Contact Verified Property Owners","https://www.chennairents.in/chennai/porur","https://www.chennairents.in/chennai/porur; https://www.chennairents.in/chennai/rentals","Targets specific long-tail intent for Flats Under ₹20,000 in Porur; canonical isolated from base hub","BreadcrumbList, RealEstateListing, FAQPage","GCC, CMWSSB, CMRL, Ground-truth local audit","Pass / Verified","SEO QA Lead / 2026-10-05"
"https://www.chennairents.in/chennai/anna-nagar/flats-for-rent-in-anna-nagar","Locality Facet / Typology","flats for rent in anna nagar","Transactional","flats / apartments anna nagar; verified flats for rent in anna nagar; owner direct flats for rent in anna nagar; flats for rent in anna nagar price deposit","Anna Nagar","Flats / Apartments","https://www.chennairents.in/chennai/anna-nagar/flats-for-rent-in-anna-nagar","Index, Follow","Flats for Rent in Anna Nagar Chennai | 1RK to 3BHK Rentals","Explore verified flats for rent in Anna Nagar, Chennai. Compare premium apartments and standalone floors near Anna Nagar Tower, 2nd Avenue, and Metro stations.","Flats for Rent in Anna Nagar, Chennai","Anna Nagar Micro-Market Hubs & Avenues | Current Rental Market Benchmarks in Anna Nagar | Monsoon Resilience & Water Reality | Frequently Asked Questions | Explore Anna Nagar Rental Network","Contact Verified Property Owners","https://www.chennairents.in/chennai/anna-nagar","https://www.chennairents.in/chennai/anna-nagar; https://www.chennairents.in/chennai/rentals","Targets specific long-tail intent for Flats / Apartments in Anna Nagar; canonical isolated from base hub","BreadcrumbList, RealEstateListing, FAQPage","GCC, CMWSSB, CMRL, Ground-truth local audit","Pass / Verified","SEO QA Lead / 2026-10-05"
"https://www.chennairents.in/chennai/anna-nagar/1rk-for-rent-in-anna-nagar","Locality Facet / Typology","1rk for rent in anna nagar","Transactional","1 rk anna nagar; verified 1rk for rent in anna nagar; owner direct 1rk for rent in anna nagar; 1rk for rent in anna nagar price deposit","Anna Nagar","1 RK","https://www.chennairents.in/chennai/anna-nagar/1rk-for-rent-in-anna-nagar","Index, Follow","1RK for Rent in Anna Nagar Chennai | Compact Studio Units","Find independent 1RK studio rooms for rent in Anna Nagar. Affordable living, private washrooms, and walking distance to UPSC coaching institutes and Metro.","1RK Studio Rooms for Rent in Anna Nagar","Property Features & Resident Insights | Frequently Asked Questions | Explore Anna Nagar Rental Network","Contact Verified Property Owners","https://www.chennairents.in/chennai/anna-nagar","https://www.chennairents.in/chennai/anna-nagar; https://www.chennairents.in/chennai/rentals","Targets specific long-tail intent for 1 RK in Anna Nagar; canonical isolated from base hub","BreadcrumbList, RealEstateListing, FAQPage","GCC, CMWSSB, CMRL, Ground-truth local audit","Pass / Verified","SEO QA Lead / 2026-10-05"
"https://www.chennairents.in/chennai/anna-nagar/1bhk-flats-for-rent-in-anna-nagar","Locality Facet / Typology","1bhk flats for rent in anna nagar","Transactional","1 bhk anna nagar; verified 1bhk flats for rent in anna nagar; owner direct 1bhk flats for rent in anna nagar; 1bhk flats for rent in anna nagar price deposit","Anna Nagar","1 BHK","https://www.chennairents.in/chennai/anna-nagar/1bhk-flats-for-rent-in-anna-nagar","Index, Follow","1BHK Flats for Rent in Anna Nagar Chennai | Verified Units","Browse verified 1BHK rental apartments in Anna Nagar. Independent builder floors and boutique flats near Metro stations, Shanthi Colony, and 2nd Avenue.","1BHK Flats for Rent in Anna Nagar, Chennai","Property Features & Resident Insights | Frequently Asked Questions | Explore Anna Nagar Rental Network","Contact Verified Property Owners","https://www.chennairents.in/chennai/anna-nagar","https://www.chennairents.in/chennai/anna-nagar; https://www.chennairents.in/chennai/rentals","Targets specific long-tail intent for 1 BHK in Anna Nagar; canonical isolated from base hub","BreadcrumbList, RealEstateListing, FAQPage","GCC, CMWSSB, CMRL, Ground-truth local audit","Pass / Verified","SEO QA Lead / 2026-10-05"
"https://www.chennairents.in/chennai/anna-nagar/2bhk-flats-for-rent-in-anna-nagar","Locality Facet / Typology","2bhk flats for rent in anna nagar","Transactional","2 bhk anna nagar; verified 2bhk flats for rent in anna nagar; owner direct 2bhk flats for rent in anna nagar; 2bhk flats for rent in anna nagar price deposit","Anna Nagar","2 BHK","https://www.chennairents.in/chennai/anna-nagar/2bhk-flats-for-rent-in-anna-nagar","Index, Follow","2BHK Flats for Rent in Anna Nagar Chennai | Standalone & Gated","Rent verified 2BHK flats in Anna Nagar. Explore 2-bedroom rental apartments in Anna Nagar East, West, and Shanthi Colony with car parking.","2BHK Flats for Rent in Anna Nagar, Chennai","Anna Nagar Micro-Market Hubs & Avenues | Property Features & Resident Insights | Frequently Asked Questions | Explore Anna Nagar Rental Network","Contact Verified Property Owners","https://www.chennairents.in/chennai/anna-nagar","https://www.chennairents.in/chennai/anna-nagar; https://www.chennairents.in/chennai/rentals","Targets specific long-tail intent for 2 BHK in Anna Nagar; canonical isolated from base hub","BreadcrumbList, RealEstateListing, FAQPage","GCC, CMWSSB, CMRL, Ground-truth local audit","Pass / Verified","SEO QA Lead / 2026-10-05"
"https://www.chennairents.in/chennai/anna-nagar/3bhk-flats-for-rent-in-anna-nagar","Locality Facet / Typology","3bhk flats for rent in anna nagar","Transactional","3 bhk anna nagar; verified 3bhk flats for rent in anna nagar; owner direct 3bhk flats for rent in anna nagar; 3bhk flats for rent in anna nagar price deposit","Anna Nagar","3 BHK","https://www.chennairents.in/chennai/anna-nagar/3bhk-flats-for-rent-in-anna-nagar","Index, Follow","3BHK Flats for Rent in Anna Nagar Chennai | Luxury Living","Discover luxury 3BHK apartments for rent in Anna Nagar. Expansive floor plans, 100% DG backup, 2 covered car parking bays, gym, and 24/7 security.","3BHK Flats for Rent in Anna Nagar, Chennai","Property Features & Resident Insights | Frequently Asked Questions | Explore Anna Nagar Rental Network","Contact Verified Property Owners","https://www.chennairents.in/chennai/anna-nagar","https://www.chennairents.in/chennai/anna-nagar; https://www.chennairents.in/chennai/rentals","Targets specific long-tail intent for 3 BHK in Anna Nagar; canonical isolated from base hub","BreadcrumbList, RealEstateListing, FAQPage","GCC, CMWSSB, CMRL, Ground-truth local audit","Pass / Verified","SEO QA Lead / 2026-10-05"
"https://www.chennairents.in/chennai/anna-nagar/1bhk-flats-for-bachelors-in-anna-nagar","Locality Facet / Typology","1bhk flats for bachelors in anna nagar","Transactional","1 bhk anna nagar; verified 1bhk flats for bachelors in anna nagar; owner direct 1bhk flats for bachelors in anna nagar; 1bhk flats for bachelors in anna nagar price deposit","Anna Nagar","1 BHK","https://www.chennairents.in/chennai/anna-nagar/1bhk-flats-for-bachelors-in-anna-nagar","Index, Follow","1BHK Flats for Bachelors in Anna Nagar | Verified Rentals","Find bachelor-friendly 1BHK rental apartments in Anna Nagar. Verified owners, zero intrusive rules, and fast walking access to Metro stations and libraries.","1BHK Flats for Bachelors in Anna Nagar","Property Features & Resident Insights | Frequently Asked Questions | Explore Anna Nagar Rental Network","Contact Verified Property Owners","https://www.chennairents.in/chennai/anna-nagar","https://www.chennairents.in/chennai/anna-nagar; https://www.chennairents.in/chennai/rentals","Targets specific long-tail intent for 1 BHK in Anna Nagar; canonical isolated from base hub","BreadcrumbList, RealEstateListing, FAQPage","GCC, CMWSSB, CMRL, Ground-truth local audit","Pass / Verified","SEO QA Lead / 2026-10-05"
"https://www.chennairents.in/chennai/anna-nagar/2bhk-flats-for-bachelors-in-anna-nagar","Locality Facet / Typology","2bhk flats for bachelors in anna nagar","Transactional","2 bhk anna nagar; verified 2bhk flats for bachelors in anna nagar; owner direct 2bhk flats for bachelors in anna nagar; 2bhk flats for bachelors in anna nagar price deposit","Anna Nagar","2 BHK","https://www.chennairents.in/chennai/anna-nagar/2bhk-flats-for-bachelors-in-anna-nagar","Index, Follow","2BHK Flats for Bachelors in Anna Nagar | Share & Split Rent","Rent verified 2BHK flats for bachelors in Anna Nagar. Split rental expenses near Shanthi Colony, cafes, libraries, and Metro stations.","2BHK Flats for Bachelors in Anna Nagar","Frequently Asked Questions | Explore Anna Nagar Rental Network","Contact Verified Property Owners","https://www.chennairents.in/chennai/anna-nagar","https://www.chennairents.in/chennai/anna-nagar; https://www.chennairents.in/chennai/rentals","Targets specific long-tail intent for 2 BHK in Anna Nagar; canonical isolated from base hub","BreadcrumbList, RealEstateListing, FAQPage","GCC, CMWSSB, CMRL, Ground-truth local audit","Pass / Verified","SEO QA Lead / 2026-10-05"
"https://www.chennairents.in/chennai/anna-nagar/2bhk-flats-for-family-in-anna-nagar","Locality Facet / Typology","2bhk flats for family in anna nagar","Transactional","2 bhk anna nagar; verified 2bhk flats for family in anna nagar; owner direct 2bhk flats for family in anna nagar; 2bhk flats for family in anna nagar price deposit","Anna Nagar","2 BHK","https://www.chennairents.in/chennai/anna-nagar/2bhk-flats-for-family-in-anna-nagar","Index, Follow","2BHK Flats for Family in Anna Nagar | Safe & Leafy Avenues","Safe and peaceful 2BHK family flats for rent in Anna Nagar. Walking distance to SBOA, Chinmaya Vidyalaya, Tower Park, and multi-specialty hospitals.","2BHK Flats for Family in Anna Nagar, Chennai","Property Features & Resident Insights | Frequently Asked Questions | Explore Anna Nagar Rental Network","Contact Verified Property Owners","https://www.chennairents.in/chennai/anna-nagar","https://www.chennairents.in/chennai/anna-nagar; https://www.chennairents.in/chennai/rentals","Targets specific long-tail intent for 2 BHK in Anna Nagar; canonical isolated from base hub","BreadcrumbList, RealEstateListing, FAQPage","GCC, CMWSSB, CMRL, Ground-truth local audit","Pass / Verified","SEO QA Lead / 2026-10-05"
"https://www.chennairents.in/chennai/anna-nagar/3bhk-flats-for-family-in-anna-nagar","Locality Facet / Typology","3bhk flats for family in anna nagar","Transactional","3 bhk anna nagar; verified 3bhk flats for family in anna nagar; owner direct 3bhk flats for family in anna nagar; 3bhk flats for family in anna nagar price deposit","Anna Nagar","3 BHK","https://www.chennairents.in/chennai/anna-nagar/3bhk-flats-for-family-in-anna-nagar","Index, Follow","3BHK Flats for Family in Anna Nagar | Spacious Living","Explore expansive 3BHK family apartments in Anna Nagar. Dual car parking, modern lifts, power backup, and quiet tree-lined avenues.","3BHK Flats for Family in Anna Nagar, Chennai","Property Features & Resident Insights | Frequently Asked Questions | Explore Anna Nagar Rental Network","Contact Verified Property Owners","https://www.chennairents.in/chennai/anna-nagar","https://www.chennairents.in/chennai/anna-nagar; https://www.chennairents.in/chennai/rentals","Targets specific long-tail intent for 3 BHK in Anna Nagar; canonical isolated from base hub","BreadcrumbList, RealEstateListing, FAQPage","GCC, CMWSSB, CMRL, Ground-truth local audit","Pass / Verified","SEO QA Lead / 2026-10-05"
"https://www.chennairents.in/chennai/anna-nagar/flats-for-bachelors-in-anna-nagar","Locality Facet / Typology","flats for bachelors in anna nagar","Transactional","bachelor friendly rentals anna nagar; verified flats for bachelors in anna nagar; owner direct flats for bachelors in anna nagar; flats for bachelors in anna nagar price deposit","Anna Nagar","Bachelor Friendly Rentals","https://www.chennairents.in/chennai/anna-nagar/flats-for-bachelors-in-anna-nagar","Index, Follow","Flats for Bachelors in Anna Nagar | 100% Bachelor Verified","Explore bachelor flats for rent in Anna Nagar across 1RK, 1BHK, 2BHK, and 3BHK options. Transparent agreements, minimal paperwork, and prime transit access.","Bachelor Flats for Rent in Anna Nagar","Current Rental Market Benchmarks in Anna Nagar | Frequently Asked Questions | Explore Anna Nagar Rental Network","Contact Verified Property Owners","https://www.chennairents.in/chennai/anna-nagar","https://www.chennairents.in/chennai/anna-nagar; https://www.chennairents.in/chennai/rentals","Targets specific long-tail intent for Bachelor Friendly Rentals in Anna Nagar; canonical isolated from base hub","BreadcrumbList, RealEstateListing, FAQPage","GCC, CMWSSB, CMRL, Ground-truth local audit","Pass / Verified","SEO QA Lead / 2026-10-05"
"https://www.chennairents.in/chennai/anna-nagar/flats-for-family-in-anna-nagar","Locality Facet / Typology","flats for family in anna nagar","Transactional","family rentals anna nagar; verified flats for family in anna nagar; owner direct flats for family in anna nagar; flats for family in anna nagar price deposit","Anna Nagar","Family Rentals","https://www.chennairents.in/chennai/anna-nagar/flats-for-family-in-anna-nagar","Index, Follow","Family Flats for Rent in Anna Nagar | Master-Planned Living","Rent verified family apartments in Anna Nagar, Chennai. Piped Metro Water, broad avenue streets, premier schools, and active resident associations.","Family Flats for Rent in Anna Nagar, Chennai","Property Features & Resident Insights | Frequently Asked Questions | Explore Anna Nagar Rental Network","Contact Verified Property Owners","https://www.chennairents.in/chennai/anna-nagar","https://www.chennairents.in/chennai/anna-nagar; https://www.chennairents.in/chennai/rentals","Targets specific long-tail intent for Family Rentals in Anna Nagar; canonical isolated from base hub","BreadcrumbList, RealEstateListing, FAQPage","GCC, CMWSSB, CMRL, Ground-truth local audit","Pass / Verified","SEO QA Lead / 2026-10-05"
"https://www.chennairents.in/chennai/anna-nagar/co-living-in-anna-nagar","Locality Facet / Typology","co living in anna nagar","Transactional","co-living anna nagar; verified co living in anna nagar; owner direct co living in anna nagar; co living in anna nagar price deposit","Anna Nagar","Co-Living","https://www.chennairents.in/chennai/anna-nagar/co-living-in-anna-nagar","Index, Follow","Co-Living Spaces in Anna Nagar Chennai | Managed Stays","Upscale co-living spaces in Anna Nagar. High-speed Wi-Fi, professional housekeeping, chef-cooked meals, and flexible month-to-month terms.","Co-Living Spaces in Anna Nagar, Chennai","Co-Living Room Sharing Tariffs | Frequently Asked Questions | Explore Anna Nagar Rental Network","Contact Verified Property Owners","https://www.chennairents.in/chennai/anna-nagar","https://www.chennairents.in/chennai/anna-nagar; https://www.chennairents.in/chennai/rentals","Targets specific long-tail intent for Co-Living in Anna Nagar; canonical isolated from base hub","BreadcrumbList, RealEstateListing, FAQPage","GCC, CMWSSB, CMRL, Ground-truth local audit","Pass / Verified","SEO QA Lead / 2026-10-05"
"https://www.chennairents.in/chennai/anna-nagar/pg-for-men-in-anna-nagar","Locality Facet / Typology","pg for men in anna nagar","Transactional","pg for men anna nagar; verified pg for men in anna nagar; owner direct pg for men in anna nagar; pg for men in anna nagar price deposit","Anna Nagar","PG for Men","https://www.chennairents.in/chennai/anna-nagar/pg-for-men-in-anna-nagar","Index, Follow","PG for Men in Anna Nagar Chennai | Food, AC & WiFi","Best gents PGs and hostels in Anna Nagar near Metro stations and UPSC coaching academies. Authentic South Indian food, AC rooms, and bike parking.","PG for Men in Anna Nagar, Chennai","Property Features & Resident Insights | Frequently Asked Questions | Explore Anna Nagar Rental Network","Contact Verified Property Owners","https://www.chennairents.in/chennai/anna-nagar","https://www.chennairents.in/chennai/anna-nagar; https://www.chennairents.in/chennai/rentals","Targets specific long-tail intent for PG for Men in Anna Nagar; canonical isolated from base hub","BreadcrumbList, RealEstateListing, FAQPage","GCC, CMWSSB, CMRL, Ground-truth local audit","Pass / Verified","SEO QA Lead / 2026-10-05"
"https://www.chennairents.in/chennai/anna-nagar/pg-for-women-in-anna-nagar","Locality Facet / Typology","pg for women in anna nagar","Transactional","pg for women anna nagar; verified pg for women in anna nagar; owner direct pg for women in anna nagar; pg for women in anna nagar price deposit","Anna Nagar","PG for Women","https://www.chennairents.in/chennai/anna-nagar/pg-for-women-in-anna-nagar","Index, Follow","Safe PG for Women in Anna Nagar | Secure Ladies Hostels","Safe, verified ladies PGs and women's hostels in Anna Nagar. Biometric access, round-the-clock warden, hygienic food, AC rooms, and high-speed Wi-Fi.","Safe PG for Women in Anna Nagar, Chennai","Property Features & Resident Insights | Frequently Asked Questions | Explore Anna Nagar Rental Network","Contact Verified Property Owners","https://www.chennairents.in/chennai/anna-nagar","https://www.chennairents.in/chennai/anna-nagar; https://www.chennairents.in/chennai/rentals","Targets specific long-tail intent for PG for Women in Anna Nagar; canonical isolated from base hub","BreadcrumbList, RealEstateListing, FAQPage","GCC, CMWSSB, CMRL, Ground-truth local audit","Pass / Verified","SEO QA Lead / 2026-10-05"
"https://www.chennairents.in/chennai/anna-nagar/independent-houses-for-rent-in-anna-nagar","Locality Facet / Typology","independent houses for rent in anna nagar","Transactional","independent house / villa anna nagar; verified independent houses for rent in anna nagar; owner direct independent houses for rent in anna nagar; independent houses for rent in anna nagar price deposit","Anna Nagar","Independent House / Villa","https://www.chennairents.in/chennai/anna-nagar/independent-houses-for-rent-in-anna-nagar","Index, Follow","Independent Houses for Rent in Anna Nagar | Private Bungalows","Discover independent houses, private villas, and classic bungalows for rent in Anna Nagar. Enjoy private gardens, covered car porches, and rooftop terraces.","Independent Houses for Rent in Anna Nagar","Property Features & Resident Insights | Frequently Asked Questions | Explore Anna Nagar Rental Network","Contact Verified Property Owners","https://www.chennairents.in/chennai/anna-nagar","https://www.chennairents.in/chennai/anna-nagar; https://www.chennairents.in/chennai/rentals","Targets specific long-tail intent for Independent House / Villa in Anna Nagar; canonical isolated from base hub","BreadcrumbList, RealEstateListing, FAQPage","GCC, CMWSSB, CMRL, Ground-truth local audit","Pass / Verified","SEO QA Lead / 2026-10-05"
"https://www.chennairents.in/chennai/anna-nagar/furnished-flats-for-rent-in-anna-nagar","Locality Facet / Typology","furnished flats for rent in anna nagar","Transactional","furnished flats anna nagar; verified furnished flats for rent in anna nagar; owner direct furnished flats for rent in anna nagar; furnished flats for rent in anna nagar price deposit","Anna Nagar","Furnished Flats","https://www.chennairents.in/chennai/anna-nagar/furnished-flats-for-rent-in-anna-nagar","Index, Follow","Fully Furnished Flats for Rent in Anna Nagar | Move-in Ready","Move-in ready fully furnished flats for rent in Anna Nagar. Complete with inverter ACs, modular kitchens, luxury beds, sofas, TV, and premium appliances.","Furnished Flats for Rent in Anna Nagar","Furnished Apartment Checklist | Frequently Asked Questions | Explore Anna Nagar Rental Network","Contact Verified Property Owners","https://www.chennairents.in/chennai/anna-nagar","https://www.chennairents.in/chennai/anna-nagar; https://www.chennairents.in/chennai/rentals","Targets specific long-tail intent for Furnished Flats in Anna Nagar; canonical isolated from base hub","BreadcrumbList, RealEstateListing, FAQPage","GCC, CMWSSB, CMRL, Ground-truth local audit","Pass / Verified","SEO QA Lead / 2026-10-05"
"https://www.chennairents.in/chennai/anna-nagar/flats-for-rent-under-10000-in-anna-nagar","Locality Facet / Typology","flats for rent under 10000 in anna nagar","Transactional","flats under ₹10,000 anna nagar; verified flats for rent under 10000 in anna nagar; owner direct flats for rent under 10000 in anna nagar; flats for rent under 10000 in anna nagar price deposit","Anna Nagar","Flats Under ₹10,000","https://www.chennairents.in/chennai/anna-nagar/flats-for-rent-under-10000-in-anna-nagar","Index, Follow","Flats for Rent Under ₹10,000 in Anna Nagar | Budget Units","Find budget rooms, 1RK studios, and compact flats for rent under ₹10,000 per month in Anna Nagar. Verified listings with easy transit connectivity.","Flats for Rent Under ₹10,000 in Anna Nagar","Property Features & Resident Insights | Frequently Asked Questions | Explore Anna Nagar Rental Network","Contact Verified Property Owners","https://www.chennairents.in/chennai/anna-nagar","https://www.chennairents.in/chennai/anna-nagar; https://www.chennairents.in/chennai/rentals","Targets specific long-tail intent for Flats Under ₹10,000 in Anna Nagar; canonical isolated from base hub","BreadcrumbList, RealEstateListing, FAQPage","GCC, CMWSSB, CMRL, Ground-truth local audit","Pass / Verified","SEO QA Lead / 2026-10-05"
"https://www.chennairents.in/chennai/anna-nagar/flats-for-rent-under-15000-in-anna-nagar","Locality Facet / Typology","flats for rent under 15000 in anna nagar","Transactional","flats under ₹15,000 anna nagar; verified flats for rent under 15000 in anna nagar; owner direct flats for rent under 15000 in anna nagar; flats for rent under 15000 in anna nagar price deposit","Anna Nagar","Flats Under ₹15,000","https://www.chennairents.in/chennai/anna-nagar/flats-for-rent-under-15000-in-anna-nagar","Index, Follow","Flats for Rent Under ₹15,000 in Anna Nagar | 1BHKs & Studios","Discover rental apartments under ₹15,000 in Anna Nagar. Quality 1RK studios and compact 1BHK builder floors near Metro stations and bus depots.","Flats for Rent Under ₹15,000 in Anna Nagar","Property Features & Resident Insights | Frequently Asked Questions | Explore Anna Nagar Rental Network","Contact Verified Property Owners","https://www.chennairents.in/chennai/anna-nagar","https://www.chennairents.in/chennai/anna-nagar; https://www.chennairents.in/chennai/rentals","Targets specific long-tail intent for Flats Under ₹15,000 in Anna Nagar; canonical isolated from base hub","BreadcrumbList, RealEstateListing, FAQPage","GCC, CMWSSB, CMRL, Ground-truth local audit","Pass / Verified","SEO QA Lead / 2026-10-05"
"https://www.chennairents.in/chennai/anna-nagar/flats-for-rent-under-20000-in-anna-nagar","Locality Facet / Typology","flats for rent under 20000 in anna nagar","Transactional","flats under ₹20,000 anna nagar; verified flats for rent under 20000 in anna nagar; owner direct flats for rent under 20000 in anna nagar; flats for rent under 20000 in anna nagar price deposit","Anna Nagar","Flats Under ₹20,000","https://www.chennairents.in/chennai/anna-nagar/flats-for-rent-under-20000-in-anna-nagar","Index, Follow","Flats for Rent Under ₹20,000 in Anna Nagar | 1BHK & 2BHKs","Browse rental apartments under ₹20,000 in Anna Nagar. Modern 1BHK flats and budget 2BHK builder floors with good water supply and transit access.","Flats for Rent Under ₹20,000 in Anna Nagar","Property Features & Resident Insights | Frequently Asked Questions | Explore Anna Nagar Rental Network","Contact Verified Property Owners","https://www.chennairents.in/chennai/anna-nagar","https://www.chennairents.in/chennai/anna-nagar; https://www.chennairents.in/chennai/rentals","Targets specific long-tail intent for Flats Under ₹20,000 in Anna Nagar; canonical isolated from base hub","BreadcrumbList, RealEstateListing, FAQPage","GCC, CMWSSB, CMRL, Ground-truth local audit","Pass / Verified","SEO QA Lead / 2026-10-05"
"https://www.chennairents.in/chennai/t-nagar/flats-for-rent-in-t-nagar","Locality Facet / Typology","flats for rent in t nagar","Transactional","flats / apartments t. nagar; verified flats for rent in t nagar; owner direct flats for rent in t nagar; flats for rent in t nagar price deposit","T. Nagar","Flats / Apartments","https://www.chennairents.in/chennai/t-nagar/flats-for-rent-in-t-nagar","Index, Follow","Flats for Rent in T Nagar Chennai | 1RK to 3BHK Rentals","Explore verified flats for rent in T. Nagar, Chennai. Find standalone floors and luxury gated apartments near Panagal Park, Pondy Bazaar, and Mambalam Station.","Flats for Rent in T. Nagar, Chennai","T. Nagar Micro-Market Hubs & Streets | Current Rental Market Benchmarks in T. Nagar | Monsoon Resilience & Water Reality | Frequently Asked Questions | Explore T. Nagar Rental Network","Contact Verified Property Owners","https://www.chennairents.in/chennai/t-nagar","https://www.chennairents.in/chennai/t-nagar; https://www.chennairents.in/chennai/rentals","Targets specific long-tail intent for Flats / Apartments in T. Nagar; canonical isolated from base hub","BreadcrumbList, RealEstateListing, FAQPage","GCC, CMWSSB, CMRL, Ground-truth local audit","Pass / Verified","SEO QA Lead / 2026-10-05"
"https://www.chennairents.in/chennai/t-nagar/1rk-for-rent-in-t-nagar","Locality Facet / Typology","1rk for rent in t nagar","Transactional","1 rk t. nagar; verified 1rk for rent in t nagar; owner direct 1rk for rent in t nagar; 1rk for rent in t nagar price deposit","T. Nagar","1 RK","https://www.chennairents.in/chennai/t-nagar/1rk-for-rent-in-t-nagar","Index, Follow","1RK for Rent in T Nagar Chennai | Studio Rooms","Find independent 1RK studio rooms for rent in T. Nagar. Low deposits, private bathrooms, and walking access to Mambalam suburban station and retail hubs.","1RK Studio Rooms for Rent in T. Nagar","Property Features & Resident Insights | Frequently Asked Questions | Explore T. Nagar Rental Network","Contact Verified Property Owners","https://www.chennairents.in/chennai/t-nagar","https://www.chennairents.in/chennai/t-nagar; https://www.chennairents.in/chennai/rentals","Targets specific long-tail intent for 1 RK in T. Nagar; canonical isolated from base hub","BreadcrumbList, RealEstateListing, FAQPage","GCC, CMWSSB, CMRL, Ground-truth local audit","Pass / Verified","SEO QA Lead / 2026-10-05"
"https://www.chennairents.in/chennai/t-nagar/1bhk-flats-for-rent-in-t-nagar","Locality Facet / Typology","1bhk flats for rent in t nagar","Transactional","1 bhk t. nagar; verified 1bhk flats for rent in t nagar; owner direct 1bhk flats for rent in t nagar; 1bhk flats for rent in t nagar price deposit","T. Nagar","1 BHK","https://www.chennairents.in/chennai/t-nagar/1bhk-flats-for-rent-in-t-nagar","Index, Follow","1BHK Flats for Rent in T Nagar Chennai | Verified Units","Browse verified 1BHK rental apartments in T. Nagar. Builder floors near Pondy Bazaar, GN Chetty Road, and AG-DMS Metro with two-wheeler parking.","1BHK Flats for Rent in T. Nagar, Chennai","Property Features & Resident Insights | Frequently Asked Questions | Explore T. Nagar Rental Network","Contact Verified Property Owners","https://www.chennairents.in/chennai/t-nagar","https://www.chennairents.in/chennai/t-nagar; https://www.chennairents.in/chennai/rentals","Targets specific long-tail intent for 1 BHK in T. Nagar; canonical isolated from base hub","BreadcrumbList, RealEstateListing, FAQPage","GCC, CMWSSB, CMRL, Ground-truth local audit","Pass / Verified","SEO QA Lead / 2026-10-05"
"https://www.chennairents.in/chennai/t-nagar/2bhk-flats-for-rent-in-t-nagar","Locality Facet / Typology","2bhk flats for rent in t nagar","Transactional","2 bhk t. nagar; verified 2bhk flats for rent in t nagar; owner direct 2bhk flats for rent in t nagar; 2bhk flats for rent in t nagar price deposit","T. Nagar","2 BHK","https://www.chennairents.in/chennai/t-nagar/2bhk-flats-for-rent-in-t-nagar","Index, Follow","2BHK Flats for Rent in T Nagar Chennai | Standalone & Gated","Rent verified 2BHK flats in T. Nagar. Standalone floors and society apartments on Bazullah Road, Habibullah Road, and Boag Road with car parking.","2BHK Flats for Rent in T. Nagar, Chennai","Property Features & Resident Insights | Frequently Asked Questions | Explore T. Nagar Rental Network","Contact Verified Property Owners","https://www.chennairents.in/chennai/t-nagar","https://www.chennairents.in/chennai/t-nagar; https://www.chennairents.in/chennai/rentals","Targets specific long-tail intent for 2 BHK in T. Nagar; canonical isolated from base hub","BreadcrumbList, RealEstateListing, FAQPage","GCC, CMWSSB, CMRL, Ground-truth local audit","Pass / Verified","SEO QA Lead / 2026-10-05"
"https://www.chennairents.in/chennai/t-nagar/3bhk-flats-for-rent-in-t-nagar","Locality Facet / Typology","3bhk flats for rent in t nagar","Transactional","3 bhk t. nagar; verified 3bhk flats for rent in t nagar; owner direct 3bhk flats for rent in t nagar; 3bhk flats for rent in t nagar price deposit","T. Nagar","3 BHK","https://www.chennairents.in/chennai/t-nagar/3bhk-flats-for-rent-in-t-nagar","Index, Follow","3BHK Flats for Rent in T Nagar Chennai | Luxury Living","Discover luxury 3BHK rental apartments in T. Nagar. Expansive layouts, 100% DG backup, 2 covered car parking bays, lift, and 24/7 security.","3BHK Flats for Rent in T. Nagar, Chennai","Property Features & Resident Insights | Frequently Asked Questions | Explore T. Nagar Rental Network","Contact Verified Property Owners","https://www.chennairents.in/chennai/t-nagar","https://www.chennairents.in/chennai/t-nagar; https://www.chennairents.in/chennai/rentals","Targets specific long-tail intent for 3 BHK in T. Nagar; canonical isolated from base hub","BreadcrumbList, RealEstateListing, FAQPage","GCC, CMWSSB, CMRL, Ground-truth local audit","Pass / Verified","SEO QA Lead / 2026-10-05"
"https://www.chennairents.in/chennai/t-nagar/1bhk-flats-for-bachelors-in-t-nagar","Locality Facet / Typology","1bhk flats for bachelors in t nagar","Transactional","1 bhk t. nagar; verified 1bhk flats for bachelors in t nagar; owner direct 1bhk flats for bachelors in t nagar; 1bhk flats for bachelors in t nagar price deposit","T. Nagar","1 BHK","https://www.chennairents.in/chennai/t-nagar/1bhk-flats-for-bachelors-in-t-nagar","Index, Follow","1BHK Flats for Bachelors in T Nagar | Near Metro & Mambalam","Find bachelor-friendly 1BHK rental apartments in T. Nagar. Verified landlords, zero curfews, and walking access to AG-DMS Metro and Mambalam station.","1BHK Flats for Bachelors in T. Nagar","Property Features & Resident Insights | Frequently Asked Questions | Explore T. Nagar Rental Network","Contact Verified Property Owners","https://www.chennairents.in/chennai/t-nagar","https://www.chennairents.in/chennai/t-nagar; https://www.chennairents.in/chennai/rentals","Targets specific long-tail intent for 1 BHK in T. Nagar; canonical isolated from base hub","BreadcrumbList, RealEstateListing, FAQPage","GCC, CMWSSB, CMRL, Ground-truth local audit","Pass / Verified","SEO QA Lead / 2026-10-05"
"https://www.chennairents.in/chennai/t-nagar/2bhk-flats-for-bachelors-in-t-nagar","Locality Facet / Typology","2bhk flats for bachelors in t nagar","Transactional","2 bhk t. nagar; verified 2bhk flats for bachelors in t nagar; owner direct 2bhk flats for bachelors in t nagar; 2bhk flats for bachelors in t nagar price deposit","T. Nagar","2 BHK","https://www.chennairents.in/chennai/t-nagar/2bhk-flats-for-bachelors-in-t-nagar","Index, Follow","2BHK Flats for Bachelors in T Nagar | Share & Split Rent","Rent verified 2BHK flats for bachelors in T. Nagar. Split living expenses with colleagues near Pondy Bazaar, restaurants, and transit hubs.","2BHK Flats for Bachelors in T. Nagar","Property Features & Resident Insights | Frequently Asked Questions | Explore T. Nagar Rental Network","Contact Verified Property Owners","https://www.chennairents.in/chennai/t-nagar","https://www.chennairents.in/chennai/t-nagar; https://www.chennairents.in/chennai/rentals","Targets specific long-tail intent for 2 BHK in T. Nagar; canonical isolated from base hub","BreadcrumbList, RealEstateListing, FAQPage","GCC, CMWSSB, CMRL, Ground-truth local audit","Pass / Verified","SEO QA Lead / 2026-10-05"
"https://www.chennairents.in/chennai/t-nagar/2bhk-flats-for-family-in-t-nagar","Locality Facet / Typology","2bhk flats for family in t nagar","Transactional","2 bhk t. nagar; verified 2bhk flats for family in t nagar; owner direct 2bhk flats for family in t nagar; 2bhk flats for family in t nagar price deposit","T. Nagar","2 BHK","https://www.chennairents.in/chennai/t-nagar/2bhk-flats-for-family-in-t-nagar","Index, Follow","2BHK Flats for Family in T Nagar | Safe, Central Living","Safe and peaceful 2BHK family flats for rent in T. Nagar. Close to Ramakrishna Mission School, Holy Angels, temples, and daily provisions.","2BHK Flats for Family in T. Nagar, Chennai","Property Features & Resident Insights | Frequently Asked Questions | Explore T. Nagar Rental Network","Contact Verified Property Owners","https://www.chennairents.in/chennai/t-nagar","https://www.chennairents.in/chennai/t-nagar; https://www.chennairents.in/chennai/rentals","Targets specific long-tail intent for 2 BHK in T. Nagar; canonical isolated from base hub","BreadcrumbList, RealEstateListing, FAQPage","GCC, CMWSSB, CMRL, Ground-truth local audit","Pass / Verified","SEO QA Lead / 2026-10-05"
"https://www.chennairents.in/chennai/t-nagar/3bhk-flats-for-family-in-t-nagar","Locality Facet / Typology","3bhk flats for family in t nagar","Transactional","3 bhk t. nagar; verified 3bhk flats for family in t nagar; owner direct 3bhk flats for family in t nagar; 3bhk flats for family in t nagar price deposit","T. Nagar","3 BHK","https://www.chennairents.in/chennai/t-nagar/3bhk-flats-for-family-in-t-nagar","Index, Follow","3BHK Flats for Family in T Nagar | Premium Residences","Find spacious 3BHK family flats in T. Nagar. Dedicated car parking, lifts, power backup, and quiet residential streets near Panagal Park.","3BHK Flats for Family in T. Nagar","Property Features & Resident Insights | Frequently Asked Questions | Explore T. Nagar Rental Network","Contact Verified Property Owners","https://www.chennairents.in/chennai/t-nagar","https://www.chennairents.in/chennai/t-nagar; https://www.chennairents.in/chennai/rentals","Targets specific long-tail intent for 3 BHK in T. Nagar; canonical isolated from base hub","BreadcrumbList, RealEstateListing, FAQPage","GCC, CMWSSB, CMRL, Ground-truth local audit","Pass / Verified","SEO QA Lead / 2026-10-05"
"https://www.chennairents.in/chennai/t-nagar/flats-for-bachelors-in-t-nagar","Locality Facet / Typology","flats for bachelors in t nagar","Transactional","bachelor friendly rentals t. nagar; verified flats for bachelors in t nagar; owner direct flats for bachelors in t nagar; flats for bachelors in t nagar price deposit","T. Nagar","Bachelor Friendly Rentals","https://www.chennairents.in/chennai/t-nagar/flats-for-bachelors-in-t-nagar","Index, Follow","Flats for Bachelors in T Nagar | 100% Bachelor Verified","Explore bachelor flats for rent in T. Nagar across 1RK, 1BHK, 2BHK, and 3BHK options. Transparent agreements, minimal paperwork, and central transit.","Flats for Bachelors in T. Nagar, Chennai","Property Features & Resident Insights | Frequently Asked Questions | Explore T. Nagar Rental Network","Contact Verified Property Owners","https://www.chennairents.in/chennai/t-nagar","https://www.chennairents.in/chennai/t-nagar; https://www.chennairents.in/chennai/rentals","Targets specific long-tail intent for Bachelor Friendly Rentals in T. Nagar; canonical isolated from base hub","BreadcrumbList, RealEstateListing, FAQPage","GCC, CMWSSB, CMRL, Ground-truth local audit","Pass / Verified","SEO QA Lead / 2026-10-05"
"https://www.chennairents.in/chennai/t-nagar/flats-for-family-in-t-nagar","Locality Facet / Typology","flats for family in t nagar","Transactional","family rentals t. nagar; verified flats for family in t nagar; owner direct flats for family in t nagar; flats for family in t nagar price deposit","T. Nagar","Family Rentals","https://www.chennairents.in/chennai/t-nagar/flats-for-family-in-t-nagar","Index, Follow","Family Flats for Rent in T Nagar | Secure, Central Living","Rent verified family apartments in T. Nagar, Chennai. Piped Metro Water, broad residential cross-streets, reputable schools, and community security.","Family Flats for Rent in T. Nagar, Chennai","Property Features & Resident Insights | Frequently Asked Questions | Explore T. Nagar Rental Network","Contact Verified Property Owners","https://www.chennairents.in/chennai/t-nagar","https://www.chennairents.in/chennai/t-nagar; https://www.chennairents.in/chennai/rentals","Targets specific long-tail intent for Family Rentals in T. Nagar; canonical isolated from base hub","BreadcrumbList, RealEstateListing, FAQPage","GCC, CMWSSB, CMRL, Ground-truth local audit","Pass / Verified","SEO QA Lead / 2026-10-05"
"https://www.chennairents.in/chennai/t-nagar/co-living-in-t-nagar","Locality Facet / Typology","co living in t nagar","Transactional","co-living t. nagar; verified co living in t nagar; owner direct co living in t nagar; co living in t nagar price deposit","T. Nagar","Co-Living","https://www.chennairents.in/chennai/t-nagar/co-living-in-t-nagar","Index, Follow","Co-Living Spaces in T Nagar | Fully Managed Central Stays","Modern co-living accommodations in T. Nagar. High-speed Wi-Fi, daily housekeeping, food options, and flexible month-to-month leases near Pondy Bazaar.","Co-Living Spaces in T. Nagar, Chennai","Property Features & Resident Insights | Frequently Asked Questions | Explore T. Nagar Rental Network","Contact Verified Property Owners","https://www.chennairents.in/chennai/t-nagar","https://www.chennairents.in/chennai/t-nagar; https://www.chennairents.in/chennai/rentals","Targets specific long-tail intent for Co-Living in T. Nagar; canonical isolated from base hub","BreadcrumbList, RealEstateListing, FAQPage","GCC, CMWSSB, CMRL, Ground-truth local audit","Pass / Verified","SEO QA Lead / 2026-10-05"
"https://www.chennairents.in/chennai/t-nagar/pg-for-men-in-t-nagar","Locality Facet / Typology","pg for men in t nagar","Transactional","pg for men t. nagar; verified pg for men in t nagar; owner direct pg for men in t nagar; pg for men in t nagar price deposit","T. Nagar","PG for Men","https://www.chennairents.in/chennai/t-nagar/pg-for-men-in-t-nagar","Index, Follow","PG for Men in T Nagar Chennai | Food, AC & WiFi Included","Best gents PG and hostels in T. Nagar near Mambalam station and Pondy Bazaar. Authentic South Indian food, AC rooms, and bike parking.","PG for Men in T. Nagar, Chennai","Property Features & Resident Insights | Frequently Asked Questions | Explore T. Nagar Rental Network","Contact Verified Property Owners","https://www.chennairents.in/chennai/t-nagar","https://www.chennairents.in/chennai/t-nagar; https://www.chennairents.in/chennai/rentals","Targets specific long-tail intent for PG for Men in T. Nagar; canonical isolated from base hub","BreadcrumbList, RealEstateListing, FAQPage","GCC, CMWSSB, CMRL, Ground-truth local audit","Pass / Verified","SEO QA Lead / 2026-10-05"
"https://www.chennairents.in/chennai/t-nagar/pg-for-women-in-t-nagar","Locality Facet / Typology","pg for women in t nagar","Transactional","pg for women t. nagar; verified pg for women in t nagar; owner direct pg for women in t nagar; pg for women in t nagar price deposit","T. Nagar","PG for Women","https://www.chennairents.in/chennai/t-nagar/pg-for-women-in-t-nagar","Index, Follow","Safe PG for Women in T Nagar | Secure Ladies Hostels","Safe, verified ladies PGs and women's hostels in T. Nagar. Biometric entry, resident warden, home-style food, AC, and Wi-Fi near Pondy Bazaar.","PG for Women in T. Nagar, Chennai","Property Features & Resident Insights | Frequently Asked Questions | Explore T. Nagar Rental Network","Contact Verified Property Owners","https://www.chennairents.in/chennai/t-nagar","https://www.chennairents.in/chennai/t-nagar; https://www.chennairents.in/chennai/rentals","Targets specific long-tail intent for PG for Women in T. Nagar; canonical isolated from base hub","BreadcrumbList, RealEstateListing, FAQPage","GCC, CMWSSB, CMRL, Ground-truth local audit","Pass / Verified","SEO QA Lead / 2026-10-05"
"https://www.chennairents.in/chennai/t-nagar/independent-houses-for-rent-in-t-nagar","Locality Facet / Typology","independent houses for rent in t nagar","Transactional","independent house / villa t. nagar; verified independent houses for rent in t nagar; owner direct independent houses for rent in t nagar; independent houses for rent in t nagar price deposit","T. Nagar","Independent House / Villa","https://www.chennairents.in/chennai/t-nagar/independent-houses-for-rent-in-t-nagar","Index, Follow","Independent Houses for Rent in T Nagar | Private Bungalows","Discover independent houses, private villas, and classic bungalows for rent in T. Nagar. Enjoy private car porches, exclusive terraces, and central quietude.","Independent Houses for Rent in T. Nagar","Property Features & Resident Insights | Frequently Asked Questions | Explore T. Nagar Rental Network","Contact Verified Property Owners","https://www.chennairents.in/chennai/t-nagar","https://www.chennairents.in/chennai/t-nagar; https://www.chennairents.in/chennai/rentals","Targets specific long-tail intent for Independent House / Villa in T. Nagar; canonical isolated from base hub","BreadcrumbList, RealEstateListing, FAQPage","GCC, CMWSSB, CMRL, Ground-truth local audit","Pass / Verified","SEO QA Lead / 2026-10-05"
"https://www.chennairents.in/chennai/t-nagar/furnished-flats-for-rent-in-t-nagar","Locality Facet / Typology","furnished flats for rent in t nagar","Transactional","furnished flats t. nagar; verified furnished flats for rent in t nagar; owner direct furnished flats for rent in t nagar; furnished flats for rent in t nagar price deposit","T. Nagar","Furnished Flats","https://www.chennairents.in/chennai/t-nagar/furnished-flats-for-rent-in-t-nagar","Index, Follow","Fully Furnished Flats for Rent in T Nagar | Move-in Ready","Move-in ready fully furnished flats for rent in T. Nagar. Fitted with ACs, modular kitchens, luxury beds, sofas, TV, and premium appliances.","Furnished Flats for Rent in T. Nagar","Property Features & Resident Insights | Frequently Asked Questions | Explore T. Nagar Rental Network","Contact Verified Property Owners","https://www.chennairents.in/chennai/t-nagar","https://www.chennairents.in/chennai/t-nagar; https://www.chennairents.in/chennai/rentals","Targets specific long-tail intent for Furnished Flats in T. Nagar; canonical isolated from base hub","BreadcrumbList, RealEstateListing, FAQPage","GCC, CMWSSB, CMRL, Ground-truth local audit","Pass / Verified","SEO QA Lead / 2026-10-05"
"https://www.chennairents.in/chennai/t-nagar/flats-for-rent-under-10000-in-t-nagar","Locality Facet / Typology","flats for rent under 10000 in t nagar","Transactional","flats under ₹10,000 t. nagar; verified flats for rent under 10000 in t nagar; owner direct flats for rent under 10000 in t nagar; flats for rent under 10000 in t nagar price deposit","T. Nagar","Flats Under ₹10,000","https://www.chennairents.in/chennai/t-nagar/flats-for-rent-under-10000-in-t-nagar","Index, Follow","Flats for Rent Under ₹10,000 in T Nagar | Budget Units","Find budget rooms, 1RK studios, and compact flats for rent under ₹10,000 per month in T. Nagar. Verified listings near bus and suburban rail hubs.","Flats for Rent Under ₹10,000 in T. Nagar","Property Features & Resident Insights | Frequently Asked Questions | Explore T. Nagar Rental Network","Contact Verified Property Owners","https://www.chennairents.in/chennai/t-nagar","https://www.chennairents.in/chennai/t-nagar; https://www.chennairents.in/chennai/rentals","Targets specific long-tail intent for Flats Under ₹10,000 in T. Nagar; canonical isolated from base hub","BreadcrumbList, RealEstateListing, FAQPage","GCC, CMWSSB, CMRL, Ground-truth local audit","Pass / Verified","SEO QA Lead / 2026-10-05"
"https://www.chennairents.in/chennai/t-nagar/flats-for-rent-under-15000-in-t-nagar","Locality Facet / Typology","flats for rent under 15000 in t nagar","Transactional","flats under ₹15,000 t. nagar; verified flats for rent under 15000 in t nagar; owner direct flats for rent under 15000 in t nagar; flats for rent under 15000 in t nagar price deposit","T. Nagar","Flats Under ₹15,000","https://www.chennairents.in/chennai/t-nagar/flats-for-rent-under-15000-in-t-nagar","Index, Follow","Flats for Rent Under ₹15,000 in T Nagar | 1BHKs & Studios","Discover rental apartments under ₹15,000 in T. Nagar. Quality 1RK studios and compact 1BHK builder floors near Mambalam and Pondy Bazaar.","Flats for Rent Under ₹15,000 in T. Nagar","Property Features & Resident Insights | Frequently Asked Questions | Explore T. Nagar Rental Network","Contact Verified Property Owners","https://www.chennairents.in/chennai/t-nagar","https://www.chennairents.in/chennai/t-nagar; https://www.chennairents.in/chennai/rentals","Targets specific long-tail intent for Flats Under ₹15,000 in T. Nagar; canonical isolated from base hub","BreadcrumbList, RealEstateListing, FAQPage","GCC, CMWSSB, CMRL, Ground-truth local audit","Pass / Verified","SEO QA Lead / 2026-10-05"
"https://www.chennairents.in/chennai/t-nagar/flats-for-rent-under-20000-in-t-nagar","Locality Facet / Typology","flats for rent under 20000 in t nagar","Transactional","flats under ₹20,000 t. nagar; verified flats for rent under 20000 in t nagar; owner direct flats for rent under 20000 in t nagar; flats for rent under 20000 in t nagar price deposit","T. Nagar","Flats Under ₹20,000","https://www.chennairents.in/chennai/t-nagar/flats-for-rent-under-20000-in-t-nagar","Index, Follow","Flats for Rent Under ₹20,000 in T Nagar | Prime 1BHKs & 2BHKs","Browse rental apartments under ₹20,000 in T. Nagar. Modern 1BHK flats and budget 2BHK builder floors with reliable water supply and transit access.","Flats for Rent Under ₹20,000 in T. Nagar","Property Features & Resident Insights | Frequently Asked Questions | Explore T. Nagar Rental Network","Contact Verified Property Owners","https://www.chennairents.in/chennai/t-nagar","https://www.chennairents.in/chennai/t-nagar; https://www.chennairents.in/chennai/rentals","Targets specific long-tail intent for Flats Under ₹20,000 in T. Nagar; canonical isolated from base hub","BreadcrumbList, RealEstateListing, FAQPage","GCC, CMWSSB, CMRL, Ground-truth local audit","Pass / Verified","SEO QA Lead / 2026-10-05"
"https://www.chennairents.in/chennai/nungambakkam/flats-for-rent-in-nungambakkam","Locality Facet / Typology","flats for rent in nungambakkam","Transactional","flats / apartments nungambakkam; verified flats for rent in nungambakkam; owner direct flats for rent in nungambakkam; flats for rent in nungambakkam price deposit","Nungambakkam","Flats / Apartments","https://www.chennairents.in/chennai/nungambakkam/flats-for-rent-in-nungambakkam","Index, Follow","Flats for Rent in Nungambakkam Chennai | 1RK to 3BHK Rentals","Browse verified flats for rent in Nungambakkam, Chennai. Premium apartments, consulates corridor residences, and builder floors near KNK Road and Sterling Road.","Flats for Rent in Nungambakkam, Chennai","Nungambakkam Micro-Market Hubs & Avenues | Current Rental Market Benchmarks in Nungambakkam | Monsoon Resilience & Water Reality | Frequently Asked Questions | Explore Nungambakkam Rental Network","Contact Verified Property Owners","https://www.chennairents.in/chennai/nungambakkam","https://www.chennairents.in/chennai/nungambakkam; https://www.chennairents.in/chennai/rentals","Targets specific long-tail intent for Flats / Apartments in Nungambakkam; canonical isolated from base hub","BreadcrumbList, RealEstateListing, FAQPage","GCC, CMWSSB, CMRL, Ground-truth local audit","Pass / Verified","SEO QA Lead / 2026-10-05"
"https://www.chennairents.in/chennai/nungambakkam/1rk-for-rent-in-nungambakkam","Locality Facet / Typology","1rk for rent in nungambakkam","Transactional","1 rk nungambakkam; verified 1rk for rent in nungambakkam; owner direct 1rk for rent in nungambakkam; 1rk for rent in nungambakkam price deposit","Nungambakkam","1 RK","https://www.chennairents.in/chennai/nungambakkam/1rk-for-rent-in-nungambakkam","Index, Follow","1RK for Rent in Nungambakkam Chennai | Compact Studio Units","Find independent 1RK studio rooms for rent in Nungambakkam. Affordable living, private washrooms, and walking distance to Loyola College and Metro.","1RK Studio Rooms for Rent in Nungambakkam","Property Features & Resident Insights | Frequently Asked Questions | Explore Nungambakkam Rental Network","Contact Verified Property Owners","https://www.chennairents.in/chennai/nungambakkam","https://www.chennairents.in/chennai/nungambakkam; https://www.chennairents.in/chennai/rentals","Targets specific long-tail intent for 1 RK in Nungambakkam; canonical isolated from base hub","BreadcrumbList, RealEstateListing, FAQPage","GCC, CMWSSB, CMRL, Ground-truth local audit","Pass / Verified","SEO QA Lead / 2026-10-05"
"https://www.chennairents.in/chennai/nungambakkam/1bhk-flats-for-rent-in-nungambakkam","Locality Facet / Typology","1bhk flats for rent in nungambakkam","Transactional","1 bhk nungambakkam; verified 1bhk flats for rent in nungambakkam; owner direct 1bhk flats for rent in nungambakkam; 1bhk flats for rent in nungambakkam price deposit","Nungambakkam","1 BHK","https://www.chennairents.in/chennai/nungambakkam/1bhk-flats-for-rent-in-nungambakkam","Index, Follow","1BHK Flats for Rent in Nungambakkam | Verified Flats","Browse verified 1BHK rental apartments in Nungambakkam. Independent builder floors and boutique flats near KNK Road, Sterling Road, and Gemini Flyover.","1BHK Flats for Rent in Nungambakkam, Chennai","Property Features & Resident Insights | Frequently Asked Questions | Explore Nungambakkam Rental Network","Contact Verified Property Owners","https://www.chennairents.in/chennai/nungambakkam","https://www.chennairents.in/chennai/nungambakkam; https://www.chennairents.in/chennai/rentals","Targets specific long-tail intent for 1 BHK in Nungambakkam; canonical isolated from base hub","BreadcrumbList, RealEstateListing, FAQPage","GCC, CMWSSB, CMRL, Ground-truth local audit","Pass / Verified","SEO QA Lead / 2026-10-05"
"https://www.chennairents.in/chennai/nungambakkam/2bhk-flats-for-rent-in-nungambakkam","Locality Facet / Typology","2bhk flats for rent in nungambakkam","Transactional","2 bhk nungambakkam; verified 2bhk flats for rent in nungambakkam; owner direct 2bhk flats for rent in nungambakkam; 2bhk flats for rent in nungambakkam price deposit","Nungambakkam","2 BHK","https://www.chennairents.in/chennai/nungambakkam/2bhk-flats-for-rent-in-nungambakkam","Index, Follow","2BHK Flats for Rent in Nungambakkam | Boutique & Standalone","Rent verified 2BHK flats in Nungambakkam. Explore 2-bedroom rental apartments in Sterling Road, Wallace Garden, and Mahalingapuram with car parking.","2BHK Flats for Rent in Nungambakkam, Chennai","Property Features & Resident Insights | Frequently Asked Questions | Explore Nungambakkam Rental Network","Contact Verified Property Owners","https://www.chennairents.in/chennai/nungambakkam","https://www.chennairents.in/chennai/nungambakkam; https://www.chennairents.in/chennai/rentals","Targets specific long-tail intent for 2 BHK in Nungambakkam; canonical isolated from base hub","BreadcrumbList, RealEstateListing, FAQPage","GCC, CMWSSB, CMRL, Ground-truth local audit","Pass / Verified","SEO QA Lead / 2026-10-05"
"https://www.chennairents.in/chennai/nungambakkam/3bhk-flats-for-rent-in-nungambakkam","Locality Facet / Typology","3bhk flats for rent in nungambakkam","Transactional","3 bhk nungambakkam; verified 3bhk flats for rent in nungambakkam; owner direct 3bhk flats for rent in nungambakkam; 3bhk flats for rent in nungambakkam price deposit","Nungambakkam","3 BHK","https://www.chennairents.in/chennai/nungambakkam/3bhk-flats-for-rent-in-nungambakkam","Index, Follow","3BHK Flats for Rent in Nungambakkam | Luxury Residences","Discover luxury 3BHK apartments for rent in Nungambakkam. Expansive floor plans, 100% DG backup, 2 covered car parking bays, gym, and 24/7 security.","3BHK Flats for Rent in Nungambakkam, Chennai","Property Features & Resident Insights | Frequently Asked Questions | Explore Nungambakkam Rental Network","Contact Verified Property Owners","https://www.chennairents.in/chennai/nungambakkam","https://www.chennairents.in/chennai/nungambakkam; https://www.chennairents.in/chennai/rentals","Targets specific long-tail intent for 3 BHK in Nungambakkam; canonical isolated from base hub","BreadcrumbList, RealEstateListing, FAQPage","GCC, CMWSSB, CMRL, Ground-truth local audit","Pass / Verified","SEO QA Lead / 2026-10-05"
"https://www.chennairents.in/chennai/nungambakkam/1bhk-flats-for-bachelors-in-nungambakkam","Locality Facet / Typology","1bhk flats for bachelors in nungambakkam","Transactional","1 bhk nungambakkam; verified 1bhk flats for bachelors in nungambakkam; owner direct 1bhk flats for bachelors in nungambakkam; 1bhk flats for bachelors in nungambakkam price deposit","Nungambakkam","1 BHK","https://www.chennairents.in/chennai/nungambakkam/1bhk-flats-for-bachelors-in-nungambakkam","Index, Follow","1BHK Flats for Bachelors in Nungambakkam | Verified Rentals","Find bachelor-friendly 1BHK rental apartments in Nungambakkam. Verified owners, zero intrusive rules, and fast walking access to Loyola College and Metro.","1BHK Flats for Bachelors in Nungambakkam","Property Features & Resident Insights | Frequently Asked Questions | Explore Nungambakkam Rental Network","Contact Verified Property Owners","https://www.chennairents.in/chennai/nungambakkam","https://www.chennairents.in/chennai/nungambakkam; https://www.chennairents.in/chennai/rentals","Targets specific long-tail intent for 1 BHK in Nungambakkam; canonical isolated from base hub","BreadcrumbList, RealEstateListing, FAQPage","GCC, CMWSSB, CMRL, Ground-truth local audit","Pass / Verified","SEO QA Lead / 2026-10-05"
"https://www.chennairents.in/chennai/nungambakkam/2bhk-flats-for-bachelors-in-nungambakkam","Locality Facet / Typology","2bhk flats for bachelors in nungambakkam","Transactional","2 bhk nungambakkam; verified 2bhk flats for bachelors in nungambakkam; owner direct 2bhk flats for bachelors in nungambakkam; 2bhk flats for bachelors in nungambakkam price deposit","Nungambakkam","2 BHK","https://www.chennairents.in/chennai/nungambakkam/2bhk-flats-for-bachelors-in-nungambakkam","Index, Follow","2BHK Flats for Bachelors in Nungambakkam | Share & Split Rent","Rent verified 2BHK flats for bachelors in Nungambakkam. Split rental expenses near KNK Road, cafes, libraries, and central corporate offices.","2BHK Flats for Bachelors in Nungambakkam","Property Features & Resident Insights | Frequently Asked Questions | Explore Nungambakkam Rental Network","Contact Verified Property Owners","https://www.chennairents.in/chennai/nungambakkam","https://www.chennairents.in/chennai/nungambakkam; https://www.chennairents.in/chennai/rentals","Targets specific long-tail intent for 2 BHK in Nungambakkam; canonical isolated from base hub","BreadcrumbList, RealEstateListing, FAQPage","GCC, CMWSSB, CMRL, Ground-truth local audit","Pass / Verified","SEO QA Lead / 2026-10-05"
"https://www.chennairents.in/chennai/nungambakkam/2bhk-flats-for-family-in-nungambakkam","Locality Facet / Typology","2bhk flats for family in nungambakkam","Transactional","2 bhk nungambakkam; verified 2bhk flats for family in nungambakkam; owner direct 2bhk flats for family in nungambakkam; 2bhk flats for family in nungambakkam price deposit","Nungambakkam","2 BHK","https://www.chennairents.in/chennai/nungambakkam/2bhk-flats-for-family-in-nungambakkam","Index, Follow","2BHK Flats for Family in Nungambakkam | Safe & Leafy Avenues","Safe and peaceful 2BHK family flats for rent in Nungambakkam. Walking distance to Good Shepherd, Don Bosco, hospitals, and parks.","2BHK Flats for Family in Nungambakkam, Chennai","Property Features & Resident Insights | Frequently Asked Questions | Explore Nungambakkam Rental Network","Contact Verified Property Owners","https://www.chennairents.in/chennai/nungambakkam","https://www.chennairents.in/chennai/nungambakkam; https://www.chennairents.in/chennai/rentals","Targets specific long-tail intent for 2 BHK in Nungambakkam; canonical isolated from base hub","BreadcrumbList, RealEstateListing, FAQPage","GCC, CMWSSB, CMRL, Ground-truth local audit","Pass / Verified","SEO QA Lead / 2026-10-05"
"https://www.chennairents.in/chennai/nungambakkam/3bhk-flats-for-family-in-nungambakkam","Locality Facet / Typology","3bhk flats for family in nungambakkam","Transactional","3 bhk nungambakkam; verified 3bhk flats for family in nungambakkam; owner direct 3bhk flats for family in nungambakkam; 3bhk flats for family in nungambakkam price deposit","Nungambakkam","3 BHK","https://www.chennairents.in/chennai/nungambakkam/3bhk-flats-for-family-in-nungambakkam","Index, Follow","3BHK Flats for Family in Nungambakkam | Spacious Living","Explore expansive 3BHK family apartments in Nungambakkam. Dual car parking, modern lifts, power backup, and quiet tree-lined avenues.","3BHK Flats for Family in Nungambakkam","Property Features & Resident Insights | Frequently Asked Questions | Explore Nungambakkam Rental Network","Contact Verified Property Owners","https://www.chennairents.in/chennai/nungambakkam","https://www.chennairents.in/chennai/nungambakkam; https://www.chennairents.in/chennai/rentals","Targets specific long-tail intent for 3 BHK in Nungambakkam; canonical isolated from base hub","BreadcrumbList, RealEstateListing, FAQPage","GCC, CMWSSB, CMRL, Ground-truth local audit","Pass / Verified","SEO QA Lead / 2026-10-05"
"https://www.chennairents.in/chennai/nungambakkam/flats-for-bachelors-in-nungambakkam","Locality Facet / Typology","flats for bachelors in nungambakkam","Transactional","bachelor friendly rentals nungambakkam; verified flats for bachelors in nungambakkam; owner direct flats for bachelors in nungambakkam; flats for bachelors in nungambakkam price deposit","Nungambakkam","Bachelor Friendly Rentals","https://www.chennairents.in/chennai/nungambakkam/flats-for-bachelors-in-nungambakkam","Index, Follow","Flats for Bachelors in Nungambakkam | 100% Bachelor Verified","Explore bachelor flats for rent in Nungambakkam across 1RK, 1BHK, 2BHK, and 3BHK options. Transparent agreements, minimal paperwork, and prime transit access.","Flats for Bachelors in Nungambakkam, Chennai","Property Features & Resident Insights | Frequently Asked Questions | Explore Nungambakkam Rental Network","Contact Verified Property Owners","https://www.chennairents.in/chennai/nungambakkam","https://www.chennairents.in/chennai/nungambakkam; https://www.chennairents.in/chennai/rentals","Targets specific long-tail intent for Bachelor Friendly Rentals in Nungambakkam; canonical isolated from base hub","BreadcrumbList, RealEstateListing, FAQPage","GCC, CMWSSB, CMRL, Ground-truth local audit","Pass / Verified","SEO QA Lead / 2026-10-05"
"https://www.chennairents.in/chennai/nungambakkam/flats-for-family-in-nungambakkam","Locality Facet / Typology","flats for family in nungambakkam","Transactional","family rentals nungambakkam; verified flats for family in nungambakkam; owner direct flats for family in nungambakkam; flats for family in nungambakkam price deposit","Nungambakkam","Family Rentals","https://www.chennairents.in/chennai/nungambakkam/flats-for-family-in-nungambakkam","Index, Follow","Family Flats for Rent in Nungambakkam | Prime Central Living","Rent verified family apartments in Nungambakkam, Chennai. Piped Metro Water, broad avenue streets, premier schools, and active resident associations.","Family Flats for Rent in Nungambakkam, Chennai","Property Features & Resident Insights | Frequently Asked Questions | Explore Nungambakkam Rental Network","Contact Verified Property Owners","https://www.chennairents.in/chennai/nungambakkam","https://www.chennairents.in/chennai/nungambakkam; https://www.chennairents.in/chennai/rentals","Targets specific long-tail intent for Family Rentals in Nungambakkam; canonical isolated from base hub","BreadcrumbList, RealEstateListing, FAQPage","GCC, CMWSSB, CMRL, Ground-truth local audit","Pass / Verified","SEO QA Lead / 2026-10-05"
"https://www.chennairents.in/chennai/nungambakkam/co-living-in-nungambakkam","Locality Facet / Typology","co living in nungambakkam","Transactional","co-living nungambakkam; verified co living in nungambakkam; owner direct co living in nungambakkam; co living in nungambakkam price deposit","Nungambakkam","Co-Living","https://www.chennairents.in/chennai/nungambakkam/co-living-in-nungambakkam","Index, Follow","Co-Living Spaces in Nungambakkam | Managed Modern Stays","Upscale co-living spaces in Nungambakkam. High-speed Wi-Fi, professional housekeeping, chef-cooked meals, and flexible month-to-month terms.","Co-Living Spaces in Nungambakkam, Chennai","Property Features & Resident Insights | Frequently Asked Questions | Explore Nungambakkam Rental Network","Contact Verified Property Owners","https://www.chennairents.in/chennai/nungambakkam","https://www.chennairents.in/chennai/nungambakkam; https://www.chennairents.in/chennai/rentals","Targets specific long-tail intent for Co-Living in Nungambakkam; canonical isolated from base hub","BreadcrumbList, RealEstateListing, FAQPage","GCC, CMWSSB, CMRL, Ground-truth local audit","Pass / Verified","SEO QA Lead / 2026-10-05"
"https://www.chennairents.in/chennai/nungambakkam/pg-for-men-in-nungambakkam","Locality Facet / Typology","pg for men in nungambakkam","Transactional","pg for men nungambakkam; verified pg for men in nungambakkam; owner direct pg for men in nungambakkam; pg for men in nungambakkam price deposit","Nungambakkam","PG for Men","https://www.chennairents.in/chennai/nungambakkam/pg-for-men-in-nungambakkam","Index, Follow","PG for Men in Nungambakkam Chennai | Food, AC & WiFi","Best gents PGs and hostels in Nungambakkam near Loyola College and Sterling Road. Authentic South Indian food, AC rooms, and bike parking.","PG for Men in Nungambakkam, Chennai","Property Features & Resident Insights | Frequently Asked Questions | Explore Nungambakkam Rental Network","Contact Verified Property Owners","https://www.chennairents.in/chennai/nungambakkam","https://www.chennairents.in/chennai/nungambakkam; https://www.chennairents.in/chennai/rentals","Targets specific long-tail intent for PG for Men in Nungambakkam; canonical isolated from base hub","BreadcrumbList, RealEstateListing, FAQPage","GCC, CMWSSB, CMRL, Ground-truth local audit","Pass / Verified","SEO QA Lead / 2026-10-05"
"https://www.chennairents.in/chennai/nungambakkam/pg-for-women-in-nungambakkam","Locality Facet / Typology","pg for women in nungambakkam","Transactional","pg for women nungambakkam; verified pg for women in nungambakkam; owner direct pg for women in nungambakkam; pg for women in nungambakkam price deposit","Nungambakkam","PG for Women","https://www.chennairents.in/chennai/nungambakkam/pg-for-women-in-nungambakkam","Index, Follow","Safe PG for Women in Nungambakkam | Secure Ladies Hostels","Safe, verified ladies PGs and women's hostels in Nungambakkam. Biometric access, round-the-clock warden, hygienic food, AC rooms, and high-speed Wi-Fi.","PG for Women in Nungambakkam, Chennai","Property Features & Resident Insights | Frequently Asked Questions | Explore Nungambakkam Rental Network","Contact Verified Property Owners","https://www.chennairents.in/chennai/nungambakkam","https://www.chennairents.in/chennai/nungambakkam; https://www.chennairents.in/chennai/rentals","Targets specific long-tail intent for PG for Women in Nungambakkam; canonical isolated from base hub","BreadcrumbList, RealEstateListing, FAQPage","GCC, CMWSSB, CMRL, Ground-truth local audit","Pass / Verified","SEO QA Lead / 2026-10-05"
"https://www.chennairents.in/chennai/nungambakkam/independent-houses-for-rent-in-nungambakkam","Locality Facet / Typology","independent houses for rent in nungambakkam","Transactional","independent house / villa nungambakkam; verified independent houses for rent in nungambakkam; owner direct independent houses for rent in nungambakkam; independent houses for rent in nungambakkam price deposit","Nungambakkam","Independent House / Villa","https://www.chennairents.in/chennai/nungambakkam/independent-houses-for-rent-in-nungambakkam","Index, Follow","Independent Houses for Rent in Nungambakkam | Private Bungalows","Discover independent houses, private villas, and classic bungalows for rent in Nungambakkam. Enjoy private gardens, covered car porches, and rooftop terraces.","Independent Houses for Rent in Nungambakkam","Property Features & Resident Insights | Frequently Asked Questions | Explore Nungambakkam Rental Network","Contact Verified Property Owners","https://www.chennairents.in/chennai/nungambakkam","https://www.chennairents.in/chennai/nungambakkam; https://www.chennairents.in/chennai/rentals","Targets specific long-tail intent for Independent House / Villa in Nungambakkam; canonical isolated from base hub","BreadcrumbList, RealEstateListing, FAQPage","GCC, CMWSSB, CMRL, Ground-truth local audit","Pass / Verified","SEO QA Lead / 2026-10-05"
"https://www.chennairents.in/chennai/nungambakkam/furnished-flats-for-rent-in-nungambakkam","Locality Facet / Typology","furnished flats for rent in nungambakkam","Transactional","furnished flats nungambakkam; verified furnished flats for rent in nungambakkam; owner direct furnished flats for rent in nungambakkam; furnished flats for rent in nungambakkam price deposit","Nungambakkam","Furnished Flats","https://www.chennairents.in/chennai/nungambakkam/furnished-flats-for-rent-in-nungambakkam","Index, Follow","Fully Furnished Flats for Rent in Nungambakkam | Move-in Ready","Move-in ready fully furnished flats for rent in Nungambakkam. Complete with inverter ACs, modular kitchens, luxury beds, sofas, TV, and premium appliances.","Furnished Flats for Rent in Nungambakkam","Property Features & Resident Insights | Frequently Asked Questions | Explore Nungambakkam Rental Network","Contact Verified Property Owners","https://www.chennairents.in/chennai/nungambakkam","https://www.chennairents.in/chennai/nungambakkam; https://www.chennairents.in/chennai/rentals","Targets specific long-tail intent for Furnished Flats in Nungambakkam; canonical isolated from base hub","BreadcrumbList, RealEstateListing, FAQPage","GCC, CMWSSB, CMRL, Ground-truth local audit","Pass / Verified","SEO QA Lead / 2026-10-05"
"https://www.chennairents.in/chennai/nungambakkam/flats-for-rent-under-10000-in-nungambakkam","Locality Facet / Typology","flats for rent under 10000 in nungambakkam","Transactional","flats under ₹10,000 nungambakkam; verified flats for rent under 10000 in nungambakkam; owner direct flats for rent under 10000 in nungambakkam; flats for rent under 10000 in nungambakkam price deposit","Nungambakkam","Flats Under ₹10,000","https://www.chennairents.in/chennai/nungambakkam/flats-for-rent-under-10000-in-nungambakkam","Index, Follow","Flats for Rent Under ₹10,000 in Nungambakkam | Budget Units","Find budget rooms, 1RK studios, and compact flats for rent under ₹10,000 per month in Nungambakkam. Verified listings with easy transit connectivity.","Flats for Rent Under ₹10,000 in Nungambakkam","Property Features & Resident Insights | Frequently Asked Questions | Explore Nungambakkam Rental Network","Contact Verified Property Owners","https://www.chennairents.in/chennai/nungambakkam","https://www.chennairents.in/chennai/nungambakkam; https://www.chennairents.in/chennai/rentals","Targets specific long-tail intent for Flats Under ₹10,000 in Nungambakkam; canonical isolated from base hub","BreadcrumbList, RealEstateListing, FAQPage","GCC, CMWSSB, CMRL, Ground-truth local audit","Pass / Verified","SEO QA Lead / 2026-10-05"
"https://www.chennairents.in/chennai/nungambakkam/flats-for-rent-under-15000-in-nungambakkam","Locality Facet / Typology","flats for rent under 15000 in nungambakkam","Transactional","flats under ₹15,000 nungambakkam; verified flats for rent under 15000 in nungambakkam; owner direct flats for rent under 15000 in nungambakkam; flats for rent under 15000 in nungambakkam price deposit","Nungambakkam","Flats Under ₹15,000","https://www.chennairents.in/chennai/nungambakkam/flats-for-rent-under-15000-in-nungambakkam","Index, Follow","Flats for Rent Under ₹15,000 in Nungambakkam | 1BHKs & Studios","Discover rental apartments under ₹15,000 in Nungambakkam. Quality 1RK studios and compact 1BHK builder floors near suburban stations and bus depots.","Flats for Rent Under ₹15,000 in Nungambakkam","Property Features & Resident Insights | Frequently Asked Questions | Explore Nungambakkam Rental Network","Contact Verified Property Owners","https://www.chennairents.in/chennai/nungambakkam","https://www.chennairents.in/chennai/nungambakkam; https://www.chennairents.in/chennai/rentals","Targets specific long-tail intent for Flats Under ₹15,000 in Nungambakkam; canonical isolated from base hub","BreadcrumbList, RealEstateListing, FAQPage","GCC, CMWSSB, CMRL, Ground-truth local audit","Pass / Verified","SEO QA Lead / 2026-10-05"
"https://www.chennairents.in/chennai/nungambakkam/flats-for-rent-under-20000-in-nungambakkam","Locality Facet / Typology","flats for rent under 20000 in nungambakkam","Transactional","flats under ₹20,000 nungambakkam; verified flats for rent under 20000 in nungambakkam; owner direct flats for rent under 20000 in nungambakkam; flats for rent under 20000 in nungambakkam price deposit","Nungambakkam","Flats Under ₹20,000","https://www.chennairents.in/chennai/nungambakkam/flats-for-rent-under-20000-in-nungambakkam","Index, Follow","Flats for Rent Under ₹20,000 in Nungambakkam | 1BHK & 2BHKs","Browse rental apartments under ₹20,000 in Nungambakkam. Modern 1BHK flats and budget 2BHK builder floors with good water supply and transit access.","Flats for Rent Under ₹20,000 in Nungambakkam","Property Features & Resident Insights | Frequently Asked Questions | Explore Nungambakkam Rental Network","Contact Verified Property Owners","https://www.chennairents.in/chennai/nungambakkam","https://www.chennairents.in/chennai/nungambakkam; https://www.chennairents.in/chennai/rentals","Targets specific long-tail intent for Flats Under ₹20,000 in Nungambakkam; canonical isolated from base hub","BreadcrumbList, RealEstateListing, FAQPage","GCC, CMWSSB, CMRL, Ground-truth local audit","Pass / Verified","SEO QA Lead / 2026-10-05"
"https://www.chennairents.in/chennai/medavakkam/flats-for-rent-in-medavakkam","Locality Facet / Typology","flats for rent in medavakkam","Transactional","flats / apartments medavakkam; verified flats for rent in medavakkam; owner direct flats for rent in medavakkam; flats for rent in medavakkam price deposit","Medavakkam","Flats / Apartments","https://www.chennairents.in/chennai/medavakkam/flats-for-rent-in-medavakkam","Index, Follow","Flats for Rent in Medavakkam Chennai | 1RK to 3BHK Rentals","Explore verified flats for rent in Medavakkam, Chennai. Filter by gated communities and builder floors near Velachery Road, Sholinganallur Link, and OMR.","Flats for Rent in Medavakkam, Chennai","Medavakkam Micro-Market Hubs & Streets | Current Rental Market Benchmarks in Medavakkam | Monsoon Resilience & Water Reality | Frequently Asked Questions | Explore Medavakkam Rental Network","Contact Verified Property Owners","https://www.chennairents.in/chennai/medavakkam","https://www.chennairents.in/chennai/medavakkam; https://www.chennairents.in/chennai/rentals","Targets specific long-tail intent for Flats / Apartments in Medavakkam; canonical isolated from base hub","BreadcrumbList, RealEstateListing, FAQPage","GCC, CMWSSB, CMRL, Ground-truth local audit","Pass / Verified","SEO QA Lead / 2026-10-05"
"https://www.chennairents.in/chennai/medavakkam/1rk-for-rent-in-medavakkam","Locality Facet / Typology","1rk for rent in medavakkam","Transactional","1 rk medavakkam; verified 1rk for rent in medavakkam; owner direct 1rk for rent in medavakkam; 1rk for rent in medavakkam price deposit","Medavakkam","1 RK","https://www.chennairents.in/chennai/medavakkam/1rk-for-rent-in-medavakkam","Index, Follow","1RK for Rent in Medavakkam Chennai | Compact Studio Units","Find affordable 1RK units and studio rooms for rent in Medavakkam. Private washrooms, low deposits, and direct bus connectivity to OMR and Velachery.","1RK Studio Rooms for Rent in Medavakkam","Property Features & Resident Insights | Frequently Asked Questions | Explore Medavakkam Rental Network","Contact Verified Property Owners","https://www.chennairents.in/chennai/medavakkam","https://www.chennairents.in/chennai/medavakkam; https://www.chennairents.in/chennai/rentals","Targets specific long-tail intent for 1 RK in Medavakkam; canonical isolated from base hub","BreadcrumbList, RealEstateListing, FAQPage","GCC, CMWSSB, CMRL, Ground-truth local audit","Pass / Verified","SEO QA Lead / 2026-10-05"
"https://www.chennairents.in/chennai/medavakkam/1bhk-flats-for-rent-in-medavakkam","Locality Facet / Typology","1bhk flats for rent in medavakkam","Transactional","1 bhk medavakkam; verified 1bhk flats for rent in medavakkam; owner direct 1bhk flats for rent in medavakkam; 1bhk flats for rent in medavakkam price deposit","Medavakkam","1 BHK","https://www.chennairents.in/chennai/medavakkam/1bhk-flats-for-rent-in-medavakkam","Index, Follow","1BHK Flats for Rent in Medavakkam | Verified Units","Browse verified 1BHK rental apartments in Medavakkam. Independent units and builder floors near Medavakkam flyover and Sholinganallur Link Road.","1BHK Flats for Rent in Medavakkam, Chennai","Property Features & Resident Insights | Frequently Asked Questions | Explore Medavakkam Rental Network","Contact Verified Property Owners","https://www.chennairents.in/chennai/medavakkam","https://www.chennairents.in/chennai/medavakkam; https://www.chennairents.in/chennai/rentals","Targets specific long-tail intent for 1 BHK in Medavakkam; canonical isolated from base hub","BreadcrumbList, RealEstateListing, FAQPage","GCC, CMWSSB, CMRL, Ground-truth local audit","Pass / Verified","SEO QA Lead / 2026-10-05"
"https://www.chennairents.in/chennai/medavakkam/2bhk-flats-for-rent-in-medavakkam","Locality Facet / Typology","2bhk flats for rent in medavakkam","Transactional","2 bhk medavakkam; verified 2bhk flats for rent in medavakkam; owner direct 2bhk flats for rent in medavakkam; 2bhk flats for rent in medavakkam price deposit","Medavakkam","2 BHK","https://www.chennairents.in/chennai/medavakkam/2bhk-flats-for-rent-in-medavakkam","Index, Follow","2BHK Flats for Rent in Medavakkam | Gated & Standalone","Rent verified 2BHK flats in Medavakkam, Chennai. Quality builder floors and gated societies near Velachery Road with car parking and power backup.","2BHK Flats for Rent in Medavakkam, Chennai","Property Features & Resident Insights | Frequently Asked Questions | Explore Medavakkam Rental Network","Contact Verified Property Owners","https://www.chennairents.in/chennai/medavakkam","https://www.chennairents.in/chennai/medavakkam; https://www.chennairents.in/chennai/rentals","Targets specific long-tail intent for 2 BHK in Medavakkam; canonical isolated from base hub","BreadcrumbList, RealEstateListing, FAQPage","GCC, CMWSSB, CMRL, Ground-truth local audit","Pass / Verified","SEO QA Lead / 2026-10-05"
"https://www.chennairents.in/chennai/medavakkam/3bhk-flats-for-rent-in-medavakkam","Locality Facet / Typology","3bhk flats for rent in medavakkam","Transactional","3 bhk medavakkam; verified 3bhk flats for rent in medavakkam; owner direct 3bhk flats for rent in medavakkam; 3bhk flats for rent in medavakkam price deposit","Medavakkam","3 BHK","https://www.chennairents.in/chennai/medavakkam/3bhk-flats-for-rent-in-medavakkam","Index, Follow","3BHK Flats for Rent in Medavakkam | Gated Communities","Discover luxury 3BHK rental apartments in Medavakkam. Gated communities with power backup, 2 covered car parking bays, clubhouse, and security.","3BHK Flats for Rent in Medavakkam, Chennai","Property Features & Resident Insights | Frequently Asked Questions | Explore Medavakkam Rental Network","Contact Verified Property Owners","https://www.chennairents.in/chennai/medavakkam","https://www.chennairents.in/chennai/medavakkam; https://www.chennairents.in/chennai/rentals","Targets specific long-tail intent for 3 BHK in Medavakkam; canonical isolated from base hub","BreadcrumbList, RealEstateListing, FAQPage","GCC, CMWSSB, CMRL, Ground-truth local audit","Pass / Verified","SEO QA Lead / 2026-10-05"
"https://www.chennairents.in/chennai/medavakkam/1bhk-flats-for-bachelors-in-medavakkam","Locality Facet / Typology","1bhk flats for bachelors in medavakkam","Transactional","1 bhk medavakkam; verified 1bhk flats for bachelors in medavakkam; owner direct 1bhk flats for bachelors in medavakkam; 1bhk flats for bachelors in medavakkam price deposit","Medavakkam","1 BHK","https://www.chennairents.in/chennai/medavakkam/1bhk-flats-for-bachelors-in-medavakkam","Index, Follow","1BHK Flats for Bachelors in Medavakkam | Near OMR Link Road","Find bachelor-friendly 1BHK flats for rent in Medavakkam. Flexible landlords, late-shift friendly policies, and 10-minute transit to ELCOT SEZ.","1BHK Flats for Bachelors in Medavakkam","Property Features & Resident Insights | Frequently Asked Questions | Explore Medavakkam Rental Network","Contact Verified Property Owners","https://www.chennairents.in/chennai/medavakkam","https://www.chennairents.in/chennai/medavakkam; https://www.chennairents.in/chennai/rentals","Targets specific long-tail intent for 1 BHK in Medavakkam; canonical isolated from base hub","BreadcrumbList, RealEstateListing, FAQPage","GCC, CMWSSB, CMRL, Ground-truth local audit","Pass / Verified","SEO QA Lead / 2026-10-05"
"https://www.chennairents.in/chennai/medavakkam/2bhk-flats-for-bachelors-in-medavakkam","Locality Facet / Typology","2bhk flats for bachelors in medavakkam","Transactional","2 bhk medavakkam; verified 2bhk flats for bachelors in medavakkam; owner direct 2bhk flats for bachelors in medavakkam; 2bhk flats for bachelors in medavakkam price deposit","Medavakkam","2 BHK","https://www.chennairents.in/chennai/medavakkam/2bhk-flats-for-bachelors-in-medavakkam","Index, Follow","2BHK Flats for Bachelors in Medavakkam | Share & Save Rent","Rent verified 2BHK flats for bachelors in Medavakkam. Split rent with colleagues near Sholinganallur Link Road and Velachery Main Road.","2BHK Flats for Bachelors in Medavakkam","Property Features & Resident Insights | Frequently Asked Questions | Explore Medavakkam Rental Network","Contact Verified Property Owners","https://www.chennairents.in/chennai/medavakkam","https://www.chennairents.in/chennai/medavakkam; https://www.chennairents.in/chennai/rentals","Targets specific long-tail intent for 2 BHK in Medavakkam; canonical isolated from base hub","BreadcrumbList, RealEstateListing, FAQPage","GCC, CMWSSB, CMRL, Ground-truth local audit","Pass / Verified","SEO QA Lead / 2026-10-05"
"https://www.chennairents.in/chennai/medavakkam/2bhk-flats-for-family-in-medavakkam","Locality Facet / Typology","2bhk flats for family in medavakkam","Transactional","2 bhk medavakkam; verified 2bhk flats for family in medavakkam; owner direct 2bhk flats for family in medavakkam; 2bhk flats for family in medavakkam price deposit","Medavakkam","2 BHK","https://www.chennairents.in/chennai/medavakkam/2bhk-flats-for-family-in-medavakkam","Index, Follow","2BHK Flats for Family in Medavakkam | Safe Residential Pockets","Safe and peaceful 2BHK family flats for rent in Medavakkam. Close to BS Abdur Rahman Crescent School, Ravindra Bharathi, clinics, and supermarkets.","2BHK Flats for Family in Medavakkam, Chennai","Property Features & Resident Insights | Frequently Asked Questions | Explore Medavakkam Rental Network","Contact Verified Property Owners","https://www.chennairents.in/chennai/medavakkam","https://www.chennairents.in/chennai/medavakkam; https://www.chennairents.in/chennai/rentals","Targets specific long-tail intent for 2 BHK in Medavakkam; canonical isolated from base hub","BreadcrumbList, RealEstateListing, FAQPage","GCC, CMWSSB, CMRL, Ground-truth local audit","Pass / Verified","SEO QA Lead / 2026-10-05"
"https://www.chennairents.in/chennai/medavakkam/3bhk-flats-for-family-in-medavakkam","Locality Facet / Typology","3bhk flats for family in medavakkam","Transactional","3 bhk medavakkam; verified 3bhk flats for family in medavakkam; owner direct 3bhk flats for family in medavakkam; 3bhk flats for family in medavakkam price deposit","Medavakkam","3 BHK","https://www.chennairents.in/chennai/medavakkam/3bhk-flats-for-family-in-medavakkam","Index, Follow","3BHK Flats for Family in Medavakkam | Gated Societies & Parking","Explore large 3BHK family flats in Medavakkam. Gated communities with round-the-clock security, backup power, parks, and parking.","3BHK Flats for Family in Medavakkam","Property Features & Resident Insights | Frequently Asked Questions | Explore Medavakkam Rental Network","Contact Verified Property Owners","https://www.chennairents.in/chennai/medavakkam","https://www.chennairents.in/chennai/medavakkam; https://www.chennairents.in/chennai/rentals","Targets specific long-tail intent for 3 BHK in Medavakkam; canonical isolated from base hub","BreadcrumbList, RealEstateListing, FAQPage","GCC, CMWSSB, CMRL, Ground-truth local audit","Pass / Verified","SEO QA Lead / 2026-10-05"
"https://www.chennairents.in/chennai/medavakkam/flats-for-bachelors-in-medavakkam","Locality Facet / Typology","flats for bachelors in medavakkam","Transactional","bachelor friendly rentals medavakkam; verified flats for bachelors in medavakkam; owner direct flats for bachelors in medavakkam; flats for bachelors in medavakkam price deposit","Medavakkam","Bachelor Friendly Rentals","https://www.chennairents.in/chennai/medavakkam/flats-for-bachelors-in-medavakkam","Index, Follow","Flats for Bachelors in Medavakkam | 100% Bachelor Verified","Explore bachelor flats for rent in Medavakkam across 1RK, 1BHK, 2BHK, and 3BHK layouts. No intrusive rules, fair deposits, and instant move-ins.","Flats for Bachelors in Medavakkam, Chennai","Property Features & Resident Insights | Frequently Asked Questions | Explore Medavakkam Rental Network","Contact Verified Property Owners","https://www.chennairents.in/chennai/medavakkam","https://www.chennairents.in/chennai/medavakkam; https://www.chennairents.in/chennai/rentals","Targets specific long-tail intent for Bachelor Friendly Rentals in Medavakkam; canonical isolated from base hub","BreadcrumbList, RealEstateListing, FAQPage","GCC, CMWSSB, CMRL, Ground-truth local audit","Pass / Verified","SEO QA Lead / 2026-10-05"
"https://www.chennairents.in/chennai/medavakkam/flats-for-family-in-medavakkam","Locality Facet / Typology","flats for family in medavakkam","Transactional","family rentals medavakkam; verified flats for family in medavakkam; owner direct flats for family in medavakkam; flats for family in medavakkam price deposit","Medavakkam","Family Rentals","https://www.chennairents.in/chennai/medavakkam/flats-for-family-in-medavakkam","Index, Follow","Family Flats for Rent in Medavakkam | Peaceful Living","Rent verified family apartments in Medavakkam. Reliable groundwater, broad layout roads, reputable CBSE schools, and community living.","Family Flats for Rent in Medavakkam, Chennai","Property Features & Resident Insights | Frequently Asked Questions | Explore Medavakkam Rental Network","Contact Verified Property Owners","https://www.chennairents.in/chennai/medavakkam","https://www.chennairents.in/chennai/medavakkam; https://www.chennairents.in/chennai/rentals","Targets specific long-tail intent for Family Rentals in Medavakkam; canonical isolated from base hub","BreadcrumbList, RealEstateListing, FAQPage","GCC, CMWSSB, CMRL, Ground-truth local audit","Pass / Verified","SEO QA Lead / 2026-10-05"
"https://www.chennairents.in/chennai/medavakkam/co-living-in-medavakkam","Locality Facet / Typology","co living in medavakkam","Transactional","co-living medavakkam; verified co living in medavakkam; owner direct co living in medavakkam; co living in medavakkam price deposit","Medavakkam","Co-Living","https://www.chennairents.in/chennai/medavakkam/co-living-in-medavakkam","Index, Follow","Co-Living Spaces in Medavakkam | Managed Modern Stays","Modern co-living accommodations in Medavakkam. High-speed Wi-Fi, daily housekeeping, food options, and zero brokerage hassles near OMR.","Co-Living Spaces in Medavakkam, Chennai","Property Features & Resident Insights | Frequently Asked Questions | Explore Medavakkam Rental Network","Contact Verified Property Owners","https://www.chennairents.in/chennai/medavakkam","https://www.chennairents.in/chennai/medavakkam; https://www.chennairents.in/chennai/rentals","Targets specific long-tail intent for Co-Living in Medavakkam; canonical isolated from base hub","BreadcrumbList, RealEstateListing, FAQPage","GCC, CMWSSB, CMRL, Ground-truth local audit","Pass / Verified","SEO QA Lead / 2026-10-05"
"https://www.chennairents.in/chennai/medavakkam/pg-for-men-in-medavakkam","Locality Facet / Typology","pg for men in medavakkam","Transactional","pg for men medavakkam; verified pg for men in medavakkam; owner direct pg for men in medavakkam; pg for men in medavakkam price deposit","Medavakkam","PG for Men","https://www.chennairents.in/chennai/medavakkam/pg-for-men-in-medavakkam","Index, Follow","PG for Men in Medavakkam Chennai | Food, AC & WiFi Included","Top gents PG and hostels in Medavakkam near Sholinganallur link road. South Indian food, AC rooms, and bike parking.","PG for Men in Medavakkam, Chennai","Property Features & Resident Insights | Frequently Asked Questions | Explore Medavakkam Rental Network","Contact Verified Property Owners","https://www.chennairents.in/chennai/medavakkam","https://www.chennairents.in/chennai/medavakkam; https://www.chennairents.in/chennai/rentals","Targets specific long-tail intent for PG for Men in Medavakkam; canonical isolated from base hub","BreadcrumbList, RealEstateListing, FAQPage","GCC, CMWSSB, CMRL, Ground-truth local audit","Pass / Verified","SEO QA Lead / 2026-10-05"
"https://www.chennairents.in/chennai/medavakkam/pg-for-women-in-medavakkam","Locality Facet / Typology","pg for women in medavakkam","Transactional","pg for women medavakkam; verified pg for women in medavakkam; owner direct pg for women in medavakkam; pg for women in medavakkam price deposit","Medavakkam","PG for Women","https://www.chennairents.in/chennai/medavakkam/pg-for-women-in-medavakkam","Index, Follow","Safe PG for Women in Medavakkam | Secure Ladies Hostels","Safe, verified ladies PGs and women's hostels in Medavakkam. Biometric security, resident warden, home-style food, AC, and Wi-Fi near Sholinganallur link.","PG for Women in Medavakkam, Chennai","Property Features & Resident Insights | Frequently Asked Questions | Explore Medavakkam Rental Network","Contact Verified Property Owners","https://www.chennairents.in/chennai/medavakkam","https://www.chennairents.in/chennai/medavakkam; https://www.chennairents.in/chennai/rentals","Targets specific long-tail intent for PG for Women in Medavakkam; canonical isolated from base hub","BreadcrumbList, RealEstateListing, FAQPage","GCC, CMWSSB, CMRL, Ground-truth local audit","Pass / Verified","SEO QA Lead / 2026-10-05"
"https://www.chennairents.in/chennai/medavakkam/independent-houses-for-rent-in-medavakkam","Locality Facet / Typology","independent houses for rent in medavakkam","Transactional","independent house / villa medavakkam; verified independent houses for rent in medavakkam; owner direct independent houses for rent in medavakkam; independent houses for rent in medavakkam price deposit","Medavakkam","Independent House / Villa","https://www.chennairents.in/chennai/medavakkam/independent-houses-for-rent-in-medavakkam","Index, Follow","Independent Houses for Rent in Medavakkam | Private Villas","Discover independent houses and private bungalows for rent in Medavakkam. Enjoy private car porches, exclusive terraces, and quiet gardens.","Independent Houses for Rent in Medavakkam","Property Features & Resident Insights | Frequently Asked Questions | Explore Medavakkam Rental Network","Contact Verified Property Owners","https://www.chennairents.in/chennai/medavakkam","https://www.chennairents.in/chennai/medavakkam; https://www.chennairents.in/chennai/rentals","Targets specific long-tail intent for Independent House / Villa in Medavakkam; canonical isolated from base hub","BreadcrumbList, RealEstateListing, FAQPage","GCC, CMWSSB, CMRL, Ground-truth local audit","Pass / Verified","SEO QA Lead / 2026-10-05"
"https://www.chennairents.in/chennai/medavakkam/furnished-flats-for-rent-in-medavakkam","Locality Facet / Typology","furnished flats for rent in medavakkam","Transactional","furnished flats medavakkam; verified furnished flats for rent in medavakkam; owner direct furnished flats for rent in medavakkam; furnished flats for rent in medavakkam price deposit","Medavakkam","Furnished Flats","https://www.chennairents.in/chennai/medavakkam/furnished-flats-for-rent-in-medavakkam","Index, Follow","Fully Furnished Flats for Rent in Medavakkam | Turnkey Stays","Move-in ready furnished flats for rent in Medavakkam. Fitted with ACs, modular kitchens, beds, sofas, TV, and premium home appliances.","Furnished Flats for Rent in Medavakkam","Property Features & Resident Insights | Frequently Asked Questions | Explore Medavakkam Rental Network","Contact Verified Property Owners","https://www.chennairents.in/chennai/medavakkam","https://www.chennairents.in/chennai/medavakkam; https://www.chennairents.in/chennai/rentals","Targets specific long-tail intent for Furnished Flats in Medavakkam; canonical isolated from base hub","BreadcrumbList, RealEstateListing, FAQPage","GCC, CMWSSB, CMRL, Ground-truth local audit","Pass / Verified","SEO QA Lead / 2026-10-05"
"https://www.chennairents.in/chennai/medavakkam/flats-for-rent-under-10000-in-medavakkam","Locality Facet / Typology","flats for rent under 10000 in medavakkam","Transactional","flats under ₹10,000 medavakkam; verified flats for rent under 10000 in medavakkam; owner direct flats for rent under 10000 in medavakkam; flats for rent under 10000 in medavakkam price deposit","Medavakkam","Flats Under ₹10,000","https://www.chennairents.in/chennai/medavakkam/flats-for-rent-under-10000-in-medavakkam","Index, Follow","Flats for Rent Under ₹10,000 in Medavakkam | Budget Homes","Find affordable flats and compact 1RK/1BHK homes for rent under ₹10,000 in Medavakkam. Low deposits and easy bus connectivity to OMR.","Flats for Rent Under ₹10,000 in Medavakkam","Property Features & Resident Insights | Frequently Asked Questions | Explore Medavakkam Rental Network","Contact Verified Property Owners","https://www.chennairents.in/chennai/medavakkam","https://www.chennairents.in/chennai/medavakkam; https://www.chennairents.in/chennai/rentals","Targets specific long-tail intent for Flats Under ₹10,000 in Medavakkam; canonical isolated from base hub","BreadcrumbList, RealEstateListing, FAQPage","GCC, CMWSSB, CMRL, Ground-truth local audit","Pass / Verified","SEO QA Lead / 2026-10-05"
"https://www.chennairents.in/chennai/medavakkam/flats-for-rent-under-15000-in-medavakkam","Locality Facet / Typology","flats for rent under 15000 in medavakkam","Transactional","flats under ₹15,000 medavakkam; verified flats for rent under 15000 in medavakkam; owner direct flats for rent under 15000 in medavakkam; flats for rent under 15000 in medavakkam price deposit","Medavakkam","Flats Under ₹15,000","https://www.chennairents.in/chennai/medavakkam/flats-for-rent-under-15000-in-medavakkam","Index, Follow","Flats for Rent Under ₹15,000 in Medavakkam | 1BHK & 2BHK","Discover rental apartments under ₹15,000 in Medavakkam. Quality 1BHK flats and budget-friendly 2BHK builder floors near Velachery Road.","Flats for Rent Under ₹15,000 in Medavakkam","Property Features & Resident Insights | Frequently Asked Questions | Explore Medavakkam Rental Network","Contact Verified Property Owners","https://www.chennairents.in/chennai/medavakkam","https://www.chennairents.in/chennai/medavakkam; https://www.chennairents.in/chennai/rentals","Targets specific long-tail intent for Flats Under ₹15,000 in Medavakkam; canonical isolated from base hub","BreadcrumbList, RealEstateListing, FAQPage","GCC, CMWSSB, CMRL, Ground-truth local audit","Pass / Verified","SEO QA Lead / 2026-10-05"
"https://www.chennairents.in/chennai/medavakkam/flats-for-rent-under-20000-in-medavakkam","Locality Facet / Typology","flats for rent under 20000 in medavakkam","Transactional","flats under ₹20,000 medavakkam; verified flats for rent under 20000 in medavakkam; owner direct flats for rent under 20000 in medavakkam; flats for rent under 20000 in medavakkam price deposit","Medavakkam","Flats Under ₹20,000","https://www.chennairents.in/chennai/medavakkam/flats-for-rent-under-20000-in-medavakkam","Index, Follow","Flats for Rent Under ₹20,000 in Medavakkam | Prime 2BHKs","Browse rental apartments under ₹20,000 in Medavakkam. Modern 2BHK flats with reserved car parking, lift, and modular kitchens near Sholinganallur road.","Flats for Rent Under ₹20,000 in Medavakkam","Property Features & Resident Insights | Frequently Asked Questions | Explore Medavakkam Rental Network","Contact Verified Property Owners","https://www.chennairents.in/chennai/medavakkam","https://www.chennairents.in/chennai/medavakkam; https://www.chennairents.in/chennai/rentals","Targets specific long-tail intent for Flats Under ₹20,000 in Medavakkam; canonical isolated from base hub","BreadcrumbList, RealEstateListing, FAQPage","GCC, CMWSSB, CMRL, Ground-truth local audit","Pass / Verified","SEO QA Lead / 2026-10-05"
"https://www.chennairents.in/chennai/omr/flats-for-rent-in-omr","Locality Facet / Typology","flats for rent in omr","Transactional","flats / apartments omr (it corridor); verified flats for rent in omr; owner direct flats for rent in omr; flats for rent in omr price deposit","OMR (IT Corridor)","Flats / Apartments","https://www.chennairents.in/chennai/omr/flats-for-rent-in-omr","Index, Follow","Flats for Rent in OMR Chennai | 1RK to 3BHK Rentals","Explore verified flats for rent along OMR (Old Mahabalipuram Road), Chennai. High-rise townships, builder floors, and gated societies near major IT SEZs.","Flats for Rent in OMR (Old Mahabalipuram Road), Chennai","OMR Micro-Market Hubs & Corridors | Current Rental Market Benchmarks along OMR | Monsoon Resilience & Water Reality | Frequently Asked Questions | Explore OMR Rental Network","Contact Verified Property Owners","https://www.chennairents.in/chennai/omr","https://www.chennairents.in/chennai/omr; https://www.chennairents.in/chennai/rentals","Targets specific long-tail intent for Flats / Apartments in OMR (IT Corridor); canonical isolated from base hub","BreadcrumbList, RealEstateListing, FAQPage","GCC, CMWSSB, CMRL, Ground-truth local audit","Pass / Verified","SEO QA Lead / 2026-10-05"
"https://www.chennairents.in/chennai/omr/1rk-for-rent-in-omr","Locality Facet / Typology","1rk for rent in omr","Transactional","1 rk omr (it corridor); verified 1rk for rent in omr; owner direct 1rk for rent in omr; 1rk for rent in omr price deposit","OMR (IT Corridor)","1 RK","https://www.chennairents.in/chennai/omr/1rk-for-rent-in-omr","Index, Follow","1RK for Rent in OMR Chennai | Compact Studio Units","Find independent 1RK studio rooms for rent along OMR. Low security deposits, private washrooms, and quick walking access to major IT parks and bus bays.","1RK Studio Rooms for Rent in OMR, Chennai","OMR Micro-Market Hubs & Corridors | Current Rental Market Benchmarks along OMR | Monsoon Resilience & Water Reality | Frequently Asked Questions | Explore OMR Rental Network","Contact Verified Property Owners","https://www.chennairents.in/chennai/omr","https://www.chennairents.in/chennai/omr; https://www.chennairents.in/chennai/rentals","Targets specific long-tail intent for 1 RK in OMR (IT Corridor); canonical isolated from base hub","BreadcrumbList, RealEstateListing, FAQPage","GCC, CMWSSB, CMRL, Ground-truth local audit","Pass / Verified","SEO QA Lead / 2026-10-05"
"https://www.chennairents.in/chennai/omr/1bhk-flats-for-rent-in-omr","Locality Facet / Typology","1bhk flats for rent in omr","Transactional","1 bhk omr (it corridor); verified 1bhk flats for rent in omr; owner direct 1bhk flats for rent in omr; 1bhk flats for rent in omr price deposit","OMR (IT Corridor)","1 BHK","https://www.chennairents.in/chennai/omr/1bhk-flats-for-rent-in-omr","Index, Follow","1BHK Flats for Rent in OMR Chennai | Verified Units","Browse verified 1BHK rental apartments on OMR. Modern high-rise flats and standalone units near Thoraipakkam, Sholinganallur, and Siruseri.","1BHK Flats for Rent in OMR, Chennai","OMR Micro-Market Hubs & Corridors | Current Rental Market Benchmarks along OMR | Monsoon Resilience & Water Reality | Frequently Asked Questions | Explore OMR Rental Network","Contact Verified Property Owners","https://www.chennairents.in/chennai/omr","https://www.chennairents.in/chennai/omr; https://www.chennairents.in/chennai/rentals","Targets specific long-tail intent for 1 BHK in OMR (IT Corridor); canonical isolated from base hub","BreadcrumbList, RealEstateListing, FAQPage","GCC, CMWSSB, CMRL, Ground-truth local audit","Pass / Verified","SEO QA Lead / 2026-10-05"
"https://www.chennairents.in/chennai/omr/2bhk-flats-for-rent-in-omr","Locality Facet / Typology","2bhk flats for rent in omr","Transactional","2 bhk omr (it corridor); verified 2bhk flats for rent in omr; owner direct 2bhk flats for rent in omr; 2bhk flats for rent in omr price deposit","OMR (IT Corridor)","2 BHK","https://www.chennairents.in/chennai/omr/2bhk-flats-for-rent-in-omr","Index, Follow","2BHK Flats for Rent in OMR Chennai | Gated & Standalone","Rent verified 2BHK flats along OMR, Chennai. Gated societies and standalone apartments near TCS, Infosys, and Cognizant with car parking and amenities.","2BHK Flats for Rent in OMR, Chennai","OMR Micro-Market Hubs & Corridors | Current Rental Market Benchmarks along OMR | Monsoon Resilience & Water Reality | Frequently Asked Questions | Explore OMR Rental Network","Contact Verified Property Owners","https://www.chennairents.in/chennai/omr","https://www.chennairents.in/chennai/omr; https://www.chennairents.in/chennai/rentals","Targets specific long-tail intent for 2 BHK in OMR (IT Corridor); canonical isolated from base hub","BreadcrumbList, RealEstateListing, FAQPage","GCC, CMWSSB, CMRL, Ground-truth local audit","Pass / Verified","SEO QA Lead / 2026-10-05"
"https://www.chennairents.in/chennai/omr/3bhk-flats-for-rent-in-omr","Locality Facet / Typology","3bhk flats for rent in omr","Transactional","3 bhk omr (it corridor); verified 3bhk flats for rent in omr; owner direct 3bhk flats for rent in omr; 3bhk flats for rent in omr price deposit","OMR (IT Corridor)","3 BHK","https://www.chennairents.in/chennai/omr/3bhk-flats-for-rent-in-omr","Index, Follow","3BHK Flats for Rent in OMR Chennai | Luxury Gated Townships","Discover luxury 3BHK rental apartments on OMR. Mega gated communities with clubhouse, 100% DG backup, gym, tennis court, and swimming pool.","3BHK Flats for Rent in OMR, Chennai","OMR Micro-Market Hubs & Corridors | Current Rental Market Benchmarks along OMR | Monsoon Resilience & Water Reality | Frequently Asked Questions | Explore OMR Rental Network","Contact Verified Property Owners","https://www.chennairents.in/chennai/omr","https://www.chennairents.in/chennai/omr; https://www.chennairents.in/chennai/rentals","Targets specific long-tail intent for 3 BHK in OMR (IT Corridor); canonical isolated from base hub","BreadcrumbList, RealEstateListing, FAQPage","GCC, CMWSSB, CMRL, Ground-truth local audit","Pass / Verified","SEO QA Lead / 2026-10-05"
"https://www.chennairents.in/chennai/omr/1bhk-flats-for-bachelors-in-omr","Locality Facet / Typology","1bhk flats for bachelors in omr","Transactional","1 bhk omr (it corridor); verified 1bhk flats for bachelors in omr; owner direct 1bhk flats for bachelors in omr; 1bhk flats for bachelors in omr price deposit","OMR (IT Corridor)","1 BHK","https://www.chennairents.in/chennai/omr/1bhk-flats-for-bachelors-in-omr","Index, Follow","1BHK Flats for Bachelors in OMR | Work Close to Office","Find bachelor-friendly 1BHK rental apartments along OMR. Flexible landlords, late-shift friendly policies, and 5-minute commutes to IT parks.","1BHK Flats for Bachelors in OMR, Chennai","OMR Micro-Market Hubs & Corridors | Current Rental Market Benchmarks along OMR | Monsoon Resilience & Water Reality | Frequently Asked Questions | Explore OMR Rental Network","Contact Verified Property Owners","https://www.chennairents.in/chennai/omr","https://www.chennairents.in/chennai/omr; https://www.chennairents.in/chennai/rentals","Targets specific long-tail intent for 1 BHK in OMR (IT Corridor); canonical isolated from base hub","BreadcrumbList, RealEstateListing, FAQPage","GCC, CMWSSB, CMRL, Ground-truth local audit","Pass / Verified","SEO QA Lead / 2026-10-05"
"https://www.chennairents.in/chennai/omr/2bhk-flats-for-bachelors-in-omr","Locality Facet / Typology","2bhk flats for bachelors in omr","Transactional","2 bhk omr (it corridor); verified 2bhk flats for bachelors in omr; owner direct 2bhk flats for bachelors in omr; 2bhk flats for bachelors in omr price deposit","OMR (IT Corridor)","2 BHK","https://www.chennairents.in/chennai/omr/2bhk-flats-for-bachelors-in-omr","Index, Follow","2BHK Flats for Bachelors in OMR | Share & Save Rent","Rent verified 2BHK flats for bachelors on OMR. Split costs with colleagues near TCS, Infosys, and SIPCOT with zero commute stress.","2BHK Flats for Bachelors in OMR, Chennai","OMR Micro-Market Hubs & Corridors | Current Rental Market Benchmarks along OMR | Monsoon Resilience & Water Reality | Frequently Asked Questions | Explore OMR Rental Network","Contact Verified Property Owners","https://www.chennairents.in/chennai/omr","https://www.chennairents.in/chennai/omr; https://www.chennairents.in/chennai/rentals","Targets specific long-tail intent for 2 BHK in OMR (IT Corridor); canonical isolated from base hub","BreadcrumbList, RealEstateListing, FAQPage","GCC, CMWSSB, CMRL, Ground-truth local audit","Pass / Verified","SEO QA Lead / 2026-10-05"
"https://www.chennairents.in/chennai/omr/2bhk-flats-for-family-in-omr","Locality Facet / Typology","2bhk flats for family in omr","Transactional","2 bhk omr (it corridor); verified 2bhk flats for family in omr; owner direct 2bhk flats for family in omr; 2bhk flats for family in omr price deposit","OMR (IT Corridor)","2 BHK","https://www.chennairents.in/chennai/omr/2bhk-flats-for-family-in-omr","Index, Follow","2BHK Flats for Family in OMR | Safe Gated Societies","Safe and peaceful 2BHK family flats for rent on OMR. Close to BVM Global, Hiranandani School, hospitals, and child-safe play areas.","2BHK Flats for Family in OMR, Chennai","OMR Micro-Market Hubs & Corridors | Current Rental Market Benchmarks along OMR | Monsoon Resilience & Water Reality | Frequently Asked Questions | Explore OMR Rental Network","Contact Verified Property Owners","https://www.chennairents.in/chennai/omr","https://www.chennairents.in/chennai/omr; https://www.chennairents.in/chennai/rentals","Targets specific long-tail intent for 2 BHK in OMR (IT Corridor); canonical isolated from base hub","BreadcrumbList, RealEstateListing, FAQPage","GCC, CMWSSB, CMRL, Ground-truth local audit","Pass / Verified","SEO QA Lead / 2026-10-05"
"https://www.chennairents.in/chennai/omr/3bhk-flats-for-family-in-omr","Locality Facet / Typology","3bhk flats for family in omr","Transactional","3 bhk omr (it corridor); verified 3bhk flats for family in omr; owner direct 3bhk flats for family in omr; 3bhk flats for family in omr price deposit","OMR (IT Corridor)","3 BHK","https://www.chennairents.in/chennai/omr/3bhk-flats-for-family-in-omr","Index, Follow","3BHK Flats for Family in OMR | Integrated Townships","Find large 3BHK family apartments along OMR. Gated mega-townships with security, DG backup, swimming pools, and dedicated parking.","3BHK Flats for Family in OMR, Chennai","OMR Micro-Market Hubs & Corridors | Current Rental Market Benchmarks along OMR | Monsoon Resilience & Water Reality | Frequently Asked Questions | Explore OMR Rental Network","Contact Verified Property Owners","https://www.chennairents.in/chennai/omr","https://www.chennairents.in/chennai/omr; https://www.chennairents.in/chennai/rentals","Targets specific long-tail intent for 3 BHK in OMR (IT Corridor); canonical isolated from base hub","BreadcrumbList, RealEstateListing, FAQPage","GCC, CMWSSB, CMRL, Ground-truth local audit","Pass / Verified","SEO QA Lead / 2026-10-05"
"https://www.chennairents.in/chennai/omr/flats-for-bachelors-in-omr","Locality Facet / Typology","flats for bachelors in omr","Transactional","bachelor friendly rentals omr (it corridor); verified flats for bachelors in omr; owner direct flats for bachelors in omr; flats for bachelors in omr price deposit","OMR (IT Corridor)","Bachelor Friendly Rentals","https://www.chennairents.in/chennai/omr/flats-for-bachelors-in-omr","Index, Follow","Flats for Bachelors in OMR | 100% Bachelor-Friendly","Explore bachelor flats for rent along OMR across 1RK, 1BHK, 2BHK, and 3BHK layouts. No arbitrary rules, fair deposits, and instant move-ins.","Bachelor Flats & Rooms for Rent in OMR, Chennai","OMR Micro-Market Hubs & Corridors | Current Rental Market Benchmarks along OMR | Monsoon Resilience & Water Reality | Frequently Asked Questions | Explore OMR Rental Network","Contact Verified Property Owners","https://www.chennairents.in/chennai/omr","https://www.chennairents.in/chennai/omr; https://www.chennairents.in/chennai/rentals","Targets specific long-tail intent for Bachelor Friendly Rentals in OMR (IT Corridor); canonical isolated from base hub","BreadcrumbList, RealEstateListing, FAQPage","GCC, CMWSSB, CMRL, Ground-truth local audit","Pass / Verified","SEO QA Lead / 2026-10-05"
"https://www.chennairents.in/chennai/omr/flats-for-family-in-omr","Locality Facet / Typology","flats for family in omr","Transactional","family rentals omr (it corridor); verified flats for family in omr; owner direct flats for family in omr; flats for family in omr price deposit","OMR (IT Corridor)","Family Rentals","https://www.chennairents.in/chennai/omr/flats-for-family-in-omr","Index, Follow","Family Flats for Rent in OMR | Gated Communities","Rent verified family apartments along OMR. Secure gated campuses, treated water supply, dedicated parking, and nearby CBSE schools.","Family Flats & Apartments for Rent in OMR, Chennai","OMR Micro-Market Hubs & Corridors | Current Rental Market Benchmarks along OMR | Monsoon Resilience & Water Reality | Frequently Asked Questions | Explore OMR Rental Network","Contact Verified Property Owners","https://www.chennairents.in/chennai/omr","https://www.chennairents.in/chennai/omr; https://www.chennairents.in/chennai/rentals","Targets specific long-tail intent for Family Rentals in OMR (IT Corridor); canonical isolated from base hub","BreadcrumbList, RealEstateListing, FAQPage","GCC, CMWSSB, CMRL, Ground-truth local audit","Pass / Verified","SEO QA Lead / 2026-10-05"
"https://www.chennairents.in/chennai/omr/co-living-in-omr","Locality Facet / Typology","co living in omr","Transactional","co-living omr (it corridor); verified co living in omr; owner direct co living in omr; co living in omr price deposit","OMR (IT Corridor)","Co-Living","https://www.chennairents.in/chennai/omr/co-living-in-omr","Index, Follow","Co-Living Spaces in OMR | Fully Managed Tech Stays","Modern co-living along OMR with high-speed WiFi, housekeeping, daily meals, and flexible month-to-month leases near major tech parks.","Co-Living Spaces in OMR, Chennai","OMR Micro-Market Hubs & Corridors | Co-Living Room Sharing Tariffs | Frequently Asked Questions | Explore OMR Rental Network","Contact Verified Property Owners","https://www.chennairents.in/chennai/omr","https://www.chennairents.in/chennai/omr; https://www.chennairents.in/chennai/rentals","Targets specific long-tail intent for Co-Living in OMR (IT Corridor); canonical isolated from base hub","BreadcrumbList, RealEstateListing, FAQPage","GCC, CMWSSB, CMRL, Ground-truth local audit","Pass / Verified","SEO QA Lead / 2026-10-05"
"https://www.chennairents.in/chennai/omr/pg-for-men-in-omr","Locality Facet / Typology","pg for men in omr","Transactional","pg for men omr (it corridor); verified pg for men in omr; owner direct pg for men in omr; pg for men in omr price deposit","OMR (IT Corridor)","PG for Men","https://www.chennairents.in/chennai/omr/pg-for-men-in-omr","Index, Follow","PG for Men in OMR Chennai | Food, AC & WiFi Included","Top gents PG and hostels along OMR near Thoraipakkam, Sholinganallur, and Navalur. South & North Indian food, AC rooms, and bike parking.","PG for Men in OMR (Old Mahabalipuram Road), Chennai","OMR Micro-Market Hubs & Corridors | Current Rental Market Benchmarks along OMR | Monsoon Resilience & Water Reality | Frequently Asked Questions | Explore OMR Rental Network","Contact Verified Property Owners","https://www.chennairents.in/chennai/omr","https://www.chennairents.in/chennai/omr; https://www.chennairents.in/chennai/rentals","Targets specific long-tail intent for PG for Men in OMR (IT Corridor); canonical isolated from base hub","BreadcrumbList, RealEstateListing, FAQPage","GCC, CMWSSB, CMRL, Ground-truth local audit","Pass / Verified","SEO QA Lead / 2026-10-05"
"https://www.chennairents.in/chennai/omr/pg-for-women-in-omr","Locality Facet / Typology","pg for women in omr","Transactional","pg for women omr (it corridor); verified pg for women in omr; owner direct pg for women in omr; pg for women in omr price deposit","OMR (IT Corridor)","PG for Women","https://www.chennairents.in/chennai/omr/pg-for-women-in-omr","Index, Follow","Safe PG for Women in OMR | Secure Ladies Hostels","Secure ladies PGs and women's hostels along OMR. Biometric entry, 24/7 warden, hygienic food, AC rooms, and high-speed Wi-Fi near IT parks.","PG for Women in OMR (Old Mahabalipuram Road), Chennai","OMR Micro-Market Hubs & Corridors | Current Rental Market Benchmarks along OMR | Monsoon Resilience & Water Reality | Frequently Asked Questions | Explore OMR Rental Network","Contact Verified Property Owners","https://www.chennairents.in/chennai/omr","https://www.chennairents.in/chennai/omr; https://www.chennairents.in/chennai/rentals","Targets specific long-tail intent for PG for Women in OMR (IT Corridor); canonical isolated from base hub","BreadcrumbList, RealEstateListing, FAQPage","GCC, CMWSSB, CMRL, Ground-truth local audit","Pass / Verified","SEO QA Lead / 2026-10-05"
"https://www.chennairents.in/chennai/omr/independent-houses-for-rent-in-omr","Locality Facet / Typology","independent houses for rent in omr","Transactional","independent house / villa omr (it corridor); verified independent houses for rent in omr; owner direct independent houses for rent in omr; independent houses for rent in omr price deposit","OMR (IT Corridor)","Independent House / Villa","https://www.chennairents.in/chennai/omr/independent-houses-for-rent-in-omr","Index, Follow","Independent Houses for Rent in OMR | Private Villas","Discover independent houses, private villas, and duplex homes for rent along OMR. Enjoy private terraces, car porches, and quiet yards.","Independent Houses & Villas for Rent in OMR, Chennai","OMR Micro-Market Hubs & Corridors | Current Rental Market Benchmarks along OMR | Monsoon Resilience & Water Reality | Frequently Asked Questions | Explore OMR Rental Network","Contact Verified Property Owners","https://www.chennairents.in/chennai/omr","https://www.chennairents.in/chennai/omr; https://www.chennairents.in/chennai/rentals","Targets specific long-tail intent for Independent House / Villa in OMR (IT Corridor); canonical isolated from base hub","BreadcrumbList, RealEstateListing, FAQPage","GCC, CMWSSB, CMRL, Ground-truth local audit","Pass / Verified","SEO QA Lead / 2026-10-05"
"https://www.chennairents.in/chennai/omr/furnished-flats-for-rent-in-omr","Locality Facet / Typology","furnished flats for rent in omr","Transactional","furnished flats omr (it corridor); verified furnished flats for rent in omr; owner direct furnished flats for rent in omr; furnished flats for rent in omr price deposit","OMR (IT Corridor)","Furnished Flats","https://www.chennairents.in/chennai/omr/furnished-flats-for-rent-in-omr","Index, Follow","Fully Furnished Flats for Rent in OMR | Move-in Ready","Move-in ready furnished flats for rent on OMR. Complete with ACs, modular kitchens, beds, sofas, TV, and premium appliances near IT parks.","Fully Furnished Flats for Rent in OMR, Chennai","OMR Micro-Market Hubs & Corridors | Current Rental Market Benchmarks along OMR | Furnished Apartment Checklist | Monsoon Resilience & Water Reality | Frequently Asked Questions","Contact Verified Property Owners","https://www.chennairents.in/chennai/omr","https://www.chennairents.in/chennai/omr; https://www.chennairents.in/chennai/rentals","Targets specific long-tail intent for Furnished Flats in OMR (IT Corridor); canonical isolated from base hub","BreadcrumbList, RealEstateListing, FAQPage","GCC, CMWSSB, CMRL, Ground-truth local audit","Pass / Verified","SEO QA Lead / 2026-10-05"
"https://www.chennairents.in/chennai/omr/flats-for-rent-under-10000-in-omr","Locality Facet / Typology","flats for rent under 10000 in omr","Transactional","flats under ₹10,000 omr (it corridor); verified flats for rent under 10000 in omr; owner direct flats for rent under 10000 in omr; flats for rent under 10000 in omr price deposit","OMR (IT Corridor)","Flats Under ₹10,000","https://www.chennairents.in/chennai/omr/flats-for-rent-under-10000-in-omr","Index, Follow","Flats for Rent Under ₹10,000 in OMR | Budget Units","Find affordable flats and 1RK studio rooms for rent under ₹10,000 along OMR. Budget-friendly living near OMR IT parks.","Flats for Rent Under ₹10,000 in OMR, Chennai","OMR Micro-Market Hubs & Corridors | Current Rental Market Benchmarks along OMR | Monsoon Resilience & Water Reality | Frequently Asked Questions | Explore OMR Rental Network","Contact Verified Property Owners","https://www.chennairents.in/chennai/omr","https://www.chennairents.in/chennai/omr; https://www.chennairents.in/chennai/rentals","Targets specific long-tail intent for Flats Under ₹10,000 in OMR (IT Corridor); canonical isolated from base hub","BreadcrumbList, RealEstateListing, FAQPage","GCC, CMWSSB, CMRL, Ground-truth local audit","Pass / Verified","SEO QA Lead / 2026-10-05"
"https://www.chennairents.in/chennai/omr/flats-for-rent-under-15000-in-omr","Locality Facet / Typology","flats for rent under 15000 in omr","Transactional","flats under ₹15,000 omr (it corridor); verified flats for rent under 15000 in omr; owner direct flats for rent under 15000 in omr; flats for rent under 15000 in omr price deposit","OMR (IT Corridor)","Flats Under ₹15,000","https://www.chennairents.in/chennai/omr/flats-for-rent-under-15000-in-omr","Index, Follow","Flats for Rent Under ₹15,000 in OMR | 1BHK & 2BHK","Explore rental apartments under ₹15,000 along OMR. Quality 1BHK flats and budget 2BHK builder floors near tech parks.","Flats for Rent Under ₹15,000 in OMR, Chennai","OMR Micro-Market Hubs & Corridors | Current Rental Market Benchmarks along OMR | Monsoon Resilience & Water Reality | Frequently Asked Questions | Explore OMR Rental Network","Contact Verified Property Owners","https://www.chennairents.in/chennai/omr","https://www.chennairents.in/chennai/omr; https://www.chennairents.in/chennai/rentals","Targets specific long-tail intent for Flats Under ₹15,000 in OMR (IT Corridor); canonical isolated from base hub","BreadcrumbList, RealEstateListing, FAQPage","GCC, CMWSSB, CMRL, Ground-truth local audit","Pass / Verified","SEO QA Lead / 2026-10-05"
"https://www.chennairents.in/chennai/omr/flats-for-rent-under-20000-in-omr","Locality Facet / Typology","flats for rent under 20000 in omr","Transactional","flats under ₹20,000 omr (it corridor); verified flats for rent under 20000 in omr; owner direct flats for rent under 20000 in omr; flats for rent under 20000 in omr price deposit","OMR (IT Corridor)","Flats Under ₹20,000","https://www.chennairents.in/chennai/omr/flats-for-rent-under-20000-in-omr","Index, Follow","Flats for Rent Under ₹20,000 in OMR | Prime 2BHKs","Browse rental apartments under ₹20,000 along OMR. Semi-furnished 2BHK flats with car parking, lift, and modular kitchens near IT parks.","Flats for Rent Under ₹20,000 in OMR, Chennai","OMR Micro-Market Hubs & Corridors | Current Rental Market Benchmarks along OMR | Monsoon Resilience & Water Reality | Frequently Asked Questions | Explore OMR Rental Network","Contact Verified Property Owners","https://www.chennairents.in/chennai/omr","https://www.chennairents.in/chennai/omr; https://www.chennairents.in/chennai/rentals","Targets specific long-tail intent for Flats Under ₹20,000 in OMR (IT Corridor); canonical isolated from base hub","BreadcrumbList, RealEstateListing, FAQPage","GCC, CMWSSB, CMRL, Ground-truth local audit","Pass / Verified","SEO QA Lead / 2026-10-05"
"https://www.chennairents.in/chennai/perungudi/flats-for-rent-in-perungudi","Locality Facet / Typology","flats for rent in perungudi","Transactional","flats / apartments perungudi; verified flats for rent in perungudi; owner direct flats for rent in perungudi; flats for rent in perungudi price deposit","Perungudi","Flats / Apartments","https://www.chennairents.in/chennai/perungudi/flats-for-rent-in-perungudi","Index, Follow","Flats for Rent in Perungudi Chennai | 1RK to 3BHK Rentals","Browse verified flats for rent in Perungudi, Chennai. Gated societies and standalone builder floors near World Trade Center, SP Infocity, and OMR.","Flats for Rent in Perungudi, Chennai","Perungudi Micro-Market Hubs & Enclaves | Current Rental Market Benchmarks in Perungudi | Monsoon Resilience & Water Reality | Frequently Asked Questions | Explore Perungudi Rental Network","Contact Verified Property Owners","https://www.chennairents.in/chennai/perungudi","https://www.chennairents.in/chennai/perungudi; https://www.chennairents.in/chennai/rentals","Targets specific long-tail intent for Flats / Apartments in Perungudi; canonical isolated from base hub","BreadcrumbList, RealEstateListing, FAQPage","GCC, CMWSSB, CMRL, Ground-truth local audit","Pass / Verified","SEO QA Lead / 2026-10-05"
"https://www.chennairents.in/chennai/perungudi/1rk-for-rent-in-perungudi","Locality Facet / Typology","1rk for rent in perungudi","Transactional","1 rk perungudi; verified 1rk for rent in perungudi; owner direct 1rk for rent in perungudi; 1rk for rent in perungudi price deposit","Perungudi","1 RK","https://www.chennairents.in/chennai/perungudi/1rk-for-rent-in-perungudi","Index, Follow","1RK for Rent in Perungudi Chennai | Studio Rooms","Find independent 1RK studio rooms for rent in Perungudi. Low security deposits, private washrooms, and walking distance to WTC Chennai and OMR.","1RK Studio Rooms for Rent in Perungudi, Chennai","Perungudi Micro-Market Hubs & Enclaves | Current Rental Market Benchmarks in Perungudi | Monsoon Resilience & Water Reality | Frequently Asked Questions | Explore Perungudi Rental Network","Contact Verified Property Owners","https://www.chennairents.in/chennai/perungudi","https://www.chennairents.in/chennai/perungudi; https://www.chennairents.in/chennai/rentals","Targets specific long-tail intent for 1 RK in Perungudi; canonical isolated from base hub","BreadcrumbList, RealEstateListing, FAQPage","GCC, CMWSSB, CMRL, Ground-truth local audit","Pass / Verified","SEO QA Lead / 2026-10-05"
"https://www.chennairents.in/chennai/perungudi/1bhk-flats-for-rent-in-perungudi","Locality Facet / Typology","1bhk flats for rent in perungudi","Transactional","1 bhk perungudi; verified 1bhk flats for rent in perungudi; owner direct 1bhk flats for rent in perungudi; 1bhk flats for rent in perungudi price deposit","Perungudi","1 BHK","https://www.chennairents.in/chennai/perungudi/1bhk-flats-for-rent-in-perungudi","Index, Follow","1BHK Flats for Rent in Perungudi | Verified Flats","Browse verified 1BHK rental apartments in Perungudi. Independent builder floors and society flats near Perungudi MRTS station and SP Infocity.","1BHK Flats for Rent in Perungudi, Chennai","Perungudi Micro-Market Hubs & Enclaves | Current Rental Market Benchmarks in Perungudi | Monsoon Resilience & Water Reality | Frequently Asked Questions | Explore Perungudi Rental Network","Contact Verified Property Owners","https://www.chennairents.in/chennai/perungudi","https://www.chennairents.in/chennai/perungudi; https://www.chennairents.in/chennai/rentals","Targets specific long-tail intent for 1 BHK in Perungudi; canonical isolated from base hub","BreadcrumbList, RealEstateListing, FAQPage","GCC, CMWSSB, CMRL, Ground-truth local audit","Pass / Verified","SEO QA Lead / 2026-10-05"
"https://www.chennairents.in/chennai/perungudi/2bhk-flats-for-rent-in-perungudi","Locality Facet / Typology","2bhk flats for rent in perungudi","Transactional","2 bhk perungudi; verified 2bhk flats for rent in perungudi; owner direct 2bhk flats for rent in perungudi; 2bhk flats for rent in perungudi price deposit","Perungudi","2 BHK","https://www.chennairents.in/chennai/perungudi/2bhk-flats-for-rent-in-perungudi","Index, Follow","2BHK Flats for Rent in Perungudi | Standalone & Gated","Rent verified 2BHK flats in Perungudi, Chennai. Quality builder floors and gated societies in Telephone Nagar, Ramappa Nagar, and near OMR with car parking.","2BHK Flats for Rent in Perungudi, Chennai","Perungudi Micro-Market Hubs & Enclaves | Current Rental Market Benchmarks in Perungudi | Monsoon Resilience & Water Reality | Frequently Asked Questions | Explore Perungudi Rental Network","Contact Verified Property Owners","https://www.chennairents.in/chennai/perungudi","https://www.chennairents.in/chennai/perungudi; https://www.chennairents.in/chennai/rentals","Targets specific long-tail intent for 2 BHK in Perungudi; canonical isolated from base hub","BreadcrumbList, RealEstateListing, FAQPage","GCC, CMWSSB, CMRL, Ground-truth local audit","Pass / Verified","SEO QA Lead / 2026-10-05"
"https://www.chennairents.in/chennai/perungudi/3bhk-flats-for-rent-in-perungudi","Locality Facet / Typology","3bhk flats for rent in perungudi","Transactional","3 bhk perungudi; verified 3bhk flats for rent in perungudi; owner direct 3bhk flats for rent in perungudi; 3bhk flats for rent in perungudi price deposit","Perungudi","3 BHK","https://www.chennairents.in/chennai/perungudi/3bhk-flats-for-rent-in-perungudi","Index, Follow","3BHK Flats for Rent in Perungudi | Premium Gated Societies","Discover luxury 3BHK rental apartments in Perungudi. Gated communities like Brigade Residences and Appaswamy Altezza with clubhouse, pool, and DG backup.","3BHK Flats for Rent in Perungudi, Chennai","Perungudi Micro-Market Hubs & Enclaves | Current Rental Market Benchmarks in Perungudi | Monsoon Resilience & Water Reality | Frequently Asked Questions | Explore Perungudi Rental Network","Contact Verified Property Owners","https://www.chennairents.in/chennai/perungudi","https://www.chennairents.in/chennai/perungudi; https://www.chennairents.in/chennai/rentals","Targets specific long-tail intent for 3 BHK in Perungudi; canonical isolated from base hub","BreadcrumbList, RealEstateListing, FAQPage","GCC, CMWSSB, CMRL, Ground-truth local audit","Pass / Verified","SEO QA Lead / 2026-10-05"
"https://www.chennairents.in/chennai/perungudi/1bhk-flats-for-bachelors-in-perungudi","Locality Facet / Typology","1bhk flats for bachelors in perungudi","Transactional","1 bhk perungudi; verified 1bhk flats for bachelors in perungudi; owner direct 1bhk flats for bachelors in perungudi; 1bhk flats for bachelors in perungudi price deposit","Perungudi","1 BHK","https://www.chennairents.in/chennai/perungudi/1bhk-flats-for-bachelors-in-perungudi","Index, Follow","1BHK Flats for Bachelors in Perungudi | Near WTC & OMR","Find bachelor-friendly 1BHK rental apartments in Perungudi. Verified owners, zero curfew restrictions, and 5-minute transit to SP Infocity and WTC.","1BHK Flats for Bachelors in Perungudi, Chennai","Perungudi Micro-Market Hubs & Enclaves | Current Rental Market Benchmarks in Perungudi | Monsoon Resilience & Water Reality | Frequently Asked Questions | Explore Perungudi Rental Network","Contact Verified Property Owners","https://www.chennairents.in/chennai/perungudi","https://www.chennairents.in/chennai/perungudi; https://www.chennairents.in/chennai/rentals","Targets specific long-tail intent for 1 BHK in Perungudi; canonical isolated from base hub","BreadcrumbList, RealEstateListing, FAQPage","GCC, CMWSSB, CMRL, Ground-truth local audit","Pass / Verified","SEO QA Lead / 2026-10-05"
"https://www.chennairents.in/chennai/perungudi/2bhk-flats-for-bachelors-in-perungudi","Locality Facet / Typology","2bhk flats for bachelors in perungudi","Transactional","2 bhk perungudi; verified 2bhk flats for bachelors in perungudi; owner direct 2bhk flats for bachelors in perungudi; 2bhk flats for bachelors in perungudi price deposit","Perungudi","2 BHK","https://www.chennairents.in/chennai/perungudi/2bhk-flats-for-bachelors-in-perungudi","Index, Follow","2BHK Flats for Bachelors in Perungudi | Share & Save Rent","Rent verified 2BHK flats for bachelors in Perungudi. Split rental expenses with colleagues near OMR, cafes, and Perungudi MRTS station.","2BHK Flats for Bachelors in Perungudi, Chennai","Perungudi Micro-Market Hubs & Enclaves | Current Rental Market Benchmarks in Perungudi | Monsoon Resilience & Water Reality | Frequently Asked Questions | Explore Perungudi Rental Network","Contact Verified Property Owners","https://www.chennairents.in/chennai/perungudi","https://www.chennairents.in/chennai/perungudi; https://www.chennairents.in/chennai/rentals","Targets specific long-tail intent for 2 BHK in Perungudi; canonical isolated from base hub","BreadcrumbList, RealEstateListing, FAQPage","GCC, CMWSSB, CMRL, Ground-truth local audit","Pass / Verified","SEO QA Lead / 2026-10-05"
"https://www.chennairents.in/chennai/perungudi/2bhk-flats-for-family-in-perungudi","Locality Facet / Typology","2bhk flats for family in perungudi","Transactional","2 bhk perungudi; verified 2bhk flats for family in perungudi; owner direct 2bhk flats for family in perungudi; 2bhk flats for family in perungudi price deposit","Perungudi","2 BHK","https://www.chennairents.in/chennai/perungudi/2bhk-flats-for-family-in-perungudi","Index, Follow","2BHK Flats for Family in Perungudi | Safe Residential Pockets","Safe and peaceful 2BHK family flats for rent in Perungudi. Close to Montfort School, Apollo Hospital, parks, and daily grocery stores.","2BHK Flats for Family in Perungudi, Chennai","Perungudi Micro-Market Hubs & Enclaves | Current Rental Market Benchmarks in Perungudi | Monsoon Resilience & Water Reality | Frequently Asked Questions | Explore Perungudi Rental Network","Contact Verified Property Owners","https://www.chennairents.in/chennai/perungudi","https://www.chennairents.in/chennai/perungudi; https://www.chennairents.in/chennai/rentals","Targets specific long-tail intent for 2 BHK in Perungudi; canonical isolated from base hub","BreadcrumbList, RealEstateListing, FAQPage","GCC, CMWSSB, CMRL, Ground-truth local audit","Pass / Verified","SEO QA Lead / 2026-10-05"
"https://www.chennairents.in/chennai/perungudi/3bhk-flats-for-family-in-perungudi","Locality Facet / Typology","3bhk flats for family in perungudi","Transactional","3 bhk perungudi; verified 3bhk flats for family in perungudi; owner direct 3bhk flats for family in perungudi; 3bhk flats for family in perungudi price deposit","Perungudi","3 BHK","https://www.chennairents.in/chennai/perungudi/3bhk-flats-for-family-in-perungudi","Index, Follow","3BHK Flats for Family in Perungudi | Gated Communities","Explore expansive 3BHK family apartments in Perungudi. Dual car parking, modern lifts, power backup, and quiet tree-lined avenues.","3BHK Flats for Family in Perungudi, Chennai","Perungudi Micro-Market Hubs & Enclaves | Current Rental Market Benchmarks in Perungudi | Monsoon Resilience & Water Reality | Frequently Asked Questions | Explore Perungudi Rental Network","Contact Verified Property Owners","https://www.chennairents.in/chennai/perungudi","https://www.chennairents.in/chennai/perungudi; https://www.chennairents.in/chennai/rentals","Targets specific long-tail intent for 3 BHK in Perungudi; canonical isolated from base hub","BreadcrumbList, RealEstateListing, FAQPage","GCC, CMWSSB, CMRL, Ground-truth local audit","Pass / Verified","SEO QA Lead / 2026-10-05"
"https://www.chennairents.in/chennai/perungudi/flats-for-bachelors-in-perungudi","Locality Facet / Typology","flats for bachelors in perungudi","Transactional","bachelor friendly rentals perungudi; verified flats for bachelors in perungudi; owner direct flats for bachelors in perungudi; flats for bachelors in perungudi price deposit","Perungudi","Bachelor Friendly Rentals","https://www.chennairents.in/chennai/perungudi/flats-for-bachelors-in-perungudi","Index, Follow","Flats for Bachelors in Perungudi | 100% Bachelor Verified","Explore bachelor flats for rent in Perungudi across 1RK, 1BHK, 2BHK, and 3BHK options. Transparent agreements, minimal paperwork, and prime transit access.","Bachelor Flats & Rooms for Rent in Perungudi, Chennai","Perungudi Micro-Market Hubs & Enclaves | Current Rental Market Benchmarks in Perungudi | Monsoon Resilience & Water Reality | Frequently Asked Questions | Explore Perungudi Rental Network","Contact Verified Property Owners","https://www.chennairents.in/chennai/perungudi","https://www.chennairents.in/chennai/perungudi; https://www.chennairents.in/chennai/rentals","Targets specific long-tail intent for Bachelor Friendly Rentals in Perungudi; canonical isolated from base hub","BreadcrumbList, RealEstateListing, FAQPage","GCC, CMWSSB, CMRL, Ground-truth local audit","Pass / Verified","SEO QA Lead / 2026-10-05"
"https://www.chennairents.in/chennai/perungudi/flats-for-family-in-perungudi","Locality Facet / Typology","flats for family in perungudi","Transactional","family rentals perungudi; verified flats for family in perungudi; owner direct flats for family in perungudi; flats for family in perungudi price deposit","Perungudi","Family Rentals","https://www.chennairents.in/chennai/perungudi/flats-for-family-in-perungudi","Index, Follow","Family Flats for Rent in Perungudi | Prime Residential Living","Rent verified family apartments in Perungudi, Chennai. Reliable water supply, broad residential cross-streets, reputable schools, and community security.","Family Flats & Apartments for Rent in Perungudi, Chennai","Perungudi Micro-Market Hubs & Enclaves | Current Rental Market Benchmarks in Perungudi | Monsoon Resilience & Water Reality | Frequently Asked Questions | Explore Perungudi Rental Network","Contact Verified Property Owners","https://www.chennairents.in/chennai/perungudi","https://www.chennairents.in/chennai/perungudi; https://www.chennairents.in/chennai/rentals","Targets specific long-tail intent for Family Rentals in Perungudi; canonical isolated from base hub","BreadcrumbList, RealEstateListing, FAQPage","GCC, CMWSSB, CMRL, Ground-truth local audit","Pass / Verified","SEO QA Lead / 2026-10-05"
"https://www.chennairents.in/chennai/perungudi/co-living-in-perungudi","Locality Facet / Typology","co living in perungudi","Transactional","co-living perungudi; verified co living in perungudi; owner direct co living in perungudi; co living in perungudi price deposit","Perungudi","Co-Living","https://www.chennairents.in/chennai/perungudi/co-living-in-perungudi","Index, Follow","Co-Living Spaces in Perungudi | Fully Managed Tech Stays","Modern co-living accommodations in Perungudi. High-speed Wi-Fi, daily housekeeping, food options, and flexible month-to-month leases near WTC.","Co-Living Spaces in Perungudi, Chennai","Perungudi Micro-Market Hubs & Enclaves | Co-Living Room Sharing Tariffs | Frequently Asked Questions | Explore Perungudi Rental Network","Contact Verified Property Owners","https://www.chennairents.in/chennai/perungudi","https://www.chennairents.in/chennai/perungudi; https://www.chennairents.in/chennai/rentals","Targets specific long-tail intent for Co-Living in Perungudi; canonical isolated from base hub","BreadcrumbList, RealEstateListing, FAQPage","GCC, CMWSSB, CMRL, Ground-truth local audit","Pass / Verified","SEO QA Lead / 2026-10-05"
"https://www.chennairents.in/chennai/perungudi/pg-for-men-in-perungudi","Locality Facet / Typology","pg for men in perungudi","Transactional","pg for men perungudi; verified pg for men in perungudi; owner direct pg for men in perungudi; pg for men in perungudi price deposit","Perungudi","PG for Men","https://www.chennairents.in/chennai/perungudi/pg-for-men-in-perungudi","Index, Follow","PG for Men in Perungudi Chennai | Food, AC & WiFi Included","Top gents PG and hostels in Perungudi near OMR and WTC Chennai. Wholesome South & North Indian food, AC rooms, and bike parking.","PG for Men in Perungudi, Chennai","Perungudi Micro-Market Hubs & Enclaves | Current Rental Market Benchmarks in Perungudi | Monsoon Resilience & Water Reality | Frequently Asked Questions | Explore Perungudi Rental Network","Contact Verified Property Owners","https://www.chennairents.in/chennai/perungudi","https://www.chennairents.in/chennai/perungudi; https://www.chennairents.in/chennai/rentals","Targets specific long-tail intent for PG for Men in Perungudi; canonical isolated from base hub","BreadcrumbList, RealEstateListing, FAQPage","GCC, CMWSSB, CMRL, Ground-truth local audit","Pass / Verified","SEO QA Lead / 2026-10-05"
"https://www.chennairents.in/chennai/perungudi/pg-for-women-in-perungudi","Locality Facet / Typology","pg for women in perungudi","Transactional","pg for women perungudi; verified pg for women in perungudi; owner direct pg for women in perungudi; pg for women in perungudi price deposit","Perungudi","PG for Women","https://www.chennairents.in/chennai/perungudi/pg-for-women-in-perungudi","Index, Follow","Safe PG for Women in Perungudi | Secure Ladies Hostels","Safe, verified ladies PGs and women's hostels in Perungudi. Biometric entry, resident warden, home-style food, AC, and Wi-Fi near SP Infocity.","PG for Women in Perungudi, Chennai","Perungudi Micro-Market Hubs & Enclaves | Current Rental Market Benchmarks in Perungudi | Monsoon Resilience & Water Reality | Frequently Asked Questions | Explore Perungudi Rental Network","Contact Verified Property Owners","https://www.chennairents.in/chennai/perungudi","https://www.chennairents.in/chennai/perungudi; https://www.chennairents.in/chennai/rentals","Targets specific long-tail intent for PG for Women in Perungudi; canonical isolated from base hub","BreadcrumbList, RealEstateListing, FAQPage","GCC, CMWSSB, CMRL, Ground-truth local audit","Pass / Verified","SEO QA Lead / 2026-10-05"
"https://www.chennairents.in/chennai/perungudi/independent-houses-for-rent-in-perungudi","Locality Facet / Typology","independent houses for rent in perungudi","Transactional","independent house / villa perungudi; verified independent houses for rent in perungudi; owner direct independent houses for rent in perungudi; independent houses for rent in perungudi price deposit","Perungudi","Independent House / Villa","https://www.chennairents.in/chennai/perungudi/independent-houses-for-rent-in-perungudi","Index, Follow","Independent Houses for Rent in Perungudi | Private Villas","Discover independent houses, private villas, and row houses for rent in Perungudi. Enjoy private car porches, exclusive terraces, and quiet yards.","Independent Houses & Villas for Rent in Perungudi, Chennai","Perungudi Micro-Market Hubs & Enclaves | Current Rental Market Benchmarks in Perungudi | Monsoon Resilience & Water Reality | Frequently Asked Questions | Explore Perungudi Rental Network","Contact Verified Property Owners","https://www.chennairents.in/chennai/perungudi","https://www.chennairents.in/chennai/perungudi; https://www.chennairents.in/chennai/rentals","Targets specific long-tail intent for Independent House / Villa in Perungudi; canonical isolated from base hub","BreadcrumbList, RealEstateListing, FAQPage","GCC, CMWSSB, CMRL, Ground-truth local audit","Pass / Verified","SEO QA Lead / 2026-10-05"
"https://www.chennairents.in/chennai/perungudi/furnished-flats-for-rent-in-perungudi","Locality Facet / Typology","furnished flats for rent in perungudi","Transactional","furnished flats perungudi; verified furnished flats for rent in perungudi; owner direct furnished flats for rent in perungudi; furnished flats for rent in perungudi price deposit","Perungudi","Furnished Flats","https://www.chennairents.in/chennai/perungudi/furnished-flats-for-rent-in-perungudi","Index, Follow","Fully Furnished Flats for Rent in Perungudi | Move-in Ready","Move-in ready fully furnished flats for rent in Perungudi. Fitted with ACs, modular kitchens, luxury beds, sofas, TV, and premium appliances.","Fully Furnished Flats for Rent in Perungudi, Chennai","Perungudi Micro-Market Hubs & Enclaves | Current Rental Market Benchmarks in Perungudi | Furnished Apartment Checklist | Monsoon Resilience & Water Reality | Frequently Asked Questions","Contact Verified Property Owners","https://www.chennairents.in/chennai/perungudi","https://www.chennairents.in/chennai/perungudi; https://www.chennairents.in/chennai/rentals","Targets specific long-tail intent for Furnished Flats in Perungudi; canonical isolated from base hub","BreadcrumbList, RealEstateListing, FAQPage","GCC, CMWSSB, CMRL, Ground-truth local audit","Pass / Verified","SEO QA Lead / 2026-10-05"
"https://www.chennairents.in/chennai/perungudi/flats-for-rent-under-10000-in-perungudi","Locality Facet / Typology","flats for rent under 10000 in perungudi","Transactional","flats under ₹10,000 perungudi; verified flats for rent under 10000 in perungudi; owner direct flats for rent under 10000 in perungudi; flats for rent under 10000 in perungudi price deposit","Perungudi","Flats Under ₹10,000","https://www.chennairents.in/chennai/perungudi/flats-for-rent-under-10000-in-perungudi","Index, Follow","Flats for Rent Under ₹10,000 in Perungudi | Budget Units","Find budget rooms, 1RK studios, and compact flats for rent under ₹10,000 per month in Perungudi. Verified listings near bus and MRTS hubs.","Flats for Rent Under ₹10,000 in Perungudi, Chennai","Perungudi Micro-Market Hubs & Enclaves | Current Rental Market Benchmarks in Perungudi | Monsoon Resilience & Water Reality | Frequently Asked Questions | Explore Perungudi Rental Network","Contact Verified Property Owners","https://www.chennairents.in/chennai/perungudi","https://www.chennairents.in/chennai/perungudi; https://www.chennairents.in/chennai/rentals","Targets specific long-tail intent for Flats Under ₹10,000 in Perungudi; canonical isolated from base hub","BreadcrumbList, RealEstateListing, FAQPage","GCC, CMWSSB, CMRL, Ground-truth local audit","Pass / Verified","SEO QA Lead / 2026-10-05"
"https://www.chennairents.in/chennai/perungudi/flats-for-rent-under-15000-in-perungudi","Locality Facet / Typology","flats for rent under 15000 in perungudi","Transactional","flats under ₹15,000 perungudi; verified flats for rent under 15000 in perungudi; owner direct flats for rent under 15000 in perungudi; flats for rent under 15000 in perungudi price deposit","Perungudi","Flats Under ₹15,000","https://www.chennairents.in/chennai/perungudi/flats-for-rent-under-15000-in-perungudi","Index, Follow","Flats for Rent Under ₹15,000 in Perungudi | 1BHKs & Studios","Discover rental apartments under ₹15,000 in Perungudi. Quality 1RK studios and compact 1BHK builder floors near OMR and MRTS.","Flats for Rent Under ₹15,000 in Perungudi, Chennai","Perungudi Micro-Market Hubs & Enclaves | Current Rental Market Benchmarks in Perungudi | Monsoon Resilience & Water Reality | Frequently Asked Questions | Explore Perungudi Rental Network","Contact Verified Property Owners","https://www.chennairents.in/chennai/perungudi","https://www.chennairents.in/chennai/perungudi; https://www.chennairents.in/chennai/rentals","Targets specific long-tail intent for Flats Under ₹15,000 in Perungudi; canonical isolated from base hub","BreadcrumbList, RealEstateListing, FAQPage","GCC, CMWSSB, CMRL, Ground-truth local audit","Pass / Verified","SEO QA Lead / 2026-10-05"
"https://www.chennairents.in/chennai/perungudi/flats-for-rent-under-20000-in-perungudi","Locality Facet / Typology","flats for rent under 20000 in perungudi","Transactional","flats under ₹20,000 perungudi; verified flats for rent under 20000 in perungudi; owner direct flats for rent under 20000 in perungudi; flats for rent under 20000 in perungudi price deposit","Perungudi","Flats Under ₹20,000","https://www.chennairents.in/chennai/perungudi/flats-for-rent-under-20000-in-perungudi","Index, Follow","Flats for Rent Under ₹20,000 in Perungudi | Prime 1BHKs & 2BHKs","Browse rental apartments under ₹20,000 in Perungudi. Modern 1BHK flats and budget 2BHK builder floors with reliable water supply and transit access.","Flats for Rent Under ₹20,000 in Perungudi, Chennai","Perungudi Micro-Market Hubs & Enclaves | Current Rental Market Benchmarks in Perungudi | Monsoon Resilience & Water Reality | Frequently Asked Questions | Explore Perungudi Rental Network","Contact Verified Property Owners","https://www.chennairents.in/chennai/perungudi","https://www.chennairents.in/chennai/perungudi; https://www.chennairents.in/chennai/rentals","Targets specific long-tail intent for Flats Under ₹20,000 in Perungudi; canonical isolated from base hub","BreadcrumbList, RealEstateListing, FAQPage","GCC, CMWSSB, CMRL, Ground-truth local audit","Pass / Verified","SEO QA Lead / 2026-10-05"
"https://www.chennairents.in/chennai/tambaram/flats-for-rent-in-tambaram","Locality Facet / Typology","flats for rent in tambaram","Transactional","flats / apartments tambaram; verified flats for rent in tambaram; owner direct flats for rent in tambaram; flats for rent in tambaram price deposit","Tambaram","Flats / Apartments","https://www.chennairents.in/chennai/tambaram/flats-for-rent-in-tambaram","Index, Follow","Flats for Rent in Tambaram Chennai | 1RK to 3BHK Rentals","Explore verified flats for rent in Tambaram (East & West), Chennai. Filter by gated communities and builder floors near railway station, MEPZ, and GST Road.","Flats for Rent in Tambaram, Chennai","Tambaram Micro-Market Hubs & Streets | Current Rental Market Benchmarks in Tambaram | Monsoon Resilience & Water Reality | Frequently Asked Questions | Explore Tambaram Rental Network","Contact Verified Property Owners","https://www.chennairents.in/chennai/tambaram","https://www.chennairents.in/chennai/tambaram; https://www.chennairents.in/chennai/rentals","Targets specific long-tail intent for Flats / Apartments in Tambaram; canonical isolated from base hub","BreadcrumbList, RealEstateListing, FAQPage","GCC, CMWSSB, CMRL, Ground-truth local audit","Pass / Verified","SEO QA Lead / 2026-10-05"
"https://www.chennairents.in/chennai/tambaram/1rk-for-rent-in-tambaram","Locality Facet / Typology","1rk for rent in tambaram","Transactional","1 rk tambaram; verified 1rk for rent in tambaram; owner direct 1rk for rent in tambaram; 1rk for rent in tambaram price deposit","Tambaram","1 RK","https://www.chennairents.in/chennai/tambaram/1rk-for-rent-in-tambaram","Index, Follow","1RK for Rent in Tambaram Chennai | Compact Studio Units","Find affordable 1RK units and studio rooms for rent in Tambaram. Low deposits, private bathrooms, and walking access to Tambaram railway station.","1RK Studio Rooms for Rent in Tambaram, Chennai","Tambaram Micro-Market Hubs & Streets | Current Rental Market Benchmarks in Tambaram | Monsoon Resilience & Water Reality | Frequently Asked Questions | Explore Tambaram Rental Network","Contact Verified Property Owners","https://www.chennairents.in/chennai/tambaram","https://www.chennairents.in/chennai/tambaram; https://www.chennairents.in/chennai/rentals","Targets specific long-tail intent for 1 RK in Tambaram; canonical isolated from base hub","BreadcrumbList, RealEstateListing, FAQPage","GCC, CMWSSB, CMRL, Ground-truth local audit","Pass / Verified","SEO QA Lead / 2026-10-05"
"https://www.chennairents.in/chennai/tambaram/1bhk-flats-for-rent-in-tambaram","Locality Facet / Typology","1bhk flats for rent in tambaram","Transactional","1 bhk tambaram; verified 1bhk flats for rent in tambaram; owner direct 1bhk flats for rent in tambaram; 1bhk flats for rent in tambaram price deposit","Tambaram","1 BHK","https://www.chennairents.in/chennai/tambaram/1bhk-flats-for-rent-in-tambaram","Index, Follow","1BHK Flats for Rent in Tambaram | Verified Units","Browse verified 1BHK rental apartments in Tambaram. Independent units and builder floors near Tambaram Sanatorium, MEPZ, and GST Road.","1BHK Flats for Rent in Tambaram, Chennai","Tambaram Micro-Market Hubs & Streets | Current Rental Market Benchmarks in Tambaram | Monsoon Resilience & Water Reality | Frequently Asked Questions | Explore Tambaram Rental Network","Contact Verified Property Owners","https://www.chennairents.in/chennai/tambaram","https://www.chennairents.in/chennai/tambaram; https://www.chennairents.in/chennai/rentals","Targets specific long-tail intent for 1 BHK in Tambaram; canonical isolated from base hub","BreadcrumbList, RealEstateListing, FAQPage","GCC, CMWSSB, CMRL, Ground-truth local audit","Pass / Verified","SEO QA Lead / 2026-10-05"
"https://www.chennairents.in/chennai/tambaram/2bhk-flats-for-rent-in-tambaram","Locality Facet / Typology","2bhk flats for rent in tambaram","Transactional","2 bhk tambaram; verified 2bhk flats for rent in tambaram; owner direct 2bhk flats for rent in tambaram; 2bhk flats for rent in tambaram price deposit","Tambaram","2 BHK","https://www.chennairents.in/chennai/tambaram/2bhk-flats-for-rent-in-tambaram","Index, Follow","2BHK Flats for Rent in Tambaram | Gated & Standalone","Rent verified 2BHK flats in Tambaram, Chennai. Quality builder floors and gated societies in Tambaram East and West with car parking and power backup.","2BHK Flats for Rent in Tambaram, Chennai","Tambaram Micro-Market Hubs & Streets | Current Rental Market Benchmarks in Tambaram | Monsoon Resilience & Water Reality | Frequently Asked Questions | Explore Tambaram Rental Network","Contact Verified Property Owners","https://www.chennairents.in/chennai/tambaram","https://www.chennairents.in/chennai/tambaram; https://www.chennairents.in/chennai/rentals","Targets specific long-tail intent for 2 BHK in Tambaram; canonical isolated from base hub","BreadcrumbList, RealEstateListing, FAQPage","GCC, CMWSSB, CMRL, Ground-truth local audit","Pass / Verified","SEO QA Lead / 2026-10-05"
"https://www.chennairents.in/chennai/tambaram/3bhk-flats-for-rent-in-tambaram","Locality Facet / Typology","3bhk flats for rent in tambaram","Transactional","3 bhk tambaram; verified 3bhk flats for rent in tambaram; owner direct 3bhk flats for rent in tambaram; 3bhk flats for rent in tambaram price deposit","Tambaram","3 BHK","https://www.chennairents.in/chennai/tambaram/3bhk-flats-for-rent-in-tambaram","Index, Follow","3BHK Flats for Rent in Tambaram | Gated Communities","Discover luxury 3BHK rental apartments in Tambaram. Gated communities with power backup, 2 covered car parking bays, clubhouse, and security.","3BHK Flats for Rent in Tambaram, Chennai","Tambaram Micro-Market Hubs & Streets | Current Rental Market Benchmarks in Tambaram | Monsoon Resilience & Water Reality | Frequently Asked Questions | Explore Tambaram Rental Network","Contact Verified Property Owners","https://www.chennairents.in/chennai/tambaram","https://www.chennairents.in/chennai/tambaram; https://www.chennairents.in/chennai/rentals","Targets specific long-tail intent for 3 BHK in Tambaram; canonical isolated from base hub","BreadcrumbList, RealEstateListing, FAQPage","GCC, CMWSSB, CMRL, Ground-truth local audit","Pass / Verified","SEO QA Lead / 2026-10-05"
"https://www.chennairents.in/chennai/tambaram/1bhk-flats-for-bachelors-in-tambaram","Locality Facet / Typology","1bhk flats for bachelors in tambaram","Transactional","1 bhk tambaram; verified 1bhk flats for bachelors in tambaram; owner direct 1bhk flats for bachelors in tambaram; 1bhk flats for bachelors in tambaram price deposit","Tambaram","1 BHK","https://www.chennairents.in/chennai/tambaram/1bhk-flats-for-bachelors-in-tambaram","Index, Follow","1BHK Flats for Bachelors in Tambaram | Near Railway Junction","Find bachelor-friendly 1BHK flats for rent in Tambaram. Flexible landlords, late-shift friendly policies, and 5-minute transit to railway station and MEPZ.","1BHK Flats for Bachelors in Tambaram, Chennai","Tambaram Micro-Market Hubs & Streets | Current Rental Market Benchmarks in Tambaram | Monsoon Resilience & Water Reality | Frequently Asked Questions | Explore Tambaram Rental Network","Contact Verified Property Owners","https://www.chennairents.in/chennai/tambaram","https://www.chennairents.in/chennai/tambaram; https://www.chennairents.in/chennai/rentals","Targets specific long-tail intent for 1 BHK in Tambaram; canonical isolated from base hub","BreadcrumbList, RealEstateListing, FAQPage","GCC, CMWSSB, CMRL, Ground-truth local audit","Pass / Verified","SEO QA Lead / 2026-10-05"
"https://www.chennairents.in/chennai/tambaram/2bhk-flats-for-bachelors-in-tambaram","Locality Facet / Typology","2bhk flats for bachelors in tambaram","Transactional","2 bhk tambaram; verified 2bhk flats for bachelors in tambaram; owner direct 2bhk flats for bachelors in tambaram; 2bhk flats for bachelors in tambaram price deposit","Tambaram","2 BHK","https://www.chennairents.in/chennai/tambaram/2bhk-flats-for-bachelors-in-tambaram","Index, Follow","2BHK Flats for Bachelors in Tambaram | Share & Save Rent","Rent verified 2BHK flats for bachelors in Tambaram. Split rent with colleagues near MEPZ, GST Road, and suburban transit hubs.","2BHK Flats for Bachelors in Tambaram, Chennai","Tambaram Micro-Market Hubs & Streets | Current Rental Market Benchmarks in Tambaram | Monsoon Resilience & Water Reality | Frequently Asked Questions | Explore Tambaram Rental Network","Contact Verified Property Owners","https://www.chennairents.in/chennai/tambaram","https://www.chennairents.in/chennai/tambaram; https://www.chennairents.in/chennai/rentals","Targets specific long-tail intent for 2 BHK in Tambaram; canonical isolated from base hub","BreadcrumbList, RealEstateListing, FAQPage","GCC, CMWSSB, CMRL, Ground-truth local audit","Pass / Verified","SEO QA Lead / 2026-10-05"
"https://www.chennairents.in/chennai/tambaram/2bhk-flats-for-family-in-tambaram","Locality Facet / Typology","2bhk flats for family in tambaram","Transactional","2 bhk tambaram; verified 2bhk flats for family in tambaram; owner direct 2bhk flats for family in tambaram; 2bhk flats for family in tambaram price deposit","Tambaram","2 BHK","https://www.chennairents.in/chennai/tambaram/2bhk-flats-for-family-in-tambaram","Index, Follow","2BHK Flats for Family in Tambaram | Safe Residential Pockets","Safe and peaceful 2BHK family flats for rent in Tambaram. Close to Corley School, Kendriya Vidyalaya, Hindu Mission Hospital, and local markets.","2BHK Flats for Family in Tambaram, Chennai","Tambaram Micro-Market Hubs & Streets | Current Rental Market Benchmarks in Tambaram | Monsoon Resilience & Water Reality | Frequently Asked Questions | Explore Tambaram Rental Network","Contact Verified Property Owners","https://www.chennairents.in/chennai/tambaram","https://www.chennairents.in/chennai/tambaram; https://www.chennairents.in/chennai/rentals","Targets specific long-tail intent for 2 BHK in Tambaram; canonical isolated from base hub","BreadcrumbList, RealEstateListing, FAQPage","GCC, CMWSSB, CMRL, Ground-truth local audit","Pass / Verified","SEO QA Lead / 2026-10-05"
"https://www.chennairents.in/chennai/tambaram/3bhk-flats-for-family-in-tambaram","Locality Facet / Typology","3bhk flats for family in tambaram","Transactional","3 bhk tambaram; verified 3bhk flats for family in tambaram; owner direct 3bhk flats for family in tambaram; 3bhk flats for family in tambaram price deposit","Tambaram","3 BHK","https://www.chennairents.in/chennai/tambaram/3bhk-flats-for-family-in-tambaram","Index, Follow","3BHK Flats for Family in Tambaram | Gated Societies & Parking","Explore large 3BHK family flats in Tambaram. Gated communities with round-the-clock security, backup power, parks, and parking.","3BHK Flats for Family in Tambaram, Chennai","Tambaram Micro-Market Hubs & Streets | Current Rental Market Benchmarks in Tambaram | Monsoon Resilience & Water Reality | Frequently Asked Questions | Explore Tambaram Rental Network","Contact Verified Property Owners","https://www.chennairents.in/chennai/tambaram","https://www.chennairents.in/chennai/tambaram; https://www.chennairents.in/chennai/rentals","Targets specific long-tail intent for 3 BHK in Tambaram; canonical isolated from base hub","BreadcrumbList, RealEstateListing, FAQPage","GCC, CMWSSB, CMRL, Ground-truth local audit","Pass / Verified","SEO QA Lead / 2026-10-05"
"https://www.chennairents.in/chennai/tambaram/flats-for-bachelors-in-tambaram","Locality Facet / Typology","flats for bachelors in tambaram","Transactional","bachelor friendly rentals tambaram; verified flats for bachelors in tambaram; owner direct flats for bachelors in tambaram; flats for bachelors in tambaram price deposit","Tambaram","Bachelor Friendly Rentals","https://www.chennairents.in/chennai/tambaram/flats-for-bachelors-in-tambaram","Index, Follow","Flats for Bachelors in Tambaram | 100% Bachelor Verified","Explore bachelor flats for rent in Tambaram across 1RK, 1BHK, 2BHK, and 3BHK layouts. No intrusive rules, fair deposits, and instant move-ins.","Bachelor Flats & Rooms for Rent in Tambaram, Chennai","Tambaram Micro-Market Hubs & Streets | Current Rental Market Benchmarks in Tambaram | Monsoon Resilience & Water Reality | Frequently Asked Questions | Explore Tambaram Rental Network","Contact Verified Property Owners","https://www.chennairents.in/chennai/tambaram","https://www.chennairents.in/chennai/tambaram; https://www.chennairents.in/chennai/rentals","Targets specific long-tail intent for Bachelor Friendly Rentals in Tambaram; canonical isolated from base hub","BreadcrumbList, RealEstateListing, FAQPage","GCC, CMWSSB, CMRL, Ground-truth local audit","Pass / Verified","SEO QA Lead / 2026-10-05"
"https://www.chennairents.in/chennai/tambaram/flats-for-family-in-tambaram","Locality Facet / Typology","flats for family in tambaram","Transactional","family rentals tambaram; verified flats for family in tambaram; owner direct flats for family in tambaram; flats for family in tambaram price deposit","Tambaram","Family Rentals","https://www.chennairents.in/chennai/tambaram/flats-for-family-in-tambaram","Index, Follow","Family Flats for Rent in Tambaram | Peaceful Living","Rent verified family apartments in Tambaram. Reliable groundwater, broad layout roads, reputable schools, and community living.","Family Flats & Apartments for Rent in Tambaram, Chennai","Tambaram Micro-Market Hubs & Streets | Current Rental Market Benchmarks in Tambaram | Monsoon Resilience & Water Reality | Frequently Asked Questions | Explore Tambaram Rental Network","Contact Verified Property Owners","https://www.chennairents.in/chennai/tambaram","https://www.chennairents.in/chennai/tambaram; https://www.chennairents.in/chennai/rentals","Targets specific long-tail intent for Family Rentals in Tambaram; canonical isolated from base hub","BreadcrumbList, RealEstateListing, FAQPage","GCC, CMWSSB, CMRL, Ground-truth local audit","Pass / Verified","SEO QA Lead / 2026-10-05"
"https://www.chennairents.in/chennai/tambaram/co-living-in-tambaram","Locality Facet / Typology","co living in tambaram","Transactional","co-living tambaram; verified co living in tambaram; owner direct co living in tambaram; co living in tambaram price deposit","Tambaram","Co-Living","https://www.chennairents.in/chennai/tambaram/co-living-in-tambaram","Index, Follow","Co-Living Spaces in Tambaram | Managed Modern Stays","Modern co-living accommodations in Tambaram. High-speed Wi-Fi, daily housekeeping, food options, and zero brokerage hassles near GST Road.","Co-Living Spaces in Tambaram, Chennai","Tambaram Micro-Market Hubs & Streets | Co-Living Room Sharing Tariffs | Frequently Asked Questions | Explore Tambaram Rental Network","Contact Verified Property Owners","https://www.chennairents.in/chennai/tambaram","https://www.chennairents.in/chennai/tambaram; https://www.chennairents.in/chennai/rentals","Targets specific long-tail intent for Co-Living in Tambaram; canonical isolated from base hub","BreadcrumbList, RealEstateListing, FAQPage","GCC, CMWSSB, CMRL, Ground-truth local audit","Pass / Verified","SEO QA Lead / 2026-10-05"
"https://www.chennairents.in/chennai/tambaram/pg-for-men-in-tambaram","Locality Facet / Typology","pg for men in tambaram","Transactional","pg for men tambaram; verified pg for men in tambaram; owner direct pg for men in tambaram; pg for men in tambaram price deposit","Tambaram","PG for Men","https://www.chennairents.in/chennai/tambaram/pg-for-men-in-tambaram","Index, Follow","PG for Men in Tambaram Chennai | Food, AC & WiFi Included","Top gents PG and hostels in Tambaram near railway station, MCC, and MEPZ. South Indian food, AC rooms, and bike parking.","PG for Men in Tambaram, Chennai","Tambaram Micro-Market Hubs & Streets | Current Rental Market Benchmarks in Tambaram | Monsoon Resilience & Water Reality | Frequently Asked Questions | Explore Tambaram Rental Network","Contact Verified Property Owners","https://www.chennairents.in/chennai/tambaram","https://www.chennairents.in/chennai/tambaram; https://www.chennairents.in/chennai/rentals","Targets specific long-tail intent for PG for Men in Tambaram; canonical isolated from base hub","BreadcrumbList, RealEstateListing, FAQPage","GCC, CMWSSB, CMRL, Ground-truth local audit","Pass / Verified","SEO QA Lead / 2026-10-05"
"https://www.chennairents.in/chennai/tambaram/pg-for-women-in-tambaram","Locality Facet / Typology","pg for women in tambaram","Transactional","pg for women tambaram; verified pg for women in tambaram; owner direct pg for women in tambaram; pg for women in tambaram price deposit","Tambaram","PG for Women","https://www.chennairents.in/chennai/tambaram/pg-for-women-in-tambaram","Index, Follow","Safe PG for Women in Tambaram | Secure Ladies Hostels","Safe, verified ladies PGs and women's hostels in Tambaram. Biometric security, resident warden, home-style food, AC, and Wi-Fi near transit hubs.","PG for Women in Tambaram, Chennai","Tambaram Micro-Market Hubs & Streets | Current Rental Market Benchmarks in Tambaram | Monsoon Resilience & Water Reality | Frequently Asked Questions | Explore Tambaram Rental Network","Contact Verified Property Owners","https://www.chennairents.in/chennai/tambaram","https://www.chennairents.in/chennai/tambaram; https://www.chennairents.in/chennai/rentals","Targets specific long-tail intent for PG for Women in Tambaram; canonical isolated from base hub","BreadcrumbList, RealEstateListing, FAQPage","GCC, CMWSSB, CMRL, Ground-truth local audit","Pass / Verified","SEO QA Lead / 2026-10-05"
"https://www.chennairents.in/chennai/tambaram/independent-houses-for-rent-in-tambaram","Locality Facet / Typology","independent houses for rent in tambaram","Transactional","independent house / villa tambaram; verified independent houses for rent in tambaram; owner direct independent houses for rent in tambaram; independent houses for rent in tambaram price deposit","Tambaram","Independent House / Villa","https://www.chennairents.in/chennai/tambaram/independent-houses-for-rent-in-tambaram","Index, Follow","Independent Houses for Rent in Tambaram | Private Villas","Discover independent houses and private bungalows for rent in Tambaram. Enjoy private car porches, exclusive terraces, and quiet gardens.","Independent Houses & Villas for Rent in Tambaram, Chennai","Tambaram Micro-Market Hubs & Streets | Current Rental Market Benchmarks in Tambaram | Monsoon Resilience & Water Reality | Frequently Asked Questions | Explore Tambaram Rental Network","Contact Verified Property Owners","https://www.chennairents.in/chennai/tambaram","https://www.chennairents.in/chennai/tambaram; https://www.chennairents.in/chennai/rentals","Targets specific long-tail intent for Independent House / Villa in Tambaram; canonical isolated from base hub","BreadcrumbList, RealEstateListing, FAQPage","GCC, CMWSSB, CMRL, Ground-truth local audit","Pass / Verified","SEO QA Lead / 2026-10-05"
"https://www.chennairents.in/chennai/tambaram/furnished-flats-for-rent-in-tambaram","Locality Facet / Typology","furnished flats for rent in tambaram","Transactional","furnished flats tambaram; verified furnished flats for rent in tambaram; owner direct furnished flats for rent in tambaram; furnished flats for rent in tambaram price deposit","Tambaram","Furnished Flats","https://www.chennairents.in/chennai/tambaram/furnished-flats-for-rent-in-tambaram","Index, Follow","Fully Furnished Flats for Rent in Tambaram | Turnkey Stays","Move-in ready furnished flats for rent in Tambaram. Fitted with ACs, modular kitchens, beds, sofas, TV, and premium home appliances near GST Road.","Fully Furnished Flats for Rent in Tambaram, Chennai","Tambaram Micro-Market Hubs & Streets | Current Rental Market Benchmarks in Tambaram | Furnished Apartment Checklist | Monsoon Resilience & Water Reality | Frequently Asked Questions","Contact Verified Property Owners","https://www.chennairents.in/chennai/tambaram","https://www.chennairents.in/chennai/tambaram; https://www.chennairents.in/chennai/rentals","Targets specific long-tail intent for Furnished Flats in Tambaram; canonical isolated from base hub","BreadcrumbList, RealEstateListing, FAQPage","GCC, CMWSSB, CMRL, Ground-truth local audit","Pass / Verified","SEO QA Lead / 2026-10-05"
"https://www.chennairents.in/chennai/tambaram/flats-for-rent-under-10000-in-tambaram","Locality Facet / Typology","flats for rent under 10000 in tambaram","Transactional","flats under ₹10,000 tambaram; verified flats for rent under 10000 in tambaram; owner direct flats for rent under 10000 in tambaram; flats for rent under 10000 in tambaram price deposit","Tambaram","Flats Under ₹10,000","https://www.chennairents.in/chennai/tambaram/flats-for-rent-under-10000-in-tambaram","Index, Follow","Flats for Rent Under ₹10,000 in Tambaram | Budget Homes","Find affordable flats and compact 1RK/1BHK homes for rent under ₹10,000 in Tambaram. Low deposits and easy train connectivity.","Flats for Rent Under ₹10,000 in Tambaram, Chennai","Tambaram Micro-Market Hubs & Streets | Current Rental Market Benchmarks in Tambaram | Monsoon Resilience & Water Reality | Frequently Asked Questions | Explore Tambaram Rental Network","Contact Verified Property Owners","https://www.chennairents.in/chennai/tambaram","https://www.chennairents.in/chennai/tambaram; https://www.chennairents.in/chennai/rentals","Targets specific long-tail intent for Flats Under ₹10,000 in Tambaram; canonical isolated from base hub","BreadcrumbList, RealEstateListing, FAQPage","GCC, CMWSSB, CMRL, Ground-truth local audit","Pass / Verified","SEO QA Lead / 2026-10-05"
"https://www.chennairents.in/chennai/tambaram/flats-for-rent-under-15000-in-tambaram","Locality Facet / Typology","flats for rent under 15000 in tambaram","Transactional","flats under ₹15,000 tambaram; verified flats for rent under 15000 in tambaram; owner direct flats for rent under 15000 in tambaram; flats for rent under 15000 in tambaram price deposit","Tambaram","Flats Under ₹15,000","https://www.chennairents.in/chennai/tambaram/flats-for-rent-under-15000-in-tambaram","Index, Follow","Flats for Rent Under ₹15,000 in Tambaram | 1BHK & 2BHK","Discover rental apartments under ₹15,000 in Tambaram. Quality 1BHK flats and budget-friendly 2BHK builder floors near GST Road and station.","Flats for Rent Under ₹15,000 in Tambaram, Chennai","Tambaram Micro-Market Hubs & Streets | Current Rental Market Benchmarks in Tambaram | Monsoon Resilience & Water Reality | Frequently Asked Questions | Explore Tambaram Rental Network","Contact Verified Property Owners","https://www.chennairents.in/chennai/tambaram","https://www.chennairents.in/chennai/tambaram; https://www.chennairents.in/chennai/rentals","Targets specific long-tail intent for Flats Under ₹15,000 in Tambaram; canonical isolated from base hub","BreadcrumbList, RealEstateListing, FAQPage","GCC, CMWSSB, CMRL, Ground-truth local audit","Pass / Verified","SEO QA Lead / 2026-10-05"
"https://www.chennairents.in/chennai/tambaram/flats-for-rent-under-20000-in-tambaram","Locality Facet / Typology","flats for rent under 20000 in tambaram","Transactional","flats under ₹20,000 tambaram; verified flats for rent under 20000 in tambaram; owner direct flats for rent under 20000 in tambaram; flats for rent under 20000 in tambaram price deposit","Tambaram","Flats Under ₹20,000","https://www.chennairents.in/chennai/tambaram/flats-for-rent-under-20000-in-tambaram","Index, Follow","Flats for Rent Under ₹20,000 in Tambaram | Prime 2BHKs","Browse rental apartments under ₹20,000 in Tambaram. Modern 2BHK flats with reserved car parking, lift, and modular kitchens near railway station.","Flats for Rent Under ₹20,000 in Tambaram, Chennai","Tambaram Micro-Market Hubs & Streets | Current Rental Market Benchmarks in Tambaram | Monsoon Resilience & Water Reality | Frequently Asked Questions | Explore Tambaram Rental Network","Contact Verified Property Owners","https://www.chennairents.in/chennai/tambaram","https://www.chennairents.in/chennai/tambaram; https://www.chennairents.in/chennai/rentals","Targets specific long-tail intent for Flats Under ₹20,000 in Tambaram; canonical isolated from base hub","BreadcrumbList, RealEstateListing, FAQPage","GCC, CMWSSB, CMRL, Ground-truth local audit","Pass / Verified","SEO QA Lead / 2026-10-05"
"https://www.chennairents.in/chennai/chromepet/flats-for-rent-in-chromepet","Locality Facet / Typology","flats for rent in chromepet","Transactional","flats / apartments chromepet; verified flats for rent in chromepet; owner direct flats for rent in chromepet; flats for rent in chromepet price deposit","Chromepet","Flats / Apartments","https://www.chennairents.in/chennai/chromepet/flats-for-rent-in-chromepet","Index, Follow","Flats for Rent in Chromepet Chennai | 1RK to 3BHK Rentals","Explore verified flats for rent in Chromepet, Chennai. Filter by gated communities and builder floors near MIT campus, GST Road, and Chromepet Railway Station.","Flats for Rent in Chromepet, Chennai","Chromepet Micro-Market Hubs & Streets | Current Rental Market Benchmarks in Chromepet | Monsoon Resilience & Water Reality | Frequently Asked Questions | Explore Chromepet Rental Network","Contact Verified Property Owners","https://www.chennairents.in/chennai/chromepet","https://www.chennairents.in/chennai/chromepet; https://www.chennairents.in/chennai/rentals","Targets specific long-tail intent for Flats / Apartments in Chromepet; canonical isolated from base hub","BreadcrumbList, RealEstateListing, FAQPage","GCC, CMWSSB, CMRL, Ground-truth local audit","Pass / Verified","SEO QA Lead / 2026-10-05"
"https://www.chennairents.in/chennai/chromepet/1rk-for-rent-in-chromepet","Locality Facet / Typology","1rk for rent in chromepet","Transactional","1 rk chromepet; verified 1rk for rent in chromepet; owner direct 1rk for rent in chromepet; 1rk for rent in chromepet price deposit","Chromepet","1 RK","https://www.chennairents.in/chennai/chromepet/1rk-for-rent-in-chromepet","Index, Follow","1RK for Rent in Chromepet Chennai | Studio Rooms","Find affordable 1RK units and studio rooms for rent in Chromepet. Low deposits, private washrooms, and walking distance to MIT and suburban train station.","1RK Studio Rooms for Rent in Chromepet, Chennai","Chromepet Micro-Market Hubs & Streets | Current Rental Market Benchmarks in Chromepet | Monsoon Resilience & Water Reality | Frequently Asked Questions | Explore Chromepet Rental Network","Contact Verified Property Owners","https://www.chennairents.in/chennai/chromepet","https://www.chennairents.in/chennai/chromepet; https://www.chennairents.in/chennai/rentals","Targets specific long-tail intent for 1 RK in Chromepet; canonical isolated from base hub","BreadcrumbList, RealEstateListing, FAQPage","GCC, CMWSSB, CMRL, Ground-truth local audit","Pass / Verified","SEO QA Lead / 2026-10-05"
"https://www.chennairents.in/chennai/chromepet/1bhk-flats-for-rent-in-chromepet","Locality Facet / Typology","1bhk flats for rent in chromepet","Transactional","1 bhk chromepet; verified 1bhk flats for rent in chromepet; owner direct 1bhk flats for rent in chromepet; 1bhk flats for rent in chromepet price deposit","Chromepet","1 BHK","https://www.chennairents.in/chennai/chromepet/1bhk-flats-for-rent-in-chromepet","Index, Follow","1BHK Flats for Rent in Chromepet | Verified Units","Browse verified 1BHK rental apartments in Chromepet. Independent builder floors near GST Road, Rela Institute, and Chromepet Railway Station.","1BHK Flats for Rent in Chromepet, Chennai","Chromepet Micro-Market Hubs & Streets | Current Rental Market Benchmarks in Chromepet | Monsoon Resilience & Water Reality | Frequently Asked Questions | Explore Chromepet Rental Network","Contact Verified Property Owners","https://www.chennairents.in/chennai/chromepet","https://www.chennairents.in/chennai/chromepet; https://www.chennairents.in/chennai/rentals","Targets specific long-tail intent for 1 BHK in Chromepet; canonical isolated from base hub","BreadcrumbList, RealEstateListing, FAQPage","GCC, CMWSSB, CMRL, Ground-truth local audit","Pass / Verified","SEO QA Lead / 2026-10-05"
"https://www.chennairents.in/chennai/chromepet/2bhk-flats-for-rent-in-chromepet","Locality Facet / Typology","2bhk flats for rent in chromepet","Transactional","2 bhk chromepet; verified 2bhk flats for rent in chromepet; owner direct 2bhk flats for rent in chromepet; 2bhk flats for rent in chromepet price deposit","Chromepet","2 BHK","https://www.chennairents.in/chennai/chromepet/2bhk-flats-for-rent-in-chromepet","Index, Follow","2BHK Flats for Rent in Chromepet | Gated & Standalone","Rent verified 2BHK flats in Chromepet, Chennai. Quality builder floors and gated societies in Radha Nagar, Hasthinapuram, and near GST Road with car parking.","2BHK Flats for Rent in Chromepet, Chennai","Chromepet Micro-Market Hubs & Streets | Current Rental Market Benchmarks in Chromepet | Monsoon Resilience & Water Reality | Frequently Asked Questions | Explore Chromepet Rental Network","Contact Verified Property Owners","https://www.chennairents.in/chennai/chromepet","https://www.chennairents.in/chennai/chromepet; https://www.chennairents.in/chennai/rentals","Targets specific long-tail intent for 2 BHK in Chromepet; canonical isolated from base hub","BreadcrumbList, RealEstateListing, FAQPage","GCC, CMWSSB, CMRL, Ground-truth local audit","Pass / Verified","SEO QA Lead / 2026-10-05"
"https://www.chennairents.in/chennai/chromepet/3bhk-flats-for-rent-in-chromepet","Locality Facet / Typology","3bhk flats for rent in chromepet","Transactional","3 bhk chromepet; verified 3bhk flats for rent in chromepet; owner direct 3bhk flats for rent in chromepet; 3bhk flats for rent in chromepet price deposit","Chromepet","3 BHK","https://www.chennairents.in/chennai/chromepet/3bhk-flats-for-rent-in-chromepet","Index, Follow","3BHK Flats for Rent in Chromepet | Gated Communities","Discover spacious 3BHK rental apartments in Chromepet. Gated communities with power backup, 2 covered car parking bays, lift, and 24/7 security.","3BHK Flats for Rent in Chromepet, Chennai","Chromepet Micro-Market Hubs & Streets | Current Rental Market Benchmarks in Chromepet | Monsoon Resilience & Water Reality | Frequently Asked Questions | Explore Chromepet Rental Network","Contact Verified Property Owners","https://www.chennairents.in/chennai/chromepet","https://www.chennairents.in/chennai/chromepet; https://www.chennairents.in/chennai/rentals","Targets specific long-tail intent for 3 BHK in Chromepet; canonical isolated from base hub","BreadcrumbList, RealEstateListing, FAQPage","GCC, CMWSSB, CMRL, Ground-truth local audit","Pass / Verified","SEO QA Lead / 2026-10-05"
"https://www.chennairents.in/chennai/chromepet/1bhk-flats-for-bachelors-in-chromepet","Locality Facet / Typology","1bhk flats for bachelors in chromepet","Transactional","1 bhk chromepet; verified 1bhk flats for bachelors in chromepet; owner direct 1bhk flats for bachelors in chromepet; 1bhk flats for bachelors in chromepet price deposit","Chromepet","1 BHK","https://www.chennairents.in/chennai/chromepet/1bhk-flats-for-bachelors-in-chromepet","Index, Follow","1BHK Flats for Bachelors in Chromepet | Near GST Road","Find bachelor-friendly 1BHK flats for rent in Chromepet. Verified owners, zero curfew restrictions, and 5-minute transit to suburban train and MEPZ.","1BHK Flats for Bachelors in Chromepet, Chennai","Chromepet Micro-Market Hubs & Streets | Current Rental Market Benchmarks in Chromepet | Monsoon Resilience & Water Reality | Frequently Asked Questions | Explore Chromepet Rental Network","Contact Verified Property Owners","https://www.chennairents.in/chennai/chromepet","https://www.chennairents.in/chennai/chromepet; https://www.chennairents.in/chennai/rentals","Targets specific long-tail intent for 1 BHK in Chromepet; canonical isolated from base hub","BreadcrumbList, RealEstateListing, FAQPage","GCC, CMWSSB, CMRL, Ground-truth local audit","Pass / Verified","SEO QA Lead / 2026-10-05"
"https://www.chennairents.in/chennai/chromepet/2bhk-flats-for-bachelors-in-chromepet","Locality Facet / Typology","2bhk flats for bachelors in chromepet","Transactional","2 bhk chromepet; verified 2bhk flats for bachelors in chromepet; owner direct 2bhk flats for bachelors in chromepet; 2bhk flats for bachelors in chromepet price deposit","Chromepet","2 BHK","https://www.chennairents.in/chennai/chromepet/2bhk-flats-for-bachelors-in-chromepet","Index, Follow","2BHK Flats for Bachelors in Chromepet | Share & Save Rent","Rent verified 2BHK flats for bachelors in Chromepet. Split living costs with colleagues near MEPZ, airport, and suburban transit hubs.","2BHK Flats for Bachelors in Chromepet, Chennai","Chromepet Micro-Market Hubs & Streets | Current Rental Market Benchmarks in Chromepet | Monsoon Resilience & Water Reality | Frequently Asked Questions | Explore Chromepet Rental Network","Contact Verified Property Owners","https://www.chennairents.in/chennai/chromepet","https://www.chennairents.in/chennai/chromepet; https://www.chennairents.in/chennai/rentals","Targets specific long-tail intent for 2 BHK in Chromepet; canonical isolated from base hub","BreadcrumbList, RealEstateListing, FAQPage","GCC, CMWSSB, CMRL, Ground-truth local audit","Pass / Verified","SEO QA Lead / 2026-10-05"
"https://www.chennairents.in/chennai/chromepet/2bhk-flats-for-family-in-chromepet","Locality Facet / Typology","2bhk flats for family in chromepet","Transactional","2 bhk chromepet; verified 2bhk flats for family in chromepet; owner direct 2bhk flats for family in chromepet; 2bhk flats for family in chromepet price deposit","Chromepet","2 BHK","https://www.chennairents.in/chennai/chromepet/2bhk-flats-for-family-in-chromepet","Index, Follow","2BHK Flats for Family in Chromepet | Safe Residential Pockets","Safe and peaceful 2BHK family flats for rent in Chromepet. Close to Srimathi Sundaravalli Memorial School, Rela Hospital, parks, and markets.","2BHK Flats for Family in Chromepet, Chennai","Chromepet Micro-Market Hubs & Streets | Current Rental Market Benchmarks in Chromepet | Monsoon Resilience & Water Reality | Frequently Asked Questions | Explore Chromepet Rental Network","Contact Verified Property Owners","https://www.chennairents.in/chennai/chromepet","https://www.chennairents.in/chennai/chromepet; https://www.chennairents.in/chennai/rentals","Targets specific long-tail intent for 2 BHK in Chromepet; canonical isolated from base hub","BreadcrumbList, RealEstateListing, FAQPage","GCC, CMWSSB, CMRL, Ground-truth local audit","Pass / Verified","SEO QA Lead / 2026-10-05"
"https://www.chennairents.in/chennai/chromepet/3bhk-flats-for-family-in-chromepet","Locality Facet / Typology","3bhk flats for family in chromepet","Transactional","3 bhk chromepet; verified 3bhk flats for family in chromepet; owner direct 3bhk flats for family in chromepet; 3bhk flats for family in chromepet price deposit","Chromepet","3 BHK","https://www.chennairents.in/chennai/chromepet/3bhk-flats-for-family-in-chromepet","Index, Follow","3BHK Flats for Family in Chromepet | Gated Societies & Parking","Find spacious 3BHK family flats in Chromepet. Dedicated car parking, lifts, power backup, and quiet residential streets near GST Road.","3BHK Flats for Family in Chromepet, Chennai","Chromepet Micro-Market Hubs & Streets | Current Rental Market Benchmarks in Chromepet | Monsoon Resilience & Water Reality | Frequently Asked Questions | Explore Chromepet Rental Network","Contact Verified Property Owners","https://www.chennairents.in/chennai/chromepet","https://www.chennairents.in/chennai/chromepet; https://www.chennairents.in/chennai/rentals","Targets specific long-tail intent for 3 BHK in Chromepet; canonical isolated from base hub","BreadcrumbList, RealEstateListing, FAQPage","GCC, CMWSSB, CMRL, Ground-truth local audit","Pass / Verified","SEO QA Lead / 2026-10-05"
"https://www.chennairents.in/chennai/chromepet/flats-for-bachelors-in-chromepet","Locality Facet / Typology","flats for bachelors in chromepet","Transactional","bachelor friendly rentals chromepet; verified flats for bachelors in chromepet; owner direct flats for bachelors in chromepet; flats for bachelors in chromepet price deposit","Chromepet","Bachelor Friendly Rentals","https://www.chennairents.in/chennai/chromepet/flats-for-bachelors-in-chromepet","Index, Follow","Flats for Bachelors in Chromepet | 100% Bachelor Verified","Explore bachelor flats for rent in Chromepet across 1RK, 1BHK, 2BHK, and 3BHK options. Transparent agreements, minimal paperwork, and transit access.","Flats for Bachelors in Chromepet, Chennai","Chromepet Micro-Market Hubs & Streets | Current Rental Market Benchmarks in Chromepet | Monsoon Resilience & Water Reality | Frequently Asked Questions | Explore Chromepet Rental Network","Contact Verified Property Owners","https://www.chennairents.in/chennai/chromepet","https://www.chennairents.in/chennai/chromepet; https://www.chennairents.in/chennai/rentals","Targets specific long-tail intent for Bachelor Friendly Rentals in Chromepet; canonical isolated from base hub","BreadcrumbList, RealEstateListing, FAQPage","GCC, CMWSSB, CMRL, Ground-truth local audit","Pass / Verified","SEO QA Lead / 2026-10-05"
"https://www.chennairents.in/chennai/chromepet/flats-for-family-in-chromepet","Locality Facet / Typology","flats for family in chromepet","Transactional","family rentals chromepet; verified flats for family in chromepet; owner direct flats for family in chromepet; flats for family in chromepet price deposit","Chromepet","Family Rentals","https://www.chennairents.in/chennai/chromepet/flats-for-family-in-chromepet","Index, Follow","Family Flats for Rent in Chromepet | Secure Residential Living","Rent verified family apartments in Chromepet, Chennai. Dependable groundwater, broad residential cross-streets, reputable schools, and community security.","Flats for Family in Chromepet, Chennai","Chromepet Micro-Market Hubs & Streets | Current Rental Market Benchmarks in Chromepet | Monsoon Resilience & Water Reality | Frequently Asked Questions | Explore Chromepet Rental Network","Contact Verified Property Owners","https://www.chennairents.in/chennai/chromepet","https://www.chennairents.in/chennai/chromepet; https://www.chennairents.in/chennai/rentals","Targets specific long-tail intent for Family Rentals in Chromepet; canonical isolated from base hub","BreadcrumbList, RealEstateListing, FAQPage","GCC, CMWSSB, CMRL, Ground-truth local audit","Pass / Verified","SEO QA Lead / 2026-10-05"
"https://www.chennairents.in/chennai/chromepet/co-living-in-chromepet","Locality Facet / Typology","co living in chromepet","Transactional","co-living chromepet; verified co living in chromepet; owner direct co living in chromepet; co living in chromepet price deposit","Chromepet","Co-Living","https://www.chennairents.in/chennai/chromepet/co-living-in-chromepet","Index, Follow","Co-Living Spaces in Chromepet | Managed Modern Stays","Modern co-living accommodations in Chromepet. High-speed Wi-Fi, daily housekeeping, food options, and flexible month-to-month leases near GST Road.","Co-Living Spaces in Chromepet, Chennai","Chromepet Micro-Market Hubs & Streets | Current Rental Market Benchmarks in Chromepet | Monsoon Resilience & Water Reality | Frequently Asked Questions | Explore Chromepet Rental Network","Contact Verified Property Owners","https://www.chennairents.in/chennai/chromepet","https://www.chennairents.in/chennai/chromepet; https://www.chennairents.in/chennai/rentals","Targets specific long-tail intent for Co-Living in Chromepet; canonical isolated from base hub","BreadcrumbList, RealEstateListing, FAQPage","GCC, CMWSSB, CMRL, Ground-truth local audit","Pass / Verified","SEO QA Lead / 2026-10-05"
"https://www.chennairents.in/chennai/chromepet/pg-for-men-in-chromepet","Locality Facet / Typology","pg for men in chromepet","Transactional","pg for men chromepet; verified pg for men in chromepet; owner direct pg for men in chromepet; pg for men in chromepet price deposit","Chromepet","PG for Men","https://www.chennairents.in/chennai/chromepet/pg-for-men-in-chromepet","Index, Follow","PG for Men in Chromepet Chennai | Food, AC & WiFi Included","Top gents PG and hostels in Chromepet near MIT campus and railway station. Wholesome South Indian food, AC rooms, and bike parking.","PG for Men in Chromepet, Chennai","Chromepet Micro-Market Hubs & Streets | Current Rental Market Benchmarks in Chromepet | Monsoon Resilience & Water Reality | Frequently Asked Questions | Explore Chromepet Rental Network","Contact Verified Property Owners","https://www.chennairents.in/chennai/chromepet","https://www.chennairents.in/chennai/chromepet; https://www.chennairents.in/chennai/rentals","Targets specific long-tail intent for PG for Men in Chromepet; canonical isolated from base hub","BreadcrumbList, RealEstateListing, FAQPage","GCC, CMWSSB, CMRL, Ground-truth local audit","Pass / Verified","SEO QA Lead / 2026-10-05"
"https://www.chennairents.in/chennai/chromepet/pg-for-women-in-chromepet","Locality Facet / Typology","pg for women in chromepet","Transactional","pg for women chromepet; verified pg for women in chromepet; owner direct pg for women in chromepet; pg for women in chromepet price deposit","Chromepet","PG for Women","https://www.chennairents.in/chennai/chromepet/pg-for-women-in-chromepet","Index, Follow","Safe PG for Women in Chromepet | Secure Ladies Hostels","Safe, verified ladies PGs and women's hostels in Chromepet. Biometric entry, resident warden, home-style food, AC, and Wi-Fi near train station.","PG for Women in Chromepet, Chennai","Chromepet Micro-Market Hubs & Streets | Current Rental Market Benchmarks in Chromepet | Monsoon Resilience & Water Reality | Frequently Asked Questions | Explore Chromepet Rental Network","Contact Verified Property Owners","https://www.chennairents.in/chennai/chromepet","https://www.chennairents.in/chennai/chromepet; https://www.chennairents.in/chennai/rentals","Targets specific long-tail intent for PG for Women in Chromepet; canonical isolated from base hub","BreadcrumbList, RealEstateListing, FAQPage","GCC, CMWSSB, CMRL, Ground-truth local audit","Pass / Verified","SEO QA Lead / 2026-10-05"
"https://www.chennairents.in/chennai/chromepet/independent-houses-for-rent-in-chromepet","Locality Facet / Typology","independent houses for rent in chromepet","Transactional","independent house / villa chromepet; verified independent houses for rent in chromepet; owner direct independent houses for rent in chromepet; independent houses for rent in chromepet price deposit","Chromepet","Independent House / Villa","https://www.chennairents.in/chennai/chromepet/independent-houses-for-rent-in-chromepet","Index, Follow","Independent Houses for Rent in Chromepet | Private Villas","Discover independent houses, private villas, and classic bungalows for rent in Chromepet. Enjoy private car porches, exclusive terraces, and quiet yards.","Independent Houses for Rent in Chromepet, Chennai","Chromepet Micro-Market Hubs & Streets | Current Rental Market Benchmarks in Chromepet | Monsoon Resilience & Water Reality | Frequently Asked Questions | Explore Chromepet Rental Network","Contact Verified Property Owners","https://www.chennairents.in/chennai/chromepet","https://www.chennairents.in/chennai/chromepet; https://www.chennairents.in/chennai/rentals","Targets specific long-tail intent for Independent House / Villa in Chromepet; canonical isolated from base hub","BreadcrumbList, RealEstateListing, FAQPage","GCC, CMWSSB, CMRL, Ground-truth local audit","Pass / Verified","SEO QA Lead / 2026-10-05"
"https://www.chennairents.in/chennai/chromepet/furnished-flats-for-rent-in-chromepet","Locality Facet / Typology","furnished flats for rent in chromepet","Transactional","furnished flats chromepet; verified furnished flats for rent in chromepet; owner direct furnished flats for rent in chromepet; furnished flats for rent in chromepet price deposit","Chromepet","Furnished Flats","https://www.chennairents.in/chennai/chromepet/furnished-flats-for-rent-in-chromepet","Index, Follow","Fully Furnished Flats for Rent in Chromepet | Move-in Ready","Move-in ready fully furnished flats for rent in Chromepet. Fitted with ACs, modular kitchens, beds, sofas, TV, and premium appliances near GST Road.","Furnished Flats for Rent in Chromepet, Chennai","Chromepet Micro-Market Hubs & Streets | Current Rental Market Benchmarks in Chromepet | Monsoon Resilience & Water Reality | Frequently Asked Questions | Explore Chromepet Rental Network","Contact Verified Property Owners","https://www.chennairents.in/chennai/chromepet","https://www.chennairents.in/chennai/chromepet; https://www.chennairents.in/chennai/rentals","Targets specific long-tail intent for Furnished Flats in Chromepet; canonical isolated from base hub","BreadcrumbList, RealEstateListing, FAQPage","GCC, CMWSSB, CMRL, Ground-truth local audit","Pass / Verified","SEO QA Lead / 2026-10-05"
"https://www.chennairents.in/chennai/chromepet/flats-for-rent-under-10000-in-chromepet","Locality Facet / Typology","flats for rent under 10000 in chromepet","Transactional","flats under ₹10,000 chromepet; verified flats for rent under 10000 in chromepet; owner direct flats for rent under 10000 in chromepet; flats for rent under 10000 in chromepet price deposit","Chromepet","Flats Under ₹10,000","https://www.chennairents.in/chennai/chromepet/flats-for-rent-under-10000-in-chromepet","Index, Follow","Flats for Rent Under ₹10,000 in Chromepet | Budget Homes","Find budget rooms, 1RK studios, and compact flats for rent under ₹10,000 per month in Chromepet. Verified listings near bus and suburban rail hubs.","Flats for Rent Under ₹10,000 in Chromepet, Chennai","Chromepet Micro-Market Hubs & Streets | Current Rental Market Benchmarks in Chromepet | Monsoon Resilience & Water Reality | Frequently Asked Questions | Explore Chromepet Rental Network","Contact Verified Property Owners","https://www.chennairents.in/chennai/chromepet","https://www.chennairents.in/chennai/chromepet; https://www.chennairents.in/chennai/rentals","Targets specific long-tail intent for Flats Under ₹10,000 in Chromepet; canonical isolated from base hub","BreadcrumbList, RealEstateListing, FAQPage","GCC, CMWSSB, CMRL, Ground-truth local audit","Pass / Verified","SEO QA Lead / 2026-10-05"
"https://www.chennairents.in/chennai/chromepet/flats-for-rent-under-15000-in-chromepet","Locality Facet / Typology","flats for rent under 15000 in chromepet","Transactional","flats under ₹15,000 chromepet; verified flats for rent under 15000 in chromepet; owner direct flats for rent under 15000 in chromepet; flats for rent under 15000 in chromepet price deposit","Chromepet","Flats Under ₹15,000","https://www.chennairents.in/chennai/chromepet/flats-for-rent-under-15000-in-chromepet","Index, Follow","Flats for Rent Under ₹15,000 in Chromepet | 1BHK & 2BHK","Discover rental apartments under ₹15,000 in Chromepet. Quality 1BHK flats and budget-friendly 2BHK builder floors near GST Road and station.","Flats for Rent Under ₹15,000 in Chromepet, Chennai","Chromepet Micro-Market Hubs & Streets | Current Rental Market Benchmarks in Chromepet | Monsoon Resilience & Water Reality | Frequently Asked Questions | Explore Chromepet Rental Network","Contact Verified Property Owners","https://www.chennairents.in/chennai/chromepet","https://www.chennairents.in/chennai/chromepet; https://www.chennairents.in/chennai/rentals","Targets specific long-tail intent for Flats Under ₹15,000 in Chromepet; canonical isolated from base hub","BreadcrumbList, RealEstateListing, FAQPage","GCC, CMWSSB, CMRL, Ground-truth local audit","Pass / Verified","SEO QA Lead / 2026-10-05"
"https://www.chennairents.in/chennai/chromepet/flats-for-rent-under-20000-in-chromepet","Locality Facet / Typology","flats for rent under 20000 in chromepet","Transactional","flats under ₹20,000 chromepet; verified flats for rent under 20000 in chromepet; owner direct flats for rent under 20000 in chromepet; flats for rent under 20000 in chromepet price deposit","Chromepet","Flats Under ₹20,000","https://www.chennairents.in/chennai/chromepet/flats-for-rent-under-20000-in-chromepet","Index, Follow","Flats for Rent Under ₹20,000 in Chromepet | Prime 2BHKs","Browse rental apartments under ₹20,000 in Chromepet. Modern 2BHK flats with reserved car parking, lift, and modular kitchens near train station.","Flats for Rent Under ₹20,000 in Chromepet, Chennai","Chromepet Micro-Market Hubs & Streets | Current Rental Market Benchmarks in Chromepet | Monsoon Resilience & Water Reality | Frequently Asked Questions | Explore Chromepet Rental Network","Contact Verified Property Owners","https://www.chennairents.in/chennai/chromepet","https://www.chennairents.in/chennai/chromepet; https://www.chennairents.in/chennai/rentals","Targets specific long-tail intent for Flats Under ₹20,000 in Chromepet; canonical isolated from base hub","BreadcrumbList, RealEstateListing, FAQPage","GCC, CMWSSB, CMRL, Ground-truth local audit","Pass / Verified","SEO QA Lead / 2026-10-05"
"https://www.chennairents.in/chennai/taramani/flats-for-rent-in-taramani","Locality Facet / Typology","flats for rent in taramani","Transactional","flats / apartments taramani; verified flats for rent in taramani; owner direct flats for rent in taramani; flats for rent in taramani price deposit","Taramani","Flats / Apartments","https://www.chennairents.in/chennai/taramani/flats-for-rent-in-taramani","Index, Follow","Flats for Rent in Taramani Chennai | 1RK to 3BHK Rentals","Explore verified flats for rent in Taramani, Chennai. Walk-to-work apartments near TIDEL Park, Ramanujan IT City, Ascendas, and Taramani MRTS Station.","Flats for Rent in Taramani, Chennai","Taramani Micro-Market Hubs & Streets | Current Rental Market Benchmarks in Taramani | Monsoon Resilience & Water Reality | Frequently Asked Questions | Explore Taramani Rental Network","Contact Verified Property Owners","https://www.chennairents.in/chennai/taramani","https://www.chennairents.in/chennai/taramani; https://www.chennairents.in/chennai/rentals","Targets specific long-tail intent for Flats / Apartments in Taramani; canonical isolated from base hub","BreadcrumbList, RealEstateListing, FAQPage","GCC, CMWSSB, CMRL, Ground-truth local audit","Pass / Verified","SEO QA Lead / 2026-10-05"
"https://www.chennairents.in/chennai/taramani/1rk-for-rent-in-taramani","Locality Facet / Typology","1rk for rent in taramani","Transactional","1 rk taramani; verified 1rk for rent in taramani; owner direct 1rk for rent in taramani; 1rk for rent in taramani price deposit","Taramani","1 RK","https://www.chennairents.in/chennai/taramani/1rk-for-rent-in-taramani","Index, Follow","1RK for Rent in Taramani Chennai | Studio Rooms","Find independent 1RK studio rooms for rent in Taramani. Low security deposits, private washrooms, and walking access to TIDEL Park and Ascendas.","1RK Studio Rooms for Rent in Taramani, Chennai","Taramani Micro-Market Hubs & Streets | Current Rental Market Benchmarks in Taramani | Monsoon Resilience & Water Reality | Frequently Asked Questions | Explore Taramani Rental Network","Contact Verified Property Owners","https://www.chennairents.in/chennai/taramani","https://www.chennairents.in/chennai/taramani; https://www.chennairents.in/chennai/rentals","Targets specific long-tail intent for 1 RK in Taramani; canonical isolated from base hub","BreadcrumbList, RealEstateListing, FAQPage","GCC, CMWSSB, CMRL, Ground-truth local audit","Pass / Verified","SEO QA Lead / 2026-10-05"
"https://www.chennairents.in/chennai/taramani/1bhk-flats-for-rent-in-taramani","Locality Facet / Typology","1bhk flats for rent in taramani","Transactional","1 bhk taramani; verified 1bhk flats for rent in taramani; owner direct 1bhk flats for rent in taramani; 1bhk flats for rent in taramani price deposit","Taramani","1 BHK","https://www.chennairents.in/chennai/taramani/1bhk-flats-for-rent-in-taramani","Index, Follow","1BHK Flats for Rent in Taramani | Verified Units","Browse verified 1BHK rental apartments in Taramani. Builder floors near Ramanujan IT City, Ascendas, and Taramani MRTS with bike parking.","1BHK Flats for Rent in Taramani, Chennai","Taramani Micro-Market Hubs & Streets | Current Rental Market Benchmarks in Taramani | Monsoon Resilience & Water Reality | Frequently Asked Questions | Explore Taramani Rental Network","Contact Verified Property Owners","https://www.chennairents.in/chennai/taramani","https://www.chennairents.in/chennai/taramani; https://www.chennairents.in/chennai/rentals","Targets specific long-tail intent for 1 BHK in Taramani; canonical isolated from base hub","BreadcrumbList, RealEstateListing, FAQPage","GCC, CMWSSB, CMRL, Ground-truth local audit","Pass / Verified","SEO QA Lead / 2026-10-05"
"https://www.chennairents.in/chennai/taramani/2bhk-flats-for-rent-in-taramani","Locality Facet / Typology","2bhk flats for rent in taramani","Transactional","2 bhk taramani; verified 2bhk flats for rent in taramani; owner direct 2bhk flats for rent in taramani; 2bhk flats for rent in taramani price deposit","Taramani","2 BHK","https://www.chennairents.in/chennai/taramani/2bhk-flats-for-rent-in-taramani","Index, Follow","2BHK Flats for Rent in Taramani | Standalone & Gated","Rent verified 2BHK flats in Taramani, Chennai. Quality builder floors and gated societies near TIDEL Park, Ascendas, and OMR with car parking.","2BHK Flats for Rent in Taramani, Chennai","Taramani Micro-Market Hubs & Streets | Current Rental Market Benchmarks in Taramani | Monsoon Resilience & Water Reality | Frequently Asked Questions | Explore Taramani Rental Network","Contact Verified Property Owners","https://www.chennairents.in/chennai/taramani","https://www.chennairents.in/chennai/taramani; https://www.chennairents.in/chennai/rentals","Targets specific long-tail intent for 2 BHK in Taramani; canonical isolated from base hub","BreadcrumbList, RealEstateListing, FAQPage","GCC, CMWSSB, CMRL, Ground-truth local audit","Pass / Verified","SEO QA Lead / 2026-10-05"
"https://www.chennairents.in/chennai/taramani/3bhk-flats-for-rent-in-taramani","Locality Facet / Typology","3bhk flats for rent in taramani","Transactional","3 bhk taramani; verified 3bhk flats for rent in taramani; owner direct 3bhk flats for rent in taramani; 3bhk flats for rent in taramani price deposit","Taramani","3 BHK","https://www.chennairents.in/chennai/taramani/3bhk-flats-for-rent-in-taramani","Index, Follow","3BHK Flats for Rent in Taramani | Premium Residences","Discover luxury 3BHK rental apartments in Taramani. Gated communities with power backup, 2 covered car parking bays, lift, and 24/7 security.","3BHK Flats for Rent in Taramani, Chennai","Taramani Micro-Market Hubs & Streets | Current Rental Market Benchmarks in Taramani | Monsoon Resilience & Water Reality | Frequently Asked Questions | Explore Taramani Rental Network","Contact Verified Property Owners","https://www.chennairents.in/chennai/taramani","https://www.chennairents.in/chennai/taramani; https://www.chennairents.in/chennai/rentals","Targets specific long-tail intent for 3 BHK in Taramani; canonical isolated from base hub","BreadcrumbList, RealEstateListing, FAQPage","GCC, CMWSSB, CMRL, Ground-truth local audit","Pass / Verified","SEO QA Lead / 2026-10-05"
"https://www.chennairents.in/chennai/taramani/1bhk-flats-for-bachelors-in-taramani","Locality Facet / Typology","1bhk flats for bachelors in taramani","Transactional","1 bhk taramani; verified 1bhk flats for bachelors in taramani; owner direct 1bhk flats for bachelors in taramani; 1bhk flats for bachelors in taramani price deposit","Taramani","1 BHK","https://www.chennairents.in/chennai/taramani/1bhk-flats-for-bachelors-in-taramani","Index, Follow","1BHK Flats for Bachelors in Taramani | Walk to TIDEL Park","Find bachelor-friendly 1BHK rental apartments in Taramani. Verified owners, zero curfew restrictions, and 5-minute walking access to Ascendas and TIDEL.","1BHK Flats for Bachelors in Taramani, Chennai","Taramani Micro-Market Hubs & Streets | Current Rental Market Benchmarks in Taramani | Monsoon Resilience & Water Reality | Frequently Asked Questions | Explore Taramani Rental Network","Contact Verified Property Owners","https://www.chennairents.in/chennai/taramani","https://www.chennairents.in/chennai/taramani; https://www.chennairents.in/chennai/rentals","Targets specific long-tail intent for 1 BHK in Taramani; canonical isolated from base hub","BreadcrumbList, RealEstateListing, FAQPage","GCC, CMWSSB, CMRL, Ground-truth local audit","Pass / Verified","SEO QA Lead / 2026-10-05"
"https://www.chennairents.in/chennai/taramani/2bhk-flats-for-bachelors-in-taramani","Locality Facet / Typology","2bhk flats for bachelors in taramani","Transactional","2 bhk taramani; verified 2bhk flats for bachelors in taramani; owner direct 2bhk flats for bachelors in taramani; 2bhk flats for bachelors in taramani price deposit","Taramani","2 BHK","https://www.chennairents.in/chennai/taramani/2bhk-flats-for-bachelors-in-taramani","Index, Follow","2BHK Flats for Bachelors in Taramani | Share & Save Rent","Rent verified 2BHK flats for bachelors in Taramani. Split rental expenses with colleagues near OMR, cafes, and Taramani MRTS station.","2BHK Flats for Bachelors in Taramani, Chennai","Taramani Micro-Market Hubs & Streets | Current Rental Market Benchmarks in Taramani | Monsoon Resilience & Water Reality | Frequently Asked Questions | Explore Taramani Rental Network","Contact Verified Property Owners","https://www.chennairents.in/chennai/taramani","https://www.chennairents.in/chennai/taramani; https://www.chennairents.in/chennai/rentals","Targets specific long-tail intent for 2 BHK in Taramani; canonical isolated from base hub","BreadcrumbList, RealEstateListing, FAQPage","GCC, CMWSSB, CMRL, Ground-truth local audit","Pass / Verified","SEO QA Lead / 2026-10-05"
"https://www.chennairents.in/chennai/taramani/2bhk-flats-for-family-in-taramani","Locality Facet / Typology","2bhk flats for family in taramani","Transactional","2 bhk taramani; verified 2bhk flats for family in taramani; owner direct 2bhk flats for family in taramani; 2bhk flats for family in taramani price deposit","Taramani","2 BHK","https://www.chennairents.in/chennai/taramani/2bhk-flats-for-family-in-taramani","Index, Follow","2BHK Flats for Family in Taramani | Safe Residential Pockets","Safe and peaceful 2BHK family flats for rent in Taramani. Close to American International School, IIT Madras, parks, and daily grocery stores.","2BHK Flats for Family in Taramani, Chennai","Taramani Micro-Market Hubs & Streets | Current Rental Market Benchmarks in Taramani | Monsoon Resilience & Water Reality | Frequently Asked Questions | Explore Taramani Rental Network","Contact Verified Property Owners","https://www.chennairents.in/chennai/taramani","https://www.chennairents.in/chennai/taramani; https://www.chennairents.in/chennai/rentals","Targets specific long-tail intent for 2 BHK in Taramani; canonical isolated from base hub","BreadcrumbList, RealEstateListing, FAQPage","GCC, CMWSSB, CMRL, Ground-truth local audit","Pass / Verified","SEO QA Lead / 2026-10-05"
"https://www.chennairents.in/chennai/taramani/3bhk-flats-for-family-in-taramani","Locality Facet / Typology","3bhk flats for family in taramani","Transactional","3 bhk taramani; verified 3bhk flats for family in taramani; owner direct 3bhk flats for family in taramani; 3bhk flats for family in taramani price deposit","Taramani","3 BHK","https://www.chennairents.in/chennai/taramani/3bhk-flats-for-family-in-taramani","Index, Follow","3BHK Flats for Family in Taramani | Gated Communities","Explore expansive 3BHK family apartments in Taramani. Dual car parking, modern lifts, power backup, and quiet tree-lined avenues.","3BHK Flats for Family in Taramani, Chennai","Taramani Micro-Market Hubs & Streets | Current Rental Market Benchmarks in Taramani | Monsoon Resilience & Water Reality | Frequently Asked Questions | Explore Taramani Rental Network","Contact Verified Property Owners","https://www.chennairents.in/chennai/taramani","https://www.chennairents.in/chennai/taramani; https://www.chennairents.in/chennai/rentals","Targets specific long-tail intent for 3 BHK in Taramani; canonical isolated from base hub","BreadcrumbList, RealEstateListing, FAQPage","GCC, CMWSSB, CMRL, Ground-truth local audit","Pass / Verified","SEO QA Lead / 2026-10-05"
"https://www.chennairents.in/chennai/taramani/flats-for-bachelors-in-taramani","Locality Facet / Typology","flats for bachelors in taramani","Transactional","bachelor friendly rentals taramani; verified flats for bachelors in taramani; owner direct flats for bachelors in taramani; flats for bachelors in taramani price deposit","Taramani","Bachelor Friendly Rentals","https://www.chennairents.in/chennai/taramani/flats-for-bachelors-in-taramani","Index, Follow","Flats for Bachelors in Taramani | 100% Bachelor Verified","Explore bachelor flats for rent in Taramani across 1RK, 1BHK, 2BHK, and 3BHK options. Transparent agreements, minimal paperwork, and walk-to-work access.","Flats for Bachelors in Taramani, Chennai","Taramani Micro-Market Hubs & Streets | Current Rental Market Benchmarks in Taramani | Monsoon Resilience & Water Reality | Frequently Asked Questions | Explore Taramani Rental Network","Contact Verified Property Owners","https://www.chennairents.in/chennai/taramani","https://www.chennairents.in/chennai/taramani; https://www.chennairents.in/chennai/rentals","Targets specific long-tail intent for Bachelor Friendly Rentals in Taramani; canonical isolated from base hub","BreadcrumbList, RealEstateListing, FAQPage","GCC, CMWSSB, CMRL, Ground-truth local audit","Pass / Verified","SEO QA Lead / 2026-10-05"
"https://www.chennairents.in/chennai/taramani/flats-for-family-in-taramani","Locality Facet / Typology","flats for family in taramani","Transactional","family rentals taramani; verified flats for family in taramani; owner direct flats for family in taramani; flats for family in taramani price deposit","Taramani","Family Rentals","https://www.chennairents.in/chennai/taramani/flats-for-family-in-taramani","Index, Follow","Family Flats for Rent in Taramani | Prime Residential Living","Rent verified family apartments in Taramani, Chennai. Reliable water supply, broad residential cross-streets, reputable schools, and community security.","Flats for Family in Taramani, Chennai","Taramani Micro-Market Hubs & Streets | Current Rental Market Benchmarks in Taramani | Monsoon Resilience & Water Reality | Frequently Asked Questions | Explore Taramani Rental Network","Contact Verified Property Owners","https://www.chennairents.in/chennai/taramani","https://www.chennairents.in/chennai/taramani; https://www.chennairents.in/chennai/rentals","Targets specific long-tail intent for Family Rentals in Taramani; canonical isolated from base hub","BreadcrumbList, RealEstateListing, FAQPage","GCC, CMWSSB, CMRL, Ground-truth local audit","Pass / Verified","SEO QA Lead / 2026-10-05"
"https://www.chennairents.in/chennai/taramani/co-living-in-taramani","Locality Facet / Typology","co living in taramani","Transactional","co-living taramani; verified co living in taramani; owner direct co living in taramani; co living in taramani price deposit","Taramani","Co-Living","https://www.chennairents.in/chennai/taramani/co-living-in-taramani","Index, Follow","Co-Living Spaces in Taramani | Managed Tech Stays","Modern co-living accommodations in Taramani. High-speed Wi-Fi, daily housekeeping, food options, and flexible month-to-month leases near TIDEL Park.","Co-Living Spaces in Taramani, Chennai","Taramani Micro-Market Hubs & Streets | Current Rental Market Benchmarks in Taramani | Monsoon Resilience & Water Reality | Frequently Asked Questions | Explore Taramani Rental Network","Contact Verified Property Owners","https://www.chennairents.in/chennai/taramani","https://www.chennairents.in/chennai/taramani; https://www.chennairents.in/chennai/rentals","Targets specific long-tail intent for Co-Living in Taramani; canonical isolated from base hub","BreadcrumbList, RealEstateListing, FAQPage","GCC, CMWSSB, CMRL, Ground-truth local audit","Pass / Verified","SEO QA Lead / 2026-10-05"
"https://www.chennairents.in/chennai/taramani/pg-for-men-in-taramani","Locality Facet / Typology","pg for men in taramani","Transactional","pg for men taramani; verified pg for men in taramani; owner direct pg for men in taramani; pg for men in taramani price deposit","Taramani","PG for Men","https://www.chennairents.in/chennai/taramani/pg-for-men-in-taramani","Index, Follow","PG for Men in Taramani Chennai | Food, AC & WiFi Included","Top gents PG and hostels in Taramani near TIDEL Park and Ascendas. Wholesome South & North Indian food, AC rooms, and bike parking.","PG for Men in Taramani, Chennai","Taramani Micro-Market Hubs & Streets | Current Rental Market Benchmarks in Taramani | Monsoon Resilience & Water Reality | Frequently Asked Questions | Explore Taramani Rental Network","Contact Verified Property Owners","https://www.chennairents.in/chennai/taramani","https://www.chennairents.in/chennai/taramani; https://www.chennairents.in/chennai/rentals","Targets specific long-tail intent for PG for Men in Taramani; canonical isolated from base hub","BreadcrumbList, RealEstateListing, FAQPage","GCC, CMWSSB, CMRL, Ground-truth local audit","Pass / Verified","SEO QA Lead / 2026-10-05"
"https://www.chennairents.in/chennai/taramani/pg-for-women-in-taramani","Locality Facet / Typology","pg for women in taramani","Transactional","pg for women taramani; verified pg for women in taramani; owner direct pg for women in taramani; pg for women in taramani price deposit","Taramani","PG for Women","https://www.chennairents.in/chennai/taramani/pg-for-women-in-taramani","Index, Follow","Safe PG for Women in Taramani | Secure Ladies Hostels","Safe, verified ladies PGs and women's hostels in Taramani. Biometric entry, resident warden, home-style food, AC, and Wi-Fi near Ramanujan IT City.","PG for Women in Taramani, Chennai","Taramani Micro-Market Hubs & Streets | Current Rental Market Benchmarks in Taramani | Monsoon Resilience & Water Reality | Frequently Asked Questions | Explore Taramani Rental Network","Contact Verified Property Owners","https://www.chennairents.in/chennai/taramani","https://www.chennairents.in/chennai/taramani; https://www.chennairents.in/chennai/rentals","Targets specific long-tail intent for PG for Women in Taramani; canonical isolated from base hub","BreadcrumbList, RealEstateListing, FAQPage","GCC, CMWSSB, CMRL, Ground-truth local audit","Pass / Verified","SEO QA Lead / 2026-10-05"
"https://www.chennairents.in/chennai/taramani/independent-houses-for-rent-in-taramani","Locality Facet / Typology","independent houses for rent in taramani","Transactional","independent house / villa taramani; verified independent houses for rent in taramani; owner direct independent houses for rent in taramani; independent houses for rent in taramani price deposit","Taramani","Independent House / Villa","https://www.chennairents.in/chennai/taramani/independent-houses-for-rent-in-taramani","Index, Follow","Independent Houses for Rent in Taramani | Private Villas","Discover independent houses, private villas, and row houses for rent in Taramani. Enjoy private car porches, exclusive terraces, and quiet yards.","Independent Houses for Rent in Taramani, Chennai","Taramani Micro-Market Hubs & Streets | Current Rental Market Benchmarks in Taramani | Monsoon Resilience & Water Reality | Frequently Asked Questions | Explore Taramani Rental Network","Contact Verified Property Owners","https://www.chennairents.in/chennai/taramani","https://www.chennairents.in/chennai/taramani; https://www.chennairents.in/chennai/rentals","Targets specific long-tail intent for Independent House / Villa in Taramani; canonical isolated from base hub","BreadcrumbList, RealEstateListing, FAQPage","GCC, CMWSSB, CMRL, Ground-truth local audit","Pass / Verified","SEO QA Lead / 2026-10-05"
"https://www.chennairents.in/chennai/taramani/furnished-flats-for-rent-in-taramani","Locality Facet / Typology","furnished flats for rent in taramani","Transactional","furnished flats taramani; verified furnished flats for rent in taramani; owner direct furnished flats for rent in taramani; furnished flats for rent in taramani price deposit","Taramani","Furnished Flats","https://www.chennairents.in/chennai/taramani/furnished-flats-for-rent-in-taramani","Index, Follow","Fully Furnished Flats for Rent in Taramani | Move-in Ready","Move-in ready fully furnished flats for rent in Taramani. Fitted with ACs, modular kitchens, luxury beds, sofas, TV, and premium appliances.","Furnished Flats for Rent in Taramani, Chennai","Taramani Micro-Market Hubs & Streets | Current Rental Market Benchmarks in Taramani | Monsoon Resilience & Water Reality | Frequently Asked Questions | Explore Taramani Rental Network","Contact Verified Property Owners","https://www.chennairents.in/chennai/taramani","https://www.chennairents.in/chennai/taramani; https://www.chennairents.in/chennai/rentals","Targets specific long-tail intent for Furnished Flats in Taramani; canonical isolated from base hub","BreadcrumbList, RealEstateListing, FAQPage","GCC, CMWSSB, CMRL, Ground-truth local audit","Pass / Verified","SEO QA Lead / 2026-10-05"
"https://www.chennairents.in/chennai/taramani/flats-for-rent-under-10000-in-taramani","Locality Facet / Typology","flats for rent under 10000 in taramani","Transactional","flats under ₹10,000 taramani; verified flats for rent under 10000 in taramani; owner direct flats for rent under 10000 in taramani; flats for rent under 10000 in taramani price deposit","Taramani","Flats Under ₹10,000","https://www.chennairents.in/chennai/taramani/flats-for-rent-under-10000-in-taramani","Index, Follow","Flats for Rent Under ₹10,000 in Taramani | Budget Units","Find budget rooms, 1RK studios, and compact flats for rent under ₹10,000 per month in Taramani. Verified listings near bus and MRTS hubs.","Flats for Rent Under ₹10,000 in Taramani, Chennai","Taramani Micro-Market Hubs & Streets | Current Rental Market Benchmarks in Taramani | Monsoon Resilience & Water Reality | Frequently Asked Questions | Explore Taramani Rental Network","Contact Verified Property Owners","https://www.chennairents.in/chennai/taramani","https://www.chennairents.in/chennai/taramani; https://www.chennairents.in/chennai/rentals","Targets specific long-tail intent for Flats Under ₹10,000 in Taramani; canonical isolated from base hub","BreadcrumbList, RealEstateListing, FAQPage","GCC, CMWSSB, CMRL, Ground-truth local audit","Pass / Verified","SEO QA Lead / 2026-10-05"
"https://www.chennairents.in/chennai/taramani/flats-for-rent-under-15000-in-taramani","Locality Facet / Typology","flats for rent under 15000 in taramani","Transactional","flats under ₹15,000 taramani; verified flats for rent under 15000 in taramani; owner direct flats for rent under 15000 in taramani; flats for rent under 15000 in taramani price deposit","Taramani","Flats Under ₹15,000","https://www.chennairents.in/chennai/taramani/flats-for-rent-under-15000-in-taramani","Index, Follow","Flats for Rent Under ₹15,000 in Taramani | 1BHKs & Studios","Discover rental apartments under ₹15,000 in Taramani. Quality 1RK studios and compact 1BHK builder floors near TIDEL Park and MRTS.","Flats for Rent Under ₹15,000 in Taramani, Chennai","Taramani Micro-Market Hubs & Streets | Current Rental Market Benchmarks in Taramani | Monsoon Resilience & Water Reality | Frequently Asked Questions | Explore Taramani Rental Network","Contact Verified Property Owners","https://www.chennairents.in/chennai/taramani","https://www.chennairents.in/chennai/taramani; https://www.chennairents.in/chennai/rentals","Targets specific long-tail intent for Flats Under ₹15,000 in Taramani; canonical isolated from base hub","BreadcrumbList, RealEstateListing, FAQPage","GCC, CMWSSB, CMRL, Ground-truth local audit","Pass / Verified","SEO QA Lead / 2026-10-05"
"https://www.chennairents.in/chennai/taramani/flats-for-rent-under-20000-in-taramani","Locality Facet / Typology","flats for rent under 20000 in taramani","Transactional","flats under ₹20,000 taramani; verified flats for rent under 20000 in taramani; owner direct flats for rent under 20000 in taramani; flats for rent under 20000 in taramani price deposit","Taramani","Flats Under ₹20,000","https://www.chennairents.in/chennai/taramani/flats-for-rent-under-20000-in-taramani","Index, Follow","Flats for Rent Under ₹20,000 in Taramani | Prime 1BHKs & 2BHKs","Browse rental apartments under ₹20,000 in Taramani. Modern 1BHK flats and budget 2BHK builder floors with reliable water supply and transit access.","Flats for Rent Under ₹20,000 in Taramani, Chennai","Taramani Micro-Market Hubs & Streets | Current Rental Market Benchmarks in Taramani | Monsoon Resilience & Water Reality | Frequently Asked Questions | Explore Taramani Rental Network","Contact Verified Property Owners","https://www.chennairents.in/chennai/taramani","https://www.chennairents.in/chennai/taramani; https://www.chennairents.in/chennai/rentals","Targets specific long-tail intent for Flats Under ₹20,000 in Taramani; canonical isolated from base hub","BreadcrumbList, RealEstateListing, FAQPage","GCC, CMWSSB, CMRL, Ground-truth local audit","Pass / Verified","SEO QA Lead / 2026-10-05"
"https://www.chennairents.in/chennai/thiruvanmiyur/flats-for-rent-in-thiruvanmiyur","Locality Facet / Typology","flats for rent in thiruvanmiyur","Transactional","flats / apartments thiruvanmiyur; verified flats for rent in thiruvanmiyur; owner direct flats for rent in thiruvanmiyur; flats for rent in thiruvanmiyur price deposit","Thiruvanmiyur","Flats / Apartments","https://www.chennairents.in/chennai/thiruvanmiyur/flats-for-rent-in-thiruvanmiyur","Index, Follow","Flats for Rent in Thiruvanmiyur Chennai | 1RK to 3BHK Rentals","Explore verified flats for rent in Thiruvanmiyur, Chennai. Beachside apartments and luxury societies near ECR starting point, TIDEL Park, and Kalakshetra.","Flats for Rent in Thiruvanmiyur, Chennai","Thiruvanmiyur Micro-Market Hubs & Streets | Current Rental Market Benchmarks in Thiruvanmiyur | Monsoon Resilience & Water Reality | Frequently Asked Questions | Explore Thiruvanmiyur Rental Network","Contact Verified Property Owners","https://www.chennairents.in/chennai/thiruvanmiyur","https://www.chennairents.in/chennai/thiruvanmiyur; https://www.chennairents.in/chennai/rentals","Targets specific long-tail intent for Flats / Apartments in Thiruvanmiyur; canonical isolated from base hub","BreadcrumbList, RealEstateListing, FAQPage","GCC, CMWSSB, CMRL, Ground-truth local audit","Pass / Verified","SEO QA Lead / 2026-10-05"
"https://www.chennairents.in/chennai/thiruvanmiyur/1rk-for-rent-in-thiruvanmiyur","Locality Facet / Typology","1rk for rent in thiruvanmiyur","Transactional","1 rk thiruvanmiyur; verified 1rk for rent in thiruvanmiyur; owner direct 1rk for rent in thiruvanmiyur; 1rk for rent in thiruvanmiyur price deposit","Thiruvanmiyur","1 RK","https://www.chennairents.in/chennai/thiruvanmiyur/1rk-for-rent-in-thiruvanmiyur","Index, Follow","1RK for Rent in Thiruvanmiyur Chennai | Studio Rooms","Find independent 1RK studio rooms for rent in Thiruvanmiyur. Low deposits, private washrooms, and walking distance to beach and Thiruvanmiyur bus terminus.","1RK Studio Rooms for Rent in Thiruvanmiyur, Chennai","Thiruvanmiyur Micro-Market Hubs & Streets | Current Rental Market Benchmarks in Thiruvanmiyur | Monsoon Resilience & Water Reality | Frequently Asked Questions | Explore Thiruvanmiyur Rental Network","Contact Verified Property Owners","https://www.chennairents.in/chennai/thiruvanmiyur","https://www.chennairents.in/chennai/thiruvanmiyur; https://www.chennairents.in/chennai/rentals","Targets specific long-tail intent for 1 RK in Thiruvanmiyur; canonical isolated from base hub","BreadcrumbList, RealEstateListing, FAQPage","GCC, CMWSSB, CMRL, Ground-truth local audit","Pass / Verified","SEO QA Lead / 2026-10-05"
"https://www.chennairents.in/chennai/thiruvanmiyur/1bhk-flats-for-rent-in-thiruvanmiyur","Locality Facet / Typology","1bhk flats for rent in thiruvanmiyur","Transactional","1 bhk thiruvanmiyur; verified 1bhk flats for rent in thiruvanmiyur; owner direct 1bhk flats for rent in thiruvanmiyur; 1bhk flats for rent in thiruvanmiyur price deposit","Thiruvanmiyur","1 BHK","https://www.chennairents.in/chennai/thiruvanmiyur/1bhk-flats-for-rent-in-thiruvanmiyur","Index, Follow","1BHK Flats for Rent in Thiruvanmiyur | Verified Flats","Browse verified 1BHK rental apartments in Thiruvanmiyur. Independent builder floors near Thiruvanmiyur MRTS station, TIDEL Park, and ECR link.","1BHK Flats for Rent in Thiruvanmiyur, Chennai","Thiruvanmiyur Micro-Market Hubs & Streets | Current Rental Market Benchmarks in Thiruvanmiyur | Monsoon Resilience & Water Reality | Frequently Asked Questions | Explore Thiruvanmiyur Rental Network","Contact Verified Property Owners","https://www.chennairents.in/chennai/thiruvanmiyur","https://www.chennairents.in/chennai/thiruvanmiyur; https://www.chennairents.in/chennai/rentals","Targets specific long-tail intent for 1 BHK in Thiruvanmiyur; canonical isolated from base hub","BreadcrumbList, RealEstateListing, FAQPage","GCC, CMWSSB, CMRL, Ground-truth local audit","Pass / Verified","SEO QA Lead / 2026-10-05"
"https://www.chennairents.in/chennai/thiruvanmiyur/2bhk-flats-for-rent-in-thiruvanmiyur","Locality Facet / Typology","2bhk flats for rent in thiruvanmiyur","Transactional","2 bhk thiruvanmiyur; verified 2bhk flats for rent in thiruvanmiyur; owner direct 2bhk flats for rent in thiruvanmiyur; 2bhk flats for rent in thiruvanmiyur price deposit","Thiruvanmiyur","2 BHK","https://www.chennairents.in/chennai/thiruvanmiyur/2bhk-flats-for-rent-in-thiruvanmiyur","Index, Follow","2BHK Flats for Rent in Thiruvanmiyur | Beachside Living","Rent verified 2BHK flats in Thiruvanmiyur. Standalone floors and society apartments in Valmiki Nagar and Kamaraj Nagar with car parking and sea breeze.","2BHK Flats for Rent in Thiruvanmiyur, Chennai","Thiruvanmiyur Micro-Market Hubs & Streets | Current Rental Market Benchmarks in Thiruvanmiyur | Monsoon Resilience & Water Reality | Frequently Asked Questions | Explore Thiruvanmiyur Rental Network","Contact Verified Property Owners","https://www.chennairents.in/chennai/thiruvanmiyur","https://www.chennairents.in/chennai/thiruvanmiyur; https://www.chennairents.in/chennai/rentals","Targets specific long-tail intent for 2 BHK in Thiruvanmiyur; canonical isolated from base hub","BreadcrumbList, RealEstateListing, FAQPage","GCC, CMWSSB, CMRL, Ground-truth local audit","Pass / Verified","SEO QA Lead / 2026-10-05"
"https://www.chennairents.in/chennai/thiruvanmiyur/3bhk-flats-for-rent-in-thiruvanmiyur","Locality Facet / Typology","3bhk flats for rent in thiruvanmiyur","Transactional","3 bhk thiruvanmiyur; verified 3bhk flats for rent in thiruvanmiyur; owner direct 3bhk flats for rent in thiruvanmiyur; 3bhk flats for rent in thiruvanmiyur price deposit","Thiruvanmiyur","3 BHK","https://www.chennairents.in/chennai/thiruvanmiyur/3bhk-flats-for-rent-in-thiruvanmiyur","Index, Follow","3BHK Flats for Rent in Thiruvanmiyur | Luxury Residences","Discover luxury 3BHK rental apartments in Thiruvanmiyur. Premium beachside homes, 100% DG backup, 2 covered car parking bays, gym, and 24/7 security.","3BHK Flats for Rent in Thiruvanmiyur, Chennai","Thiruvanmiyur Micro-Market Hubs & Streets | Current Rental Market Benchmarks in Thiruvanmiyur | Monsoon Resilience & Water Reality | Frequently Asked Questions | Explore Thiruvanmiyur Rental Network","Contact Verified Property Owners","https://www.chennairents.in/chennai/thiruvanmiyur","https://www.chennairents.in/chennai/thiruvanmiyur; https://www.chennairents.in/chennai/rentals","Targets specific long-tail intent for 3 BHK in Thiruvanmiyur; canonical isolated from base hub","BreadcrumbList, RealEstateListing, FAQPage","GCC, CMWSSB, CMRL, Ground-truth local audit","Pass / Verified","SEO QA Lead / 2026-10-05"
"https://www.chennairents.in/chennai/thiruvanmiyur/1bhk-flats-for-bachelors-in-thiruvanmiyur","Locality Facet / Typology","1bhk flats for bachelors in thiruvanmiyur","Transactional","1 bhk thiruvanmiyur; verified 1bhk flats for bachelors in thiruvanmiyur; owner direct 1bhk flats for bachelors in thiruvanmiyur; 1bhk flats for bachelors in thiruvanmiyur price deposit","Thiruvanmiyur","1 BHK","https://www.chennairents.in/chennai/thiruvanmiyur/1bhk-flats-for-bachelors-in-thiruvanmiyur","Index, Follow","1BHK Flats for Bachelors in Thiruvanmiyur | Near TIDEL Park","Find bachelor-friendly 1BHK rental apartments in Thiruvanmiyur. Verified owners, zero curfew restrictions, and 5-minute transit to TIDEL Park & OMR.","1BHK Flats for Bachelors in Thiruvanmiyur, Chennai","Thiruvanmiyur Micro-Market Hubs & Streets | Current Rental Market Benchmarks in Thiruvanmiyur | Monsoon Resilience & Water Reality | Frequently Asked Questions | Explore Thiruvanmiyur Rental Network","Contact Verified Property Owners","https://www.chennairents.in/chennai/thiruvanmiyur","https://www.chennairents.in/chennai/thiruvanmiyur; https://www.chennairents.in/chennai/rentals","Targets specific long-tail intent for 1 BHK in Thiruvanmiyur; canonical isolated from base hub","BreadcrumbList, RealEstateListing, FAQPage","GCC, CMWSSB, CMRL, Ground-truth local audit","Pass / Verified","SEO QA Lead / 2026-10-05"
"https://www.chennairents.in/chennai/thiruvanmiyur/2bhk-flats-for-bachelors-in-thiruvanmiyur","Locality Facet / Typology","2bhk flats for bachelors in thiruvanmiyur","Transactional","2 bhk thiruvanmiyur; verified 2bhk flats for bachelors in thiruvanmiyur; owner direct 2bhk flats for bachelors in thiruvanmiyur; 2bhk flats for bachelors in thiruvanmiyur price deposit","Thiruvanmiyur","2 BHK","https://www.chennairents.in/chennai/thiruvanmiyur/2bhk-flats-for-bachelors-in-thiruvanmiyur","Index, Follow","2BHK Flats for Bachelors in Thiruvanmiyur | Share & Split Rent","Rent verified 2BHK flats for bachelors in Thiruvanmiyur. Split rental expenses near the beach, cafes, and OMR IT corridor with colleagues.","2BHK Flats for Bachelors in Thiruvanmiyur, Chennai","Thiruvanmiyur Micro-Market Hubs & Streets | Current Rental Market Benchmarks in Thiruvanmiyur | Monsoon Resilience & Water Reality | Frequently Asked Questions | Explore Thiruvanmiyur Rental Network","Contact Verified Property Owners","https://www.chennairents.in/chennai/thiruvanmiyur","https://www.chennairents.in/chennai/thiruvanmiyur; https://www.chennairents.in/chennai/rentals","Targets specific long-tail intent for 2 BHK in Thiruvanmiyur; canonical isolated from base hub","BreadcrumbList, RealEstateListing, FAQPage","GCC, CMWSSB, CMRL, Ground-truth local audit","Pass / Verified","SEO QA Lead / 2026-10-05"
"https://www.chennairents.in/chennai/thiruvanmiyur/2bhk-flats-for-family-in-thiruvanmiyur","Locality Facet / Typology","2bhk flats for family in thiruvanmiyur","Transactional","2 bhk thiruvanmiyur; verified 2bhk flats for family in thiruvanmiyur; owner direct 2bhk flats for family in thiruvanmiyur; 2bhk flats for family in thiruvanmiyur price deposit","Thiruvanmiyur","2 BHK","https://www.chennairents.in/chennai/thiruvanmiyur/2bhk-flats-for-family-in-thiruvanmiyur","Index, Follow","2BHK Flats for Family in Thiruvanmiyur | Safe & Peaceful","Safe and peaceful 2BHK family flats for rent in Thiruvanmiyur. Walking distance to schools, beach promenades, temples, and daily provisions.","2BHK Flats for Family in Thiruvanmiyur, Chennai","Thiruvanmiyur Micro-Market Hubs & Streets | Current Rental Market Benchmarks in Thiruvanmiyur | Monsoon Resilience & Water Reality | Frequently Asked Questions | Explore Thiruvanmiyur Rental Network","Contact Verified Property Owners","https://www.chennairents.in/chennai/thiruvanmiyur","https://www.chennairents.in/chennai/thiruvanmiyur; https://www.chennairents.in/chennai/rentals","Targets specific long-tail intent for 2 BHK in Thiruvanmiyur; canonical isolated from base hub","BreadcrumbList, RealEstateListing, FAQPage","GCC, CMWSSB, CMRL, Ground-truth local audit","Pass / Verified","SEO QA Lead / 2026-10-05"
"https://www.chennairents.in/chennai/thiruvanmiyur/3bhk-flats-for-family-in-thiruvanmiyur","Locality Facet / Typology","3bhk flats for family in thiruvanmiyur","Transactional","3 bhk thiruvanmiyur; verified 3bhk flats for family in thiruvanmiyur; owner direct 3bhk flats for family in thiruvanmiyur; 3bhk flats for family in thiruvanmiyur price deposit","Thiruvanmiyur","3 BHK","https://www.chennairents.in/chennai/thiruvanmiyur/3bhk-flats-for-family-in-thiruvanmiyur","Index, Follow","3BHK Flats for Family in Thiruvanmiyur | Spacious Coastal Living","Explore expansive 3BHK family apartments in Thiruvanmiyur. Dual car parking, modern lifts, power backup, and quiet tree-lined avenues near the beach.","3BHK Flats for Family in Thiruvanmiyur, Chennai","Thiruvanmiyur Micro-Market Hubs & Streets | Current Rental Market Benchmarks in Thiruvanmiyur | Monsoon Resilience & Water Reality | Frequently Asked Questions | Explore Thiruvanmiyur Rental Network","Contact Verified Property Owners","https://www.chennairents.in/chennai/thiruvanmiyur","https://www.chennairents.in/chennai/thiruvanmiyur; https://www.chennairents.in/chennai/rentals","Targets specific long-tail intent for 3 BHK in Thiruvanmiyur; canonical isolated from base hub","BreadcrumbList, RealEstateListing, FAQPage","GCC, CMWSSB, CMRL, Ground-truth local audit","Pass / Verified","SEO QA Lead / 2026-10-05"
"https://www.chennairents.in/chennai/thiruvanmiyur/flats-for-bachelors-in-thiruvanmiyur","Locality Facet / Typology","flats for bachelors in thiruvanmiyur","Transactional","bachelor friendly rentals thiruvanmiyur; verified flats for bachelors in thiruvanmiyur; owner direct flats for bachelors in thiruvanmiyur; flats for bachelors in thiruvanmiyur price deposit","Thiruvanmiyur","Bachelor Friendly Rentals","https://www.chennairents.in/chennai/thiruvanmiyur/flats-for-bachelors-in-thiruvanmiyur","Index, Follow","Flats for Bachelors in Thiruvanmiyur | 100% Bachelor Verified","Explore bachelor flats for rent in Thiruvanmiyur across 1RK, 1BHK, 2BHK, and 3BHK options. Transparent agreements, minimal paperwork, and transit access.","Flats for Bachelors in Thiruvanmiyur, Chennai","Thiruvanmiyur Micro-Market Hubs & Streets | Current Rental Market Benchmarks in Thiruvanmiyur | Monsoon Resilience & Water Reality | Frequently Asked Questions | Explore Thiruvanmiyur Rental Network","Contact Verified Property Owners","https://www.chennairents.in/chennai/thiruvanmiyur","https://www.chennairents.in/chennai/thiruvanmiyur; https://www.chennairents.in/chennai/rentals","Targets specific long-tail intent for Bachelor Friendly Rentals in Thiruvanmiyur; canonical isolated from base hub","BreadcrumbList, RealEstateListing, FAQPage","GCC, CMWSSB, CMRL, Ground-truth local audit","Pass / Verified","SEO QA Lead / 2026-10-05"
"https://www.chennairents.in/chennai/thiruvanmiyur/flats-for-family-in-thiruvanmiyur","Locality Facet / Typology","flats for family in thiruvanmiyur","Transactional","family rentals thiruvanmiyur; verified flats for family in thiruvanmiyur; owner direct flats for family in thiruvanmiyur; flats for family in thiruvanmiyur price deposit","Thiruvanmiyur","Family Rentals","https://www.chennairents.in/chennai/thiruvanmiyur/flats-for-family-in-thiruvanmiyur","Index, Follow","Family Flats for Rent in Thiruvanmiyur | Beachside Living","Rent verified family apartments in Thiruvanmiyur, Chennai. Piped Metro Water, broad avenue streets, premier schools, and active resident associations.","Flats for Family in Thiruvanmiyur, Chennai","Thiruvanmiyur Micro-Market Hubs & Streets | Current Rental Market Benchmarks in Thiruvanmiyur | Monsoon Resilience & Water Reality | Frequently Asked Questions | Explore Thiruvanmiyur Rental Network","Contact Verified Property Owners","https://www.chennairents.in/chennai/thiruvanmiyur","https://www.chennairents.in/chennai/thiruvanmiyur; https://www.chennairents.in/chennai/rentals","Targets specific long-tail intent for Family Rentals in Thiruvanmiyur; canonical isolated from base hub","BreadcrumbList, RealEstateListing, FAQPage","GCC, CMWSSB, CMRL, Ground-truth local audit","Pass / Verified","SEO QA Lead / 2026-10-05"
"https://www.chennairents.in/chennai/thiruvanmiyur/co-living-in-thiruvanmiyur","Locality Facet / Typology","co living in thiruvanmiyur","Transactional","co-living thiruvanmiyur; verified co living in thiruvanmiyur; owner direct co living in thiruvanmiyur; co living in thiruvanmiyur price deposit","Thiruvanmiyur","Co-Living","https://www.chennairents.in/chennai/thiruvanmiyur/co-living-in-thiruvanmiyur","Index, Follow","Co-Living Spaces in Thiruvanmiyur | Beachside Managed Stays","Upscale co-living spaces in Thiruvanmiyur. High-speed Wi-Fi, professional housekeeping, chef-cooked meals, and flexible month-to-month terms near TIDEL Park.","Co-Living Spaces in Thiruvanmiyur, Chennai","Thiruvanmiyur Micro-Market Hubs & Streets | Current Rental Market Benchmarks in Thiruvanmiyur | Monsoon Resilience & Water Reality | Frequently Asked Questions | Explore Thiruvanmiyur Rental Network","Contact Verified Property Owners","https://www.chennairents.in/chennai/thiruvanmiyur","https://www.chennairents.in/chennai/thiruvanmiyur; https://www.chennairents.in/chennai/rentals","Targets specific long-tail intent for Co-Living in Thiruvanmiyur; canonical isolated from base hub","BreadcrumbList, RealEstateListing, FAQPage","GCC, CMWSSB, CMRL, Ground-truth local audit","Pass / Verified","SEO QA Lead / 2026-10-05"
"https://www.chennairents.in/chennai/thiruvanmiyur/pg-for-men-in-thiruvanmiyur","Locality Facet / Typology","pg for men in thiruvanmiyur","Transactional","pg for men thiruvanmiyur; verified pg for men in thiruvanmiyur; owner direct pg for men in thiruvanmiyur; pg for men in thiruvanmiyur price deposit","Thiruvanmiyur","PG for Men","https://www.chennairents.in/chennai/thiruvanmiyur/pg-for-men-in-thiruvanmiyur","Index, Follow","PG for Men in Thiruvanmiyur Chennai | Food, AC & WiFi","Best gents PGs and hostels in Thiruvanmiyur near TIDEL Park and MRTS station. Authentic South Indian food, AC rooms, and bike parking.","PG for Men in Thiruvanmiyur, Chennai","Thiruvanmiyur Micro-Market Hubs & Streets | Current Rental Market Benchmarks in Thiruvanmiyur | Monsoon Resilience & Water Reality | Frequently Asked Questions | Explore Thiruvanmiyur Rental Network","Contact Verified Property Owners","https://www.chennairents.in/chennai/thiruvanmiyur","https://www.chennairents.in/chennai/thiruvanmiyur; https://www.chennairents.in/chennai/rentals","Targets specific long-tail intent for PG for Men in Thiruvanmiyur; canonical isolated from base hub","BreadcrumbList, RealEstateListing, FAQPage","GCC, CMWSSB, CMRL, Ground-truth local audit","Pass / Verified","SEO QA Lead / 2026-10-05"
"https://www.chennairents.in/chennai/thiruvanmiyur/pg-for-women-in-thiruvanmiyur","Locality Facet / Typology","pg for women in thiruvanmiyur","Transactional","pg for women thiruvanmiyur; verified pg for women in thiruvanmiyur; owner direct pg for women in thiruvanmiyur; pg for women in thiruvanmiyur price deposit","Thiruvanmiyur","PG for Women","https://www.chennairents.in/chennai/thiruvanmiyur/pg-for-women-in-thiruvanmiyur","Index, Follow","Safe PG for Women in Thiruvanmiyur | Secure Ladies Hostels","Safe, verified ladies PGs and women's hostels in Thiruvanmiyur. Biometric access, round-the-clock warden, hygienic food, AC rooms, and high-speed Wi-Fi.","PG for Women in Thiruvanmiyur, Chennai","Thiruvanmiyur Micro-Market Hubs & Streets | Current Rental Market Benchmarks in Thiruvanmiyur | Monsoon Resilience & Water Reality | Frequently Asked Questions | Explore Thiruvanmiyur Rental Network","Contact Verified Property Owners","https://www.chennairents.in/chennai/thiruvanmiyur","https://www.chennairents.in/chennai/thiruvanmiyur; https://www.chennairents.in/chennai/rentals","Targets specific long-tail intent for PG for Women in Thiruvanmiyur; canonical isolated from base hub","BreadcrumbList, RealEstateListing, FAQPage","GCC, CMWSSB, CMRL, Ground-truth local audit","Pass / Verified","SEO QA Lead / 2026-10-05"
"https://www.chennairents.in/chennai/thiruvanmiyur/independent-houses-for-rent-in-thiruvanmiyur","Locality Facet / Typology","independent houses for rent in thiruvanmiyur","Transactional","independent house / villa thiruvanmiyur; verified independent houses for rent in thiruvanmiyur; owner direct independent houses for rent in thiruvanmiyur; independent houses for rent in thiruvanmiyur price deposit","Thiruvanmiyur","Independent House / Villa","https://www.chennairents.in/chennai/thiruvanmiyur/independent-houses-for-rent-in-thiruvanmiyur","Index, Follow","Independent Houses for Rent in Thiruvanmiyur | Beach Villas","Discover independent houses, private beach villas, and classic bungalows for rent in Thiruvanmiyur. Enjoy private gardens, car porches, and rooftop terraces.","Independent Houses for Rent in Thiruvanmiyur, Chennai","Thiruvanmiyur Micro-Market Hubs & Streets | Current Rental Market Benchmarks in Thiruvanmiyur | Monsoon Resilience & Water Reality | Frequently Asked Questions | Explore Thiruvanmiyur Rental Network","Contact Verified Property Owners","https://www.chennairents.in/chennai/thiruvanmiyur","https://www.chennairents.in/chennai/thiruvanmiyur; https://www.chennairents.in/chennai/rentals","Targets specific long-tail intent for Independent House / Villa in Thiruvanmiyur; canonical isolated from base hub","BreadcrumbList, RealEstateListing, FAQPage","GCC, CMWSSB, CMRL, Ground-truth local audit","Pass / Verified","SEO QA Lead / 2026-10-05"
"https://www.chennairents.in/chennai/thiruvanmiyur/furnished-flats-for-rent-in-thiruvanmiyur","Locality Facet / Typology","furnished flats for rent in thiruvanmiyur","Transactional","furnished flats thiruvanmiyur; verified furnished flats for rent in thiruvanmiyur; owner direct furnished flats for rent in thiruvanmiyur; furnished flats for rent in thiruvanmiyur price deposit","Thiruvanmiyur","Furnished Flats","https://www.chennairents.in/chennai/thiruvanmiyur/furnished-flats-for-rent-in-thiruvanmiyur","Index, Follow","Fully Furnished Flats for Rent in Thiruvanmiyur | Move-in Ready","Move-in ready fully furnished flats for rent in Thiruvanmiyur. Complete with inverter ACs, modular kitchens, luxury beds, sofas, TV, and premium appliances.","Furnished Flats for Rent in Thiruvanmiyur, Chennai","Thiruvanmiyur Micro-Market Hubs & Streets | Current Rental Market Benchmarks in Thiruvanmiyur | Monsoon Resilience & Water Reality | Frequently Asked Questions | Explore Thiruvanmiyur Rental Network","Contact Verified Property Owners","https://www.chennairents.in/chennai/thiruvanmiyur","https://www.chennairents.in/chennai/thiruvanmiyur; https://www.chennairents.in/chennai/rentals","Targets specific long-tail intent for Furnished Flats in Thiruvanmiyur; canonical isolated from base hub","BreadcrumbList, RealEstateListing, FAQPage","GCC, CMWSSB, CMRL, Ground-truth local audit","Pass / Verified","SEO QA Lead / 2026-10-05"
"https://www.chennairents.in/chennai/thiruvanmiyur/flats-for-rent-under-10000-in-thiruvanmiyur","Locality Facet / Typology","flats for rent under 10000 in thiruvanmiyur","Transactional","flats under ₹10,000 thiruvanmiyur; verified flats for rent under 10000 in thiruvanmiyur; owner direct flats for rent under 10000 in thiruvanmiyur; flats for rent under 10000 in thiruvanmiyur price deposit","Thiruvanmiyur","Flats Under ₹10,000","https://www.chennairents.in/chennai/thiruvanmiyur/flats-for-rent-under-10000-in-thiruvanmiyur","Index, Follow","Flats for Rent Under ₹10,000 in Thiruvanmiyur | Budget Units","Find budget rooms, 1RK studios, and compact flats for rent under ₹10,000 per month in Thiruvanmiyur. Verified listings with easy transit connectivity.","Flats for Rent Under ₹10,000 in Thiruvanmiyur, Chennai","Thiruvanmiyur Micro-Market Hubs & Streets | Current Rental Market Benchmarks in Thiruvanmiyur | Monsoon Resilience & Water Reality | Frequently Asked Questions | Explore Thiruvanmiyur Rental Network","Contact Verified Property Owners","https://www.chennairents.in/chennai/thiruvanmiyur","https://www.chennairents.in/chennai/thiruvanmiyur; https://www.chennairents.in/chennai/rentals","Targets specific long-tail intent for Flats Under ₹10,000 in Thiruvanmiyur; canonical isolated from base hub","BreadcrumbList, RealEstateListing, FAQPage","GCC, CMWSSB, CMRL, Ground-truth local audit","Pass / Verified","SEO QA Lead / 2026-10-05"
"https://www.chennairents.in/chennai/thiruvanmiyur/flats-for-rent-under-15000-in-thiruvanmiyur","Locality Facet / Typology","flats for rent under 15000 in thiruvanmiyur","Transactional","flats under ₹15,000 thiruvanmiyur; verified flats for rent under 15000 in thiruvanmiyur; owner direct flats for rent under 15000 in thiruvanmiyur; flats for rent under 15000 in thiruvanmiyur price deposit","Thiruvanmiyur","Flats Under ₹15,000","https://www.chennairents.in/chennai/thiruvanmiyur/flats-for-rent-under-15000-in-thiruvanmiyur","Index, Follow","Flats for Rent Under ₹15,000 in Thiruvanmiyur | 1BHKs & Studios","Discover rental apartments under ₹15,000 in Thiruvanmiyur. Quality 1RK studios and compact 1BHK builder floors near MRTS stations and bus depots.","Flats for Rent Under ₹15,000 in Thiruvanmiyur, Chennai","Thiruvanmiyur Micro-Market Hubs & Streets | Current Rental Market Benchmarks in Thiruvanmiyur | Monsoon Resilience & Water Reality | Frequently Asked Questions | Explore Thiruvanmiyur Rental Network","Contact Verified Property Owners","https://www.chennairents.in/chennai/thiruvanmiyur","https://www.chennairents.in/chennai/thiruvanmiyur; https://www.chennairents.in/chennai/rentals","Targets specific long-tail intent for Flats Under ₹15,000 in Thiruvanmiyur; canonical isolated from base hub","BreadcrumbList, RealEstateListing, FAQPage","GCC, CMWSSB, CMRL, Ground-truth local audit","Pass / Verified","SEO QA Lead / 2026-10-05"
"https://www.chennairents.in/chennai/thiruvanmiyur/flats-for-rent-under-20000-in-thiruvanmiyur","Locality Facet / Typology","flats for rent under 20000 in thiruvanmiyur","Transactional","flats under ₹20,000 thiruvanmiyur; verified flats for rent under 20000 in thiruvanmiyur; owner direct flats for rent under 20000 in thiruvanmiyur; flats for rent under 20000 in thiruvanmiyur price deposit","Thiruvanmiyur","Flats Under ₹20,000","https://www.chennairents.in/chennai/thiruvanmiyur/flats-for-rent-under-20000-in-thiruvanmiyur","Index, Follow","Flats for Rent Under ₹20,000 in Thiruvanmiyur | 1BHK & 2BHKs","Browse rental apartments under ₹20,000 in Thiruvanmiyur. Modern 1BHK flats and budget 2BHK builder floors with good water supply and transit access.","Flats for Rent Under ₹20,000 in Thiruvanmiyur, Chennai","Thiruvanmiyur Micro-Market Hubs & Streets | Current Rental Market Benchmarks in Thiruvanmiyur | Monsoon Resilience & Water Reality | Frequently Asked Questions | Explore Thiruvanmiyur Rental Network","Contact Verified Property Owners","https://www.chennairents.in/chennai/thiruvanmiyur","https://www.chennairents.in/chennai/thiruvanmiyur; https://www.chennairents.in/chennai/rentals","Targets specific long-tail intent for Flats Under ₹20,000 in Thiruvanmiyur; canonical isolated from base hub","BreadcrumbList, RealEstateListing, FAQPage","GCC, CMWSSB, CMRL, Ground-truth local audit","Pass / Verified","SEO QA Lead / 2026-10-05"
"https://www.chennairents.in/chennai/thoraipakkam/flats-for-rent-in-thoraipakkam","Locality Facet / Typology","flats for rent in thoraipakkam","Transactional","flats / apartments thoraipakkam; verified flats for rent in thoraipakkam; owner direct flats for rent in thoraipakkam; flats for rent in thoraipakkam price deposit","Thoraipakkam","Flats / Apartments","https://www.chennairents.in/chennai/thoraipakkam/flats-for-rent-in-thoraipakkam","Index, Follow","Flats for Rent in Thoraipakkam Chennai | 1RK to 3BHK Rentals","Explore verified flats for rent in Thoraipakkam, Chennai. Filter by gated communities and builder floors near 200 Feet Radial Road, ASV Suntech Park, and OMR.","Flats for Rent in Thoraipakkam, Chennai","Thoraipakkam Micro-Market Hubs & Streets | Current Rental Market Benchmarks in Thoraipakkam | Monsoon Resilience & Water Reality | Frequently Asked Questions | Explore Thoraipakkam Rental Network","Contact Verified Property Owners","https://www.chennairents.in/chennai/thoraipakkam","https://www.chennairents.in/chennai/thoraipakkam; https://www.chennairents.in/chennai/rentals","Targets specific long-tail intent for Flats / Apartments in Thoraipakkam; canonical isolated from base hub","BreadcrumbList, RealEstateListing, FAQPage","GCC, CMWSSB, CMRL, Ground-truth local audit","Pass / Verified","SEO QA Lead / 2026-10-05"
"https://www.chennairents.in/chennai/thoraipakkam/1rk-for-rent-in-thoraipakkam","Locality Facet / Typology","1rk for rent in thoraipakkam","Transactional","1 rk thoraipakkam; verified 1rk for rent in thoraipakkam; owner direct 1rk for rent in thoraipakkam; 1rk for rent in thoraipakkam price deposit","Thoraipakkam","1 RK","https://www.chennairents.in/chennai/thoraipakkam/1rk-for-rent-in-thoraipakkam","Index, Follow","1RK for Rent in Thoraipakkam Chennai | Studio Rooms","Find affordable 1RK units and studio rooms for rent in Thoraipakkam. Low deposits, private washrooms, and walking access to OMR tech parks and bus stops.","1RK Studio Rooms for Rent in Thoraipakkam, Chennai","Thoraipakkam Micro-Market Hubs & Streets | Current Rental Market Benchmarks in Thoraipakkam | Monsoon Resilience & Water Reality | Frequently Asked Questions | Explore Thoraipakkam Rental Network","Contact Verified Property Owners","https://www.chennairents.in/chennai/thoraipakkam","https://www.chennairents.in/chennai/thoraipakkam; https://www.chennairents.in/chennai/rentals","Targets specific long-tail intent for 1 RK in Thoraipakkam; canonical isolated from base hub","BreadcrumbList, RealEstateListing, FAQPage","GCC, CMWSSB, CMRL, Ground-truth local audit","Pass / Verified","SEO QA Lead / 2026-10-05"
"https://www.chennairents.in/chennai/thoraipakkam/1bhk-flats-for-rent-in-thoraipakkam","Locality Facet / Typology","1bhk flats for rent in thoraipakkam","Transactional","1 bhk thoraipakkam; verified 1bhk flats for rent in thoraipakkam; owner direct 1bhk flats for rent in thoraipakkam; 1bhk flats for rent in thoraipakkam price deposit","Thoraipakkam","1 BHK","https://www.chennairents.in/chennai/thoraipakkam/1bhk-flats-for-rent-in-thoraipakkam","Index, Follow","1BHK Flats for Rent in Thoraipakkam | Verified Units","Browse verified 1BHK rental apartments in Thoraipakkam. Independent builder floors near ASV Suntech Park, 200 Feet Radial Road, and OMR.","1BHK Flats for Rent in Thoraipakkam, Chennai","Thoraipakkam Micro-Market Hubs & Streets | Current Rental Market Benchmarks in Thoraipakkam | Monsoon Resilience & Water Reality | Frequently Asked Questions | Explore Thoraipakkam Rental Network","Contact Verified Property Owners","https://www.chennairents.in/chennai/thoraipakkam","https://www.chennairents.in/chennai/thoraipakkam; https://www.chennairents.in/chennai/rentals","Targets specific long-tail intent for 1 BHK in Thoraipakkam; canonical isolated from base hub","BreadcrumbList, RealEstateListing, FAQPage","GCC, CMWSSB, CMRL, Ground-truth local audit","Pass / Verified","SEO QA Lead / 2026-10-05"
"https://www.chennairents.in/chennai/thoraipakkam/2bhk-flats-for-rent-in-thoraipakkam","Locality Facet / Typology","2bhk flats for rent in thoraipakkam","Transactional","2 bhk thoraipakkam; verified 2bhk flats for rent in thoraipakkam; owner direct 2bhk flats for rent in thoraipakkam; 2bhk flats for rent in thoraipakkam price deposit","Thoraipakkam","2 BHK","https://www.chennairents.in/chennai/thoraipakkam/2bhk-flats-for-rent-in-thoraipakkam","Index, Follow","2BHK Flats for Rent in Thoraipakkam | Gated & Standalone","Rent verified 2BHK flats in Thoraipakkam, Chennai. Quality builder floors and gated societies in MCN Nagar, Anand Nagar, and near Radial Road with car parking.","2BHK Flats for Rent in Thoraipakkam, Chennai","Thoraipakkam Micro-Market Hubs & Streets | Current Rental Market Benchmarks in Thoraipakkam | Monsoon Resilience & Water Reality | Frequently Asked Questions | Explore Thoraipakkam Rental Network","Contact Verified Property Owners","https://www.chennairents.in/chennai/thoraipakkam","https://www.chennairents.in/chennai/thoraipakkam; https://www.chennairents.in/chennai/rentals","Targets specific long-tail intent for 2 BHK in Thoraipakkam; canonical isolated from base hub","BreadcrumbList, RealEstateListing, FAQPage","GCC, CMWSSB, CMRL, Ground-truth local audit","Pass / Verified","SEO QA Lead / 2026-10-05"
"https://www.chennairents.in/chennai/thoraipakkam/3bhk-flats-for-rent-in-thoraipakkam","Locality Facet / Typology","3bhk flats for rent in thoraipakkam","Transactional","3 bhk thoraipakkam; verified 3bhk flats for rent in thoraipakkam; owner direct 3bhk flats for rent in thoraipakkam; 3bhk flats for rent in thoraipakkam price deposit","Thoraipakkam","3 BHK","https://www.chennairents.in/chennai/thoraipakkam/3bhk-flats-for-rent-in-thoraipakkam","Index, Follow","3BHK Flats for Rent in Thoraipakkam | Gated Communities","Discover spacious 3BHK rental apartments in Thoraipakkam. Gated communities with power backup, 2 covered car parking bays, lift, and 24/7 security.","3BHK Flats for Rent in Thoraipakkam, Chennai","Thoraipakkam Micro-Market Hubs & Streets | Current Rental Market Benchmarks in Thoraipakkam | Monsoon Resilience & Water Reality | Frequently Asked Questions | Explore Thoraipakkam Rental Network","Contact Verified Property Owners","https://www.chennairents.in/chennai/thoraipakkam","https://www.chennairents.in/chennai/thoraipakkam; https://www.chennairents.in/chennai/rentals","Targets specific long-tail intent for 3 BHK in Thoraipakkam; canonical isolated from base hub","BreadcrumbList, RealEstateListing, FAQPage","GCC, CMWSSB, CMRL, Ground-truth local audit","Pass / Verified","SEO QA Lead / 2026-10-05"
"https://www.chennairents.in/chennai/thoraipakkam/1bhk-flats-for-bachelors-in-thoraipakkam","Locality Facet / Typology","1bhk flats for bachelors in thoraipakkam","Transactional","1 bhk thoraipakkam; verified 1bhk flats for bachelors in thoraipakkam; owner direct 1bhk flats for bachelors in thoraipakkam; 1bhk flats for bachelors in thoraipakkam price deposit","Thoraipakkam","1 BHK","https://www.chennairents.in/chennai/thoraipakkam/1bhk-flats-for-bachelors-in-thoraipakkam","Index, Follow","1BHK Flats for Bachelors in Thoraipakkam | Near OMR Tech Parks","Find bachelor-friendly 1BHK flats for rent in Thoraipakkam. Verified owners, zero curfew restrictions, and 5-minute transit to ASV Suntech and BSR Tech Park.","1BHK Flats for Bachelors in Thoraipakkam, Chennai","Thoraipakkam Micro-Market Hubs & Streets | Current Rental Market Benchmarks in Thoraipakkam | Monsoon Resilience & Water Reality | Frequently Asked Questions | Explore Thoraipakkam Rental Network","Contact Verified Property Owners","https://www.chennairents.in/chennai/thoraipakkam","https://www.chennairents.in/chennai/thoraipakkam; https://www.chennairents.in/chennai/rentals","Targets specific long-tail intent for 1 BHK in Thoraipakkam; canonical isolated from base hub","BreadcrumbList, RealEstateListing, FAQPage","GCC, CMWSSB, CMRL, Ground-truth local audit","Pass / Verified","SEO QA Lead / 2026-10-05"
"https://www.chennairents.in/chennai/thoraipakkam/2bhk-flats-for-bachelors-in-thoraipakkam","Locality Facet / Typology","2bhk flats for bachelors in thoraipakkam","Transactional","2 bhk thoraipakkam; verified 2bhk flats for bachelors in thoraipakkam; owner direct 2bhk flats for bachelors in thoraipakkam; 2bhk flats for bachelors in thoraipakkam price deposit","Thoraipakkam","2 BHK","https://www.chennairents.in/chennai/thoraipakkam/2bhk-flats-for-bachelors-in-thoraipakkam","Index, Follow","2BHK Flats for Bachelors in Thoraipakkam | Share & Save Rent","Rent verified 2BHK flats for bachelors in Thoraipakkam. Split living costs with colleagues near OMR IT parks, restaurants, and bus stops.","2BHK Flats for Bachelors in Thoraipakkam, Chennai","Thoraipakkam Micro-Market Hubs & Streets | Current Rental Market Benchmarks in Thoraipakkam | Monsoon Resilience & Water Reality | Frequently Asked Questions | Explore Thoraipakkam Rental Network","Contact Verified Property Owners","https://www.chennairents.in/chennai/thoraipakkam","https://www.chennairents.in/chennai/thoraipakkam; https://www.chennairents.in/chennai/rentals","Targets specific long-tail intent for 2 BHK in Thoraipakkam; canonical isolated from base hub","BreadcrumbList, RealEstateListing, FAQPage","GCC, CMWSSB, CMRL, Ground-truth local audit","Pass / Verified","SEO QA Lead / 2026-10-05"
"https://www.chennairents.in/chennai/thoraipakkam/2bhk-flats-for-family-in-thoraipakkam","Locality Facet / Typology","2bhk flats for family in thoraipakkam","Transactional","2 bhk thoraipakkam; verified 2bhk flats for family in thoraipakkam; owner direct 2bhk flats for family in thoraipakkam; 2bhk flats for family in thoraipakkam price deposit","Thoraipakkam","2 BHK","https://www.chennairents.in/chennai/thoraipakkam/2bhk-flats-for-family-in-thoraipakkam","Index, Follow","2BHK Flats for Family in Thoraipakkam | Safe Residential Pockets","Safe and peaceful 2BHK family flats for rent in Thoraipakkam. Close to Ajeets School, AKG Hospital, parks, and daily grocery stores.","2BHK Flats for Family in Thoraipakkam, Chennai","Thoraipakkam Micro-Market Hubs & Streets | Current Rental Market Benchmarks in Thoraipakkam | Monsoon Resilience & Water Reality | Frequently Asked Questions | Explore Thoraipakkam Rental Network","Contact Verified Property Owners","https://www.chennairents.in/chennai/thoraipakkam","https://www.chennairents.in/chennai/thoraipakkam; https://www.chennairents.in/chennai/rentals","Targets specific long-tail intent for 2 BHK in Thoraipakkam; canonical isolated from base hub","BreadcrumbList, RealEstateListing, FAQPage","GCC, CMWSSB, CMRL, Ground-truth local audit","Pass / Verified","SEO QA Lead / 2026-10-05"
"https://www.chennairents.in/chennai/thoraipakkam/3bhk-flats-for-family-in-thoraipakkam","Locality Facet / Typology","3bhk flats for family in thoraipakkam","Transactional","3 bhk thoraipakkam; verified 3bhk flats for family in thoraipakkam; owner direct 3bhk flats for family in thoraipakkam; 3bhk flats for family in thoraipakkam price deposit","Thoraipakkam","3 BHK","https://www.chennairents.in/chennai/thoraipakkam/3bhk-flats-for-family-in-thoraipakkam","Index, Follow","3BHK Flats for Family in Thoraipakkam | Gated Societies & Parking","Find spacious 3BHK family flats in Thoraipakkam. Dedicated car parking, lifts, power backup, and quiet residential streets near Radial Road.","3BHK Flats for Family in Thoraipakkam, Chennai","Thoraipakkam Micro-Market Hubs & Streets | Current Rental Market Benchmarks in Thoraipakkam | Monsoon Resilience & Water Reality | Frequently Asked Questions | Explore Thoraipakkam Rental Network","Contact Verified Property Owners","https://www.chennairents.in/chennai/thoraipakkam","https://www.chennairents.in/chennai/thoraipakkam; https://www.chennairents.in/chennai/rentals","Targets specific long-tail intent for 3 BHK in Thoraipakkam; canonical isolated from base hub","BreadcrumbList, RealEstateListing, FAQPage","GCC, CMWSSB, CMRL, Ground-truth local audit","Pass / Verified","SEO QA Lead / 2026-10-05"
"https://www.chennairents.in/chennai/thoraipakkam/flats-for-bachelors-in-thoraipakkam","Locality Facet / Typology","flats for bachelors in thoraipakkam","Transactional","bachelor friendly rentals thoraipakkam; verified flats for bachelors in thoraipakkam; owner direct flats for bachelors in thoraipakkam; flats for bachelors in thoraipakkam price deposit","Thoraipakkam","Bachelor Friendly Rentals","https://www.chennairents.in/chennai/thoraipakkam/flats-for-bachelors-in-thoraipakkam","Index, Follow","Flats for Bachelors in Thoraipakkam | 100% Bachelor Verified","Explore bachelor flats for rent in Thoraipakkam across 1RK, 1BHK, 2BHK, and 3BHK options. Transparent agreements, minimal paperwork, and transit access.","Flats for Bachelors in Thoraipakkam, Chennai","Thoraipakkam Micro-Market Hubs & Streets | Current Rental Market Benchmarks in Thoraipakkam | Monsoon Resilience & Water Reality | Frequently Asked Questions | Explore Thoraipakkam Rental Network","Contact Verified Property Owners","https://www.chennairents.in/chennai/thoraipakkam","https://www.chennairents.in/chennai/thoraipakkam; https://www.chennairents.in/chennai/rentals","Targets specific long-tail intent for Bachelor Friendly Rentals in Thoraipakkam; canonical isolated from base hub","BreadcrumbList, RealEstateListing, FAQPage","GCC, CMWSSB, CMRL, Ground-truth local audit","Pass / Verified","SEO QA Lead / 2026-10-05"
"https://www.chennairents.in/chennai/thoraipakkam/flats-for-family-in-thoraipakkam","Locality Facet / Typology","flats for family in thoraipakkam","Transactional","family rentals thoraipakkam; verified flats for family in thoraipakkam; owner direct flats for family in thoraipakkam; flats for family in thoraipakkam price deposit","Thoraipakkam","Family Rentals","https://www.chennairents.in/chennai/thoraipakkam/flats-for-family-in-thoraipakkam","Index, Follow","Family Flats for Rent in Thoraipakkam | Peaceful Living","Rent verified family apartments in Thoraipakkam, Chennai. Dependable water supply, broad residential cross-streets, reputable schools, and community security.","Flats for Family in Thoraipakkam, Chennai","Thoraipakkam Micro-Market Hubs & Streets | Current Rental Market Benchmarks in Thoraipakkam | Monsoon Resilience & Water Reality | Frequently Asked Questions | Explore Thoraipakkam Rental Network","Contact Verified Property Owners","https://www.chennairents.in/chennai/thoraipakkam","https://www.chennairents.in/chennai/thoraipakkam; https://www.chennairents.in/chennai/rentals","Targets specific long-tail intent for Family Rentals in Thoraipakkam; canonical isolated from base hub","BreadcrumbList, RealEstateListing, FAQPage","GCC, CMWSSB, CMRL, Ground-truth local audit","Pass / Verified","SEO QA Lead / 2026-10-05"
"https://www.chennairents.in/chennai/thoraipakkam/co-living-in-thoraipakkam","Locality Facet / Typology","co living in thoraipakkam","Transactional","co-living thoraipakkam; verified co living in thoraipakkam; owner direct co living in thoraipakkam; co living in thoraipakkam price deposit","Thoraipakkam","Co-Living","https://www.chennairents.in/chennai/thoraipakkam/co-living-in-thoraipakkam","Index, Follow","Co-Living Spaces in Thoraipakkam | Managed Tech Stays","Modern co-living accommodations in Thoraipakkam. High-speed Wi-Fi, daily housekeeping, food options, and flexible month-to-month leases near ASV Suntech.","Co-Living Spaces in Thoraipakkam, Chennai","Thoraipakkam Micro-Market Hubs & Streets | Current Rental Market Benchmarks in Thoraipakkam | Monsoon Resilience & Water Reality | Frequently Asked Questions | Explore Thoraipakkam Rental Network","Contact Verified Property Owners","https://www.chennairents.in/chennai/thoraipakkam","https://www.chennairents.in/chennai/thoraipakkam; https://www.chennairents.in/chennai/rentals","Targets specific long-tail intent for Co-Living in Thoraipakkam; canonical isolated from base hub","BreadcrumbList, RealEstateListing, FAQPage","GCC, CMWSSB, CMRL, Ground-truth local audit","Pass / Verified","SEO QA Lead / 2026-10-05"
"https://www.chennairents.in/chennai/thoraipakkam/pg-for-men-in-thoraipakkam","Locality Facet / Typology","pg for men in thoraipakkam","Transactional","pg for men thoraipakkam; verified pg for men in thoraipakkam; owner direct pg for men in thoraipakkam; pg for men in thoraipakkam price deposit","Thoraipakkam","PG for Men","https://www.chennairents.in/chennai/thoraipakkam/pg-for-men-in-thoraipakkam","Index, Follow","PG for Men in Thoraipakkam Chennai | Food, AC & WiFi Included","Top gents PG and hostels in Thoraipakkam near OMR and 200 Feet Radial Road. Wholesome South & North Indian food, AC rooms, and bike parking.","PG for Men in Thoraipakkam, Chennai","Thoraipakkam Micro-Market Hubs & Streets | Current Rental Market Benchmarks in Thoraipakkam | Monsoon Resilience & Water Reality | Frequently Asked Questions | Explore Thoraipakkam Rental Network","Contact Verified Property Owners","https://www.chennairents.in/chennai/thoraipakkam","https://www.chennairents.in/chennai/thoraipakkam; https://www.chennairents.in/chennai/rentals","Targets specific long-tail intent for PG for Men in Thoraipakkam; canonical isolated from base hub","BreadcrumbList, RealEstateListing, FAQPage","GCC, CMWSSB, CMRL, Ground-truth local audit","Pass / Verified","SEO QA Lead / 2026-10-05"
"https://www.chennairents.in/chennai/thoraipakkam/pg-for-women-in-thoraipakkam","Locality Facet / Typology","pg for women in thoraipakkam","Transactional","pg for women thoraipakkam; verified pg for women in thoraipakkam; owner direct pg for women in thoraipakkam; pg for women in thoraipakkam price deposit","Thoraipakkam","PG for Women","https://www.chennairents.in/chennai/thoraipakkam/pg-for-women-in-thoraipakkam","Index, Follow","Safe PG for Women in Thoraipakkam | Secure Ladies Hostels","Safe, verified ladies PGs and women's hostels in Thoraipakkam. Biometric entry, resident warden, home-style food, AC, and Wi-Fi near OMR IT parks.","PG for Women in Thoraipakkam, Chennai","Thoraipakkam Micro-Market Hubs & Streets | Current Rental Market Benchmarks in Thoraipakkam | Monsoon Resilience & Water Reality | Frequently Asked Questions | Explore Thoraipakkam Rental Network","Contact Verified Property Owners","https://www.chennairents.in/chennai/thoraipakkam","https://www.chennairents.in/chennai/thoraipakkam; https://www.chennairents.in/chennai/rentals","Targets specific long-tail intent for PG for Women in Thoraipakkam; canonical isolated from base hub","BreadcrumbList, RealEstateListing, FAQPage","GCC, CMWSSB, CMRL, Ground-truth local audit","Pass / Verified","SEO QA Lead / 2026-10-05"
"https://www.chennairents.in/chennai/thoraipakkam/independent-houses-for-rent-in-thoraipakkam","Locality Facet / Typology","independent houses for rent in thoraipakkam","Transactional","independent house / villa thoraipakkam; verified independent houses for rent in thoraipakkam; owner direct independent houses for rent in thoraipakkam; independent houses for rent in thoraipakkam price deposit","Thoraipakkam","Independent House / Villa","https://www.chennairents.in/chennai/thoraipakkam/independent-houses-for-rent-in-thoraipakkam","Index, Follow","Independent Houses for Rent in Thoraipakkam | Private Villas","Discover independent houses, private villas, and row houses for rent in Thoraipakkam. Enjoy private car porches, exclusive terraces, and quiet yards.","Independent Houses for Rent in Thoraipakkam, Chennai","Thoraipakkam Micro-Market Hubs & Streets | Current Rental Market Benchmarks in Thoraipakkam | Monsoon Resilience & Water Reality | Frequently Asked Questions | Explore Thoraipakkam Rental Network","Contact Verified Property Owners","https://www.chennairents.in/chennai/thoraipakkam","https://www.chennairents.in/chennai/thoraipakkam; https://www.chennairents.in/chennai/rentals","Targets specific long-tail intent for Independent House / Villa in Thoraipakkam; canonical isolated from base hub","BreadcrumbList, RealEstateListing, FAQPage","GCC, CMWSSB, CMRL, Ground-truth local audit","Pass / Verified","SEO QA Lead / 2026-10-05"
"https://www.chennairents.in/chennai/thoraipakkam/furnished-flats-for-rent-in-thoraipakkam","Locality Facet / Typology","furnished flats for rent in thoraipakkam","Transactional","furnished flats thoraipakkam; verified furnished flats for rent in thoraipakkam; owner direct furnished flats for rent in thoraipakkam; furnished flats for rent in thoraipakkam price deposit","Thoraipakkam","Furnished Flats","https://www.chennairents.in/chennai/thoraipakkam/furnished-flats-for-rent-in-thoraipakkam","Index, Follow","Fully Furnished Flats for Rent in Thoraipakkam | Move-in Ready","Move-in ready fully furnished flats for rent in Thoraipakkam. Fitted with ACs, modular kitchens, beds, sofas, TV, and premium appliances near OMR.","Furnished Flats for Rent in Thoraipakkam, Chennai","Thoraipakkam Micro-Market Hubs & Streets | Current Rental Market Benchmarks in Thoraipakkam | Monsoon Resilience & Water Reality | Frequently Asked Questions | Explore Thoraipakkam Rental Network","Contact Verified Property Owners","https://www.chennairents.in/chennai/thoraipakkam","https://www.chennairents.in/chennai/thoraipakkam; https://www.chennairents.in/chennai/rentals","Targets specific long-tail intent for Furnished Flats in Thoraipakkam; canonical isolated from base hub","BreadcrumbList, RealEstateListing, FAQPage","GCC, CMWSSB, CMRL, Ground-truth local audit","Pass / Verified","SEO QA Lead / 2026-10-05"
"https://www.chennairents.in/chennai/thoraipakkam/flats-for-rent-under-10000-in-thoraipakkam","Locality Facet / Typology","flats for rent under 10000 in thoraipakkam","Transactional","flats under ₹10,000 thoraipakkam; verified flats for rent under 10000 in thoraipakkam; owner direct flats for rent under 10000 in thoraipakkam; flats for rent under 10000 in thoraipakkam price deposit","Thoraipakkam","Flats Under ₹10,000","https://www.chennairents.in/chennai/thoraipakkam/flats-for-rent-under-10000-in-thoraipakkam","Index, Follow","Flats for Rent Under ₹10,000 in Thoraipakkam | Budget Units","Find budget rooms, 1RK studios, and compact flats for rent under ₹10,000 per month in Thoraipakkam. Verified listings near bus and tech hubs.","Flats for Rent Under ₹10,000 in Thoraipakkam, Chennai","Thoraipakkam Micro-Market Hubs & Streets | Current Rental Market Benchmarks in Thoraipakkam | Monsoon Resilience & Water Reality | Frequently Asked Questions | Explore Thoraipakkam Rental Network","Contact Verified Property Owners","https://www.chennairents.in/chennai/thoraipakkam","https://www.chennairents.in/chennai/thoraipakkam; https://www.chennairents.in/chennai/rentals","Targets specific long-tail intent for Flats Under ₹10,000 in Thoraipakkam; canonical isolated from base hub","BreadcrumbList, RealEstateListing, FAQPage","GCC, CMWSSB, CMRL, Ground-truth local audit","Pass / Verified","SEO QA Lead / 2026-10-05"
"https://www.chennairents.in/chennai/thoraipakkam/flats-for-rent-under-15000-in-thoraipakkam","Locality Facet / Typology","flats for rent under 15000 in thoraipakkam","Transactional","flats under ₹15,000 thoraipakkam; verified flats for rent under 15000 in thoraipakkam; owner direct flats for rent under 15000 in thoraipakkam; flats for rent under 15000 in thoraipakkam price deposit","Thoraipakkam","Flats Under ₹15,000","https://www.chennairents.in/chennai/thoraipakkam/flats-for-rent-under-15000-in-thoraipakkam","Index, Follow","Flats for Rent Under ₹15,000 in Thoraipakkam | 1BHKs & Studios","Discover rental apartments under ₹15,000 in Thoraipakkam. Quality 1RK studios and compact 1BHK builder floors near OMR and Radial Road.","Flats for Rent Under ₹15,000 in Thoraipakkam, Chennai","Thoraipakkam Micro-Market Hubs & Streets | Current Rental Market Benchmarks in Thoraipakkam | Monsoon Resilience & Water Reality | Frequently Asked Questions | Explore Thoraipakkam Rental Network","Contact Verified Property Owners","https://www.chennairents.in/chennai/thoraipakkam","https://www.chennairents.in/chennai/thoraipakkam; https://www.chennairents.in/chennai/rentals","Targets specific long-tail intent for Flats Under ₹15,000 in Thoraipakkam; canonical isolated from base hub","BreadcrumbList, RealEstateListing, FAQPage","GCC, CMWSSB, CMRL, Ground-truth local audit","Pass / Verified","SEO QA Lead / 2026-10-05"
"https://www.chennairents.in/chennai/thoraipakkam/flats-for-rent-under-20000-in-thoraipakkam","Locality Facet / Typology","flats for rent under 20000 in thoraipakkam","Transactional","flats under ₹20,000 thoraipakkam; verified flats for rent under 20000 in thoraipakkam; owner direct flats for rent under 20000 in thoraipakkam; flats for rent under 20000 in thoraipakkam price deposit","Thoraipakkam","Flats Under ₹20,000","https://www.chennairents.in/chennai/thoraipakkam/flats-for-rent-under-20000-in-thoraipakkam","Index, Follow","Flats for Rent Under ₹20,000 in Thoraipakkam | Prime 1BHKs & 2BHKs","Browse rental apartments under ₹20,000 in Thoraipakkam. Modern 1BHK flats and budget 2BHK builder floors with reliable water supply and transit access.","Flats for Rent Under ₹20,000 in Thoraipakkam, Chennai","Thoraipakkam Micro-Market Hubs & Streets | Current Rental Market Benchmarks in Thoraipakkam | Monsoon Resilience & Water Reality | Frequently Asked Questions | Explore Thoraipakkam Rental Network","Contact Verified Property Owners","https://www.chennairents.in/chennai/thoraipakkam","https://www.chennairents.in/chennai/thoraipakkam; https://www.chennairents.in/chennai/rentals","Targets specific long-tail intent for Flats Under ₹20,000 in Thoraipakkam; canonical isolated from base hub","BreadcrumbList, RealEstateListing, FAQPage","GCC, CMWSSB, CMRL, Ground-truth local audit","Pass / Verified","SEO QA Lead / 2026-10-05"
"https://www.chennairents.in/guides/advance-deposit-chennai","Editorial Guide","advance deposit chennai","Informational","chennai renting guide advance deposit chennai; rental checklist chennai; tenant rules chennai 2026","Chennai (City-wide)","All Residential","https://www.chennairents.in/guides/advance-deposit-chennai","Index, Follow","Advance Deposit in Chennai: 10 Months Norm, Negotiation & Your Rights | Chennai Rents","The biggest shock for anyone moving to Chennai from Bangalore, Hyderabad, or Mumbai is the advance deposit. While landlords start the conversation at 10 months, almost nobody actually pays 10 months anymore.","Advance Deposit in Chennai: 10 Months Norm","1. Why do Chennai landlords ask for 10 months? | 2. What the Law Actually Says (Tamil Nadu Tenancy Act) | 3. How to Negotiate Down to 4 to 6 Months (Step-by-Step) | 4. The Painting & Maintenance Trap When Vacating | 5. Pre-Deposit House-Hunting Checklist","Read Rental Insights & Checklist","https://www.chennairents.in/guides","https://www.chennairents.in/guides; https://www.chennairents.in/chennai/rentals","Long-form editorial guide addressing legal/procedural renting questions","WebPage, BreadcrumbList","Tamil Nadu Regulation of Rights and Responsibilities of Landlords and Tenants Act (TNRRRL), CMWSSB","Pass / Verified","SEO QA Lead / 2026-10-05"
"https://www.chennairents.in/guides/tenant-rules-chennai","Editorial Guide","tenant rules chennai","Informational","chennai renting guide tenant rules chennai; rental checklist chennai; tenant rules chennai 2026","Chennai (City-wide)","All Residential","https://www.chennairents.in/guides/tenant-rules-chennai","Index, Follow","Rental Agreement & Tenant Rules in Chennai: What You Must Sign & What to Refuse | Chennai Rents","Signing a rental agreement in Chennai is often treated like a formality on a ₹100 stamp paper. Here are the 5 clauses you must review before signing.","Rental Agreement & Tenant Rules in Chennai: What You Must Sign & What to Refuse","1. The 11-Month Convention vs Stamp Paper Duty | 2. Notice Period & Lock-in Clauses | 3. Annual Rent Escalation Norms | 4. Major vs Minor Maintenance Responsibilities | Frequently Asked Questions","Read Rental Insights & Checklist","https://www.chennairents.in/guides","https://www.chennairents.in/guides; https://www.chennairents.in/chennai/rentals","Long-form editorial guide addressing legal/procedural renting questions","WebPage, BreadcrumbList","Tamil Nadu Regulation of Rights and Responsibilities of Landlords and Tenants Act (TNRRRL), CMWSSB","Pass / Verified","SEO QA Lead / 2026-10-05"
"https://www.chennairents.in/guides/how-to-write-rental-listing","Editorial Guide","how to write rental listing","Informational","chennai renting guide how to write rental listing; rental checklist chennai; tenant rules chennai 2026","Chennai (City-wide)","All Residential","https://www.chennairents.in/guides/how-to-write-rental-listing","Index, Follow","How to Write a Chennai Rental Listing That Attracts Serious Tenants | Chennai Rents","A vague rental listing gets dozens of calls asking the same basic questions: Is there Metro water? Is car parking covered? Can bachelors stay? Writing a descriptive, transparent listing saves hours and attracts respectful, credit-worthy tenants.","How to Write a Chennai Rental Listing That Attracts Serious Tenants","1. The 5 Crucial Chennai Data Points Every Tenant Searches For | 2. High-Converting Headline Formula | 3. Photography Checklist: Daylight Over Wide-Angle Lenses | 4. Respectful Tenant Preference Framing | Frequently Asked Questions","Read Rental Insights & Checklist","https://www.chennairents.in/guides","https://www.chennairents.in/guides; https://www.chennairents.in/chennai/rentals","Long-form editorial guide addressing legal/procedural renting questions","WebPage, BreadcrumbList","Tamil Nadu Regulation of Rights and Responsibilities of Landlords and Tenants Act (TNRRRL), CMWSSB","Pass / Verified","SEO QA Lead / 2026-10-05"
"https://www.chennairents.in/guides/checklist-rental-advance","Editorial Guide","checklist rental advance","Informational","chennai renting guide checklist rental advance; rental checklist chennai; tenant rules chennai 2026","Chennai (City-wide)","All Residential","https://www.chennairents.in/guides/checklist-rental-advance","Index, Follow","Checklist Before Paying Rental Advance in Chennai: 10 Critical Checks | Chennai Rents","Paying a rental advance in Chennai is often treated like a hasty informal transaction. Once money changes hands, resolving water problems or claiming refunds becomes exhausting. Use this 10-point checklist before signing or transferring funds.","Checklist Before Paying Rental Advance in Chennai: 10 Critical Checks","1. Electricity Bill (TANGEDCO) Arrears Verification | 2. Water Supply Source & Summer Tanker Protocol | 3. Plinth Level & Cyclone Water Stagnation History | 4. Legal Proof of Ownership | 5. The Token Advance Receipt Clause","Read Rental Insights & Checklist","https://www.chennairents.in/guides","https://www.chennairents.in/guides; https://www.chennairents.in/chennai/rentals","Long-form editorial guide addressing legal/procedural renting questions","WebPage, BreadcrumbList","Tamil Nadu Regulation of Rights and Responsibilities of Landlords and Tenants Act (TNRRRL), CMWSSB","Pass / Verified","SEO QA Lead / 2026-10-05"
"https://www.chennairents.in/guides/how-to-list-flat-directly","Editorial Guide","how to list flat directly","Informational","chennai renting guide how to list flat directly; rental checklist chennai; tenant rules chennai 2026","Chennai (City-wide)","All Residential","https://www.chennairents.in/guides/how-to-list-flat-directly","Index, Follow","How to List a Flat Directly Without a Broker in Chennai | Chennai Rents","Paying a full month rent as brokerage (₹20,000 to ₹40,000+) to a neighborhood middleman who simply opens the door twice is obsolete. In 2026, digital direct listing connects you directly with verified tenants.","How to List a Flat Directly Without a Broker in Chennai","1. Benchmark Your Property Against Real Closed Rents | 2. Prepare the Home for Immediate Move-in | 3. Professional Tenant Screening on WhatsApp | 4. Executing the 11-Month Lease Agreement | Frequently Asked Questions","Read Rental Insights & Checklist","https://www.chennairents.in/guides","https://www.chennairents.in/guides; https://www.chennairents.in/chennai/rentals","Long-form editorial guide addressing legal/procedural renting questions","WebPage, BreadcrumbList","Tamil Nadu Regulation of Rights and Responsibilities of Landlords and Tenants Act (TNRRRL), CMWSSB","Pass / Verified","SEO QA Lead / 2026-10-05"
"https://www.chennairents.in/guides/how-to-negotiate-rent","Editorial Guide","how to negotiate rent","Informational","chennai renting guide how to negotiate rent; rental checklist chennai; tenant rules chennai 2026","Chennai (City-wide)","All Residential","https://www.chennairents.in/guides/how-to-negotiate-rent","Index, Follow","How to Negotiate Rent in Chennai Using Local Locality Data | Chennai Rents","Brokers and owners often start with inflated asking prices to test the waters. By walking into conversations armed with empirical data on closed rent rates, water tanker expenses, and parking reality, you can comfortably negotiate 8% to 15% off the asking rent.","How to Negotiate Rent in Chennai Using Local Locality Data","1. Counter the ""Anchor Price"" with Median Locality Figures | 2. The Deposit vs Rent Trade-Off | 3. Factoring in Hidden Utility & Water Expenses | 4. Navigating the Annual 11-Month Renewal Hike | Frequently Asked Questions","Read Rental Insights & Checklist","https://www.chennairents.in/guides","https://www.chennairents.in/guides; https://www.chennairents.in/chennai/rentals","Long-form editorial guide addressing legal/procedural renting questions","WebPage, BreadcrumbList","Tamil Nadu Regulation of Rights and Responsibilities of Landlords and Tenants Act (TNRRRL), CMWSSB","Pass / Verified","SEO QA Lead / 2026-10-05"
"https://www.chennairents.in/guides/how-to-price-flat-fairly","Editorial Guide","how to price flat fairly","Informational","chennai renting guide how to price flat fairly; rental checklist chennai; tenant rules chennai 2026","Chennai (City-wide)","All Residential","https://www.chennairents.in/guides/how-to-price-flat-fairly","Index, Follow","How to Price a Chennai Property Fairly for Rent: Landlord Valuation Guide | Chennai Rents","Holding out for an extra ₹2,000 per month while your flat sits vacant for three months costs you ₹60,000 to ₹90,000 in permanent cash-flow loss. Learn how to calculate fair market rent that attracts stable, long-term tenants.","How to Price a Chennai Property Fairly for Rent: Landlord Valuation Guide","1. The Math Behind the 2-Month Vacancy Trap | 2. Valuation Premiums: What Tenants Actually Pay More For | 3. Semi-Furnished vs Fully-Furnished Premiums | Frequently Asked Questions","Read Rental Insights & Checklist","https://www.chennairents.in/guides","https://www.chennairents.in/guides; https://www.chennairents.in/chennai/rentals","Long-form editorial guide addressing legal/procedural renting questions","WebPage, BreadcrumbList","Tamil Nadu Regulation of Rights and Responsibilities of Landlords and Tenants Act (TNRRRL), CMWSSB","Pass / Verified","SEO QA Lead / 2026-10-05"
"https://www.chennairents.in/guides/best-chennai-areas","Editorial Guide","best chennai areas","Informational","chennai renting guide best chennai areas; rental checklist chennai; tenant rules chennai 2026","Chennai (City-wide)","All Residential","https://www.chennairents.in/guides/best-chennai-areas","Index, Follow","Best Chennai Areas for Bachelors, Families, and IT Workers: 2026 Edition | Chennai Rents","Chennai is not a single rental market: it is an archipelago of distinctive residential micro-climates. Choosing the wrong locality can mean two hours in traffic on GST Road or paying ₹2,000 monthly for private water tankers. Here is where you should live based on your life stage.","Best Chennai Areas for Bachelors","1. For IT & Tech Professionals (Tidel Park, OMR, Guindy, DLF Porur) | 2. For Families with School-Going Children | 3. For Bachelors & Single Working Professionals | Frequently Asked Questions","Read Rental Insights & Checklist","https://www.chennairents.in/guides","https://www.chennairents.in/guides; https://www.chennairents.in/chennai/rentals","Long-form editorial guide addressing legal/procedural renting questions","WebPage, BreadcrumbList","Tamil Nadu Regulation of Rights and Responsibilities of Landlords and Tenants Act (TNRRRL), CMWSSB","Pass / Verified","SEO QA Lead / 2026-10-05"
"https://www.chennairents.in/guides/broker-fee-vs-direct-owner","Editorial Guide","broker fee vs direct owner","Informational","chennai renting guide broker fee vs direct owner; rental checklist chennai; tenant rules chennai 2026","Chennai (City-wide)","All Residential","https://www.chennairents.in/guides/broker-fee-vs-direct-owner","Index, Follow","Broker Fees vs Direct-Owner Rentals in Chennai: Real Cost Comparison | Chennai Rents","In Chennai, traditional property brokers charge one full month rent from the tenant and one month rent from the landlord. On a ₹25,000 per month flat, that is ₹50,000 extracted from the transaction for opening a door. Here is how direct leasing protects your capital.","Broker Fees vs Direct-Owner Rentals in Chennai: Real Cost Comparison","1. The Real Cost Breakdown on a 2-Year Lease | 2. The Hidden Conflicts of Interest with Agents | 3. How to Connect Safely with Direct Owners | Frequently Asked Questions","Read Rental Insights & Checklist","https://www.chennairents.in/guides","https://www.chennairents.in/guides; https://www.chennairents.in/chennai/rentals","Long-form editorial guide addressing legal/procedural renting questions","WebPage, BreadcrumbList","Tamil Nadu Regulation of Rights and Responsibilities of Landlords and Tenants Act (TNRRRL), CMWSSB","Pass / Verified","SEO QA Lead / 2026-10-05"
"https://www.chennairents.in/guides/cost-of-living-chennai-2026","Editorial Guide","cost of living chennai 2026","Informational","chennai renting guide cost of living chennai 2026; rental checklist chennai; tenant rules chennai 2026","Chennai (City-wide)","All Residential","https://www.chennairents.in/guides/cost-of-living-chennai-2026","Index, Follow","Cost of Living in Chennai 2026: Rent, Utilities, Food & Commute | Chennai Rents","Compared to Bengaluru and Mumbai, Chennai offers high quality of life at 25% to 40% lower monthly living expenses. Here is the realistic month-by-month financial breakdown for bachelors, couples, and families in 2026.","Cost of Living in Chennai 2026: Rent","1. Monthly Budget Tiers for Chennai Residents | 2. Electricity & AC Tariff Reality in Chennai Climate | 3. Commute Cost Optimizations | Frequently Asked Questions","Read Rental Insights & Checklist","https://www.chennairents.in/guides","https://www.chennairents.in/guides; https://www.chennairents.in/chennai/rentals","Long-form editorial guide addressing legal/procedural renting questions","WebPage, BreadcrumbList","Tamil Nadu Regulation of Rights and Responsibilities of Landlords and Tenants Act (TNRRRL), CMWSSB","Pass / Verified","SEO QA Lead / 2026-10-05"
"https://www.chennairents.in/guides/no-deposit-flats-chennai","Editorial Guide","no deposit flats chennai","Informational","chennai renting guide no deposit flats chennai; rental checklist chennai; tenant rules chennai 2026","Chennai (City-wide)","All Residential","https://www.chennairents.in/guides/no-deposit-flats-chennai","Index, Follow","Low Deposit & Zero Brokerage Flats in Chennai: What You Must Know | Chennai Rents","The 10-month rental advance is the biggest financial friction in Chennai. Discover how modern tenants are successfully securing 2 to 4-month deposit arrangements and how to avoid fraudulent ""zero deposit"" rental traps.","Low Deposit & Zero Brokerage Flats in Chennai: What You Must Know","1. What Tamil Nadu Tenancy Law Actually Mandates | 2. Legitimate Pathways to Low-Deposit Rentals in Chennai | 3. Red Flags: Avoiding Fake ""Zero Deposit"" Scams | Frequently Asked Questions","Read Rental Insights & Checklist","https://www.chennairents.in/guides","https://www.chennairents.in/guides; https://www.chennairents.in/chennai/rentals","Long-form editorial guide addressing legal/procedural renting questions","WebPage, BreadcrumbList","Tamil Nadu Regulation of Rights and Responsibilities of Landlords and Tenants Act (TNRRRL), CMWSSB","Pass / Verified","SEO QA Lead / 2026-10-05"
"https://www.chennairents.in/stories/gated-vs-standalone","General","gated vs standalone","Informational","chennai rents gated vs standalone","Chennai (City-wide)","All Residential","https://www.chennairents.in/stories/gated-vs-standalone","Index, Follow","Gated vs Standalone Rent Difference in Chennai | Chennai Rents","A quantitative analysis comparing the rental premium of gated communities versus standalone apartments in Chennai. Uncover how much extra tenants pay for diesel backup, security, and whether high monthly maintenance fees are worth it.","Gated vs Standalone Rent Difference in Chennai","1. The Price Premium: Gated vs Standalone | 2. The Reality of Maintenance Charges | 3. Water Resilience and DG Power Backup | 4. Making the Right Choice for Your Household | Frequently Asked Questions","Browse Verified Listings","https://www.chennairents.in","https://www.chennairents.in; https://www.chennairents.in/chennai/rentals","Distinct search query targeting","WebPage, BreadcrumbList","GCC, CMWSSB, CMRL, Ground-truth local audit","Pass / Verified","SEO QA Lead / 2026-10-05"
"https://www.chennairents.in/stories/localities-heating-up","General","localities heating up","Informational","chennai rents localities heating up","Chennai (City-wide)","All Residential","https://www.chennairents.in/stories/localities-heating-up","Index, Follow","Which Chennai Localities Are Heating Up? | Chennai Rents","Analyzing tenant-reported rent data reveals specific sub-markets in Chennai experiencing major demand surges. Explore high-growth rental corridors across Sholinganallur, Porur, Velachery, and Guindy.","Which Chennai Localities Are Heating Up?","1. The OMR Tech Corridor (Sholinganallur & Perungudi) | 2. The West Chennai Hub (Porur & Valasaravakkam) | 3. Transit-Oriented Hotspots (Velachery & Guindy) | 4. Strategic Guidance for Home Seekers | Frequently Asked Questions","Browse Verified Listings","https://www.chennairents.in","https://www.chennairents.in; https://www.chennairents.in/chennai/rentals","Distinct search query targeting","WebPage, BreadcrumbList","GCC, CMWSSB, CMRL, Ground-truth local audit","Pass / Verified","SEO QA Lead / 2026-10-05"
"https://www.chennairents.in/stories/metro-access-rent-premiums","General","metro access rent premiums","Informational","chennai rents metro access rent premiums","Chennai (City-wide)","All Residential","https://www.chennairents.in/stories/metro-access-rent-premiums","Index, Follow","Metro Access and Rent Premiums in Chennai | Chennai Rents","The rapid expansion of the Chennai Metro (CMRL) network has reshaped residential rents. We measure the exact rental premium of living within 1 km of a metro station and calculate whether the transit savings offset higher rent.","Metro Access and Rent Premiums in Chennai","1. The 1-Kilometer Walkability Radius | 2. Blue Line vs Green Line Price Differentials | 3. Do Monthly Transit Savings Justify the Rent Premium? | 4. Anticipating CMRL Phase II Corridors | Frequently Asked Questions","Browse Verified Listings","https://www.chennairents.in","https://www.chennairents.in; https://www.chennairents.in/chennai/rentals","Distinct search query targeting","WebPage, BreadcrumbList","GCC, CMWSSB, CMRL, Ground-truth local audit","Pass / Verified","SEO QA Lead / 2026-10-05"
"https://www.chennairents.in/stories/where-2bhk-moving-fastest","General","where 2bhk moving fastest","Informational","chennai rents where 2bhk moving fastest","Chennai (City-wide)","All Residential","https://www.chennairents.in/stories/where-2bhk-moving-fastest","Index, Follow","Where 2BHK Rents Are Moving Fastest in Chennai | Chennai Rents","The 2 BHK flat is Chennai primary rental benchmark for small families, roommates, and working professionals. Explore the suburban corridors where 2 BHK rents are rising fastest and how to benchmark fair market value.","Where 2BHK Rents Are Moving Fastest in Chennai","1. Velachery: The Core Commuter Benchmark | 2. Medavakkam: The Value-Driven Southern Alternative | 3. Sholinganallur: The IT Growth Center | 4. Protecting Yourself Against Arbitrary Renewal Hikes | Frequently Asked Questions","Browse Verified Listings","https://www.chennairents.in","https://www.chennairents.in; https://www.chennairents.in/chennai/rentals","Distinct search query targeting","WebPage, BreadcrumbList","GCC, CMWSSB, CMRL, Ground-truth local audit","Pass / Verified","SEO QA Lead / 2026-10-05"